<?xml version="1.0" encoding="UTF-8"?>
<alto xmlns="http://www.loc.gov/standards/alto/ns-v4#"
      xmlns:xsi="http://www.w3.org/2001/XMLSchema-instance"
      xmlns:tei="http://www.tei-c.org/ns/1.0"
      xsi:schemaLocation="http://www.loc.gov/standards/alto/ns-v4# ../schema/alto.xsd">
   <Description>
      <MeasurementUnit>pixel</MeasurementUnit>
      <sourceImageInformation>
         <fileName>IRHT_P_008018.tif</fileName>
      </sourceImageInformation>
   </Description>
   <Layout>
      <Page ID="zone-page_IRHT_P_008018"
            PHYSICAL_IMG_NR="0"
            WIDTH="1279"
            HEIGHT="1773">
         <PrintSpace HPOS="0" VPOS="0" WIDTH="1279" HEIGHT="1773">
            <TextBlock HPOS="27"
                       VPOS="0"
                       WIDTH="1130"
                       HEIGHT="1774"
                       ID="zone-col_IRHT_P_008018_1">
               <Shape>
                  <Polygon POINTS="27,0 1157,0 1157,1774 27,1774"/>
               </Shape>
               <TextLine ID="zone-line_IRHT_P_008018_1-1"
                         BASELINE=""
                         HPOS="44"
                         VPOS="46"
                         WIDTH="1092"
                         HEIGHT="59">
                  <Shape>
                     <Polygon POINTS="44,46 1136,46 1136,105 44,105"/>
                  </Shape>
                  <String CONTENT="qvia largiente domino"
                          HPOS="44"
                          VPOS="46"
                          WIDTH="1092"
                          HEIGHT="59"/>
               </TextLine>
               <TextLine ID="zone-line_IRHT_P_008018_1-2"
                         BASELINE=""
                         HPOS="571"
                         VPOS="133"
                         WIDTH="559"
                         HEIGHT="48">
                  <Shape>
                     <Polygon POINTS="571,133 1130,133 1130,181 571,181"/>
                  </Shape>
                  <String CONTENT="missarum sollempnia ter"
                          HPOS="571"
                          VPOS="133"
                          WIDTH="559"
                          HEIGHT="48"/>
               </TextLine>
               <TextLine ID="zone-line_IRHT_P_008018_1-3"
                         BASELINE=""
                         HPOS="627"
                         VPOS="203"
                         WIDTH="509"
                         HEIGHT="60">
                  <Shape>
                     <Polygon POINTS="627,203 1136,203 1136,263 627,263"/>
                  </Shape>
                  <String CONTENT="hodie celebraturi sumus"
                          HPOS="627"
                          VPOS="203"
                          WIDTH="509"
                          HEIGHT="60"/>
               </TextLine>
               <TextLine ID="zone-line_IRHT_P_008018_1-4"
                         BASELINE=""
                         HPOS="660"
                         VPOS="283"
                         WIDTH="461"
                         HEIGHT="60">
                  <Shape>
                     <Polygon POINTS="660,283 1121,283 1121,343 660,343"/>
                  </Shape>
                  <String CONTENT="loqui diu de euange"
                          HPOS="660"
                          VPOS="283"
                          WIDTH="461"
                          HEIGHT="60"/>
               </TextLine>
               <TextLine ID="zone-line_IRHT_P_008018_1-5"
                         BASELINE=""
                         HPOS="665"
                         VPOS="364"
                         WIDTH="461"
                         HEIGHT="59">
                  <Shape>
                     <Polygon POINTS="665,364 1126,364 1126,423 665,423"/>
                  </Shape>
                  <String CONTENT="lica lectione non pos"
                          HPOS="665"
                          VPOS="364"
                          WIDTH="461"
                          HEIGHT="59"/>
               </TextLine>
               <TextLine ID="zone-line_IRHT_P_008018_1-6"
                         BASELINE=""
                         HPOS="632"
                         VPOS="445"
                         WIDTH="485"
                         HEIGHT="58">
                  <Shape>
                     <Polygon POINTS="632,445 1117,445 1117,503 632,503"/>
                  </Shape>
                  <String CONTENT="sumus sed nos aliquid"
                          HPOS="632"
                          VPOS="445"
                          WIDTH="485"
                          HEIGHT="58"/>
               </TextLine>
               <TextLine ID="zone-line_IRHT_P_008018_1-7"
                         BASELINE=""
                         HPOS="608"
                         VPOS="522"
                         WIDTH="514"
                         HEIGHT="64">
                  <Shape>
                     <Polygon POINTS="608,522 1122,522 1122,586 608,586"/>
                  </Shape>
                  <String CONTENT="uel breuiter dicere re"
                          HPOS="608"
                          VPOS="522"
                          WIDTH="514"
                          HEIGHT="64"/>
               </TextLine>
               <TextLine ID="zone-line_IRHT_P_008018_1-8"
                         BASELINE=""
                         HPOS="578"
                         VPOS="602"
                         WIDTH="544"
                         HEIGHT="62">
                  <Shape>
                     <Polygon POINTS="578,602 1122,602 1122,664 578,664"/>
                  </Shape>
                  <String CONTENT="demptoris nostri natiuitas"
                          HPOS="578"
                          VPOS="602"
                          WIDTH="544"
                          HEIGHT="62"/>
               </TextLine>
               <TextLine ID="zone-line_IRHT_P_008018_1-9"
                         BASELINE=""
                         HPOS="560"
                         VPOS="688"
                         WIDTH="582"
                         HEIGHT="59">
                  <Shape>
                     <Polygon POINTS="560,688 1142,688 1142,747 560,747"/>
                  </Shape>
                  <String CONTENT="ipsa compellit quid est quod"
                          HPOS="560"
                          VPOS="688"
                          WIDTH="582"
                          HEIGHT="59"/>
               </TextLine>
               <TextLine ID="zone-line_IRHT_P_008018_1-10"
                         BASELINE=""
                         HPOS="636"
                         VPOS="765"
                         WIDTH="515"
                         HEIGHT="61">
                  <Shape>
                     <Polygon POINTS="636,765 1151,765 1151,826 636,826"/>
                  </Shape>
                  <String CONTENT="nascituro domino mundus"
                          HPOS="636"
                          VPOS="765"
                          WIDTH="515"
                          HEIGHT="61"/>
               </TextLine>
               <TextLine ID="zone-line_IRHT_P_008018_1-11"
                         BASELINE=""
                         HPOS="740"
                         VPOS="848"
                         WIDTH="348"
                         HEIGHT="57">
                  <Shape>
                     <Polygon POINTS="740,848 1088,848 1088,905 740,905"/>
                  </Shape>
                  <String CONTENT="describitur nisi"
                          HPOS="740"
                          VPOS="848"
                          WIDTH="348"
                          HEIGHT="57"/>
               </TextLine>
               <TextLine ID="zone-line_IRHT_P_008018_1-12"
                         BASELINE=""
                         HPOS="73"
                         VPOS="932"
                         WIDTH="1067"
                         HEIGHT="60">
                  <Shape>
                     <Polygon POINTS="73,932 1140,932 1140,992 73,992"/>
                  </Shape>
                  <String CONTENT="hoc quod aperte monstratur quia ille ueni"
                          HPOS="73"
                          VPOS="932"
                          WIDTH="1067"
                          HEIGHT="60"/>
               </TextLine>
               <TextLine ID="zone-line_IRHT_P_008018_1-13"
                         BASELINE=""
                         HPOS="68"
                         VPOS="1014"
                         WIDTH="1043"
                         HEIGHT="60">
                  <Shape>
                     <Polygon POINTS="68,1014 1111,1014 1111,1074 68,1074"/>
                  </Shape>
                  <String CONTENT="ebat in carne qui electos suos ascriberet in ęterni"
                          HPOS="68"
                          VPOS="1014"
                          WIDTH="1043"
                          HEIGHT="60"/>
               </TextLine>
               <TextLine ID="zone-line_IRHT_P_008018_1-14"
                         BASELINE=""
                         HPOS="66"
                         VPOS="1098"
                         WIDTH="1062"
                         HEIGHT="60">
                  <Shape>
                     <Polygon POINTS="66,1098 1128,1098 1128,1158 66,1158"/>
                  </Shape>
                  <String CONTENT="tate cui contra de reprobis per prophetam dicitur"
                          HPOS="66"
                          VPOS="1098"
                          WIDTH="1062"
                          HEIGHT="60"/>
               </TextLine>
               <TextLine ID="zone-line_IRHT_P_008018_1-15"
                         BASELINE=""
                         HPOS="33"
                         VPOS="1179"
                         WIDTH="1104"
                         HEIGHT="59">
                  <Shape>
                     <Polygon POINTS="33,1179 1137,1179 1137,1238 33,1238"/>
                  </Shape>
                  <String CONTENT="deleantur de libro uiuentium et cum iustis non scri"
                          HPOS="33"
                          VPOS="1179"
                          WIDTH="1104"
                          HEIGHT="59"/>
               </TextLine>
               <TextLine ID="zone-line_IRHT_P_008018_1-16"
                         BASELINE=""
                         HPOS="70"
                         VPOS="1255"
                         WIDTH="1007"
                         HEIGHT="59">
                  <Shape>
                     <Polygon POINTS="70,1255 1077,1255 1077,1314 70,1314"/>
                  </Shape>
                  <String CONTENT="bantur qui bene etiam in bethleem nascitur"
                          HPOS="70"
                          VPOS="1255"
                          WIDTH="1007"
                          HEIGHT="59"/>
               </TextLine>
               <TextLine ID="zone-line_IRHT_P_008018_1-17"
                         BASELINE=""
                         HPOS="27"
                         VPOS="1332"
                         WIDTH="1074"
                         HEIGHT="61">
                  <Shape>
                     <Polygon POINTS="27,1332 1101,1332 1101,1393 27,1393"/>
                  </Shape>
                  <String CONTENT="bethleem quippe domus panis interpretatur ipse"
                          HPOS="27"
                          VPOS="1332"
                          WIDTH="1074"
                          HEIGHT="61"/>
               </TextLine>
               <TextLine ID="zone-line_IRHT_P_008018_1-18"
                         BASELINE=""
                         HPOS="66"
                         VPOS="1416"
                         WIDTH="1059"
                         HEIGHT="56">
                  <Shape>
                     <Polygon POINTS="66,1416 1125,1416 1125,1472 66,1472"/>
                  </Shape>
                  <String CONTENT="namque est qui ait ego sum panis uiuus qui de cęlo des"
                          HPOS="66"
                          VPOS="1416"
                          WIDTH="1059"
                          HEIGHT="56"/>
               </TextLine>
               <TextLine ID="zone-line_IRHT_P_008018_1-19"
                         BASELINE=""
                         HPOS="70"
                         VPOS="1489"
                         WIDTH="1072"
                         HEIGHT="60">
                  <Shape>
                     <Polygon POINTS="70,1489 1142,1489 1142,1549 70,1549"/>
                  </Shape>
                  <String CONTENT="cendi locus ergo in quo dominus nasceretur domus panis"
                          HPOS="70"
                          VPOS="1489"
                          WIDTH="1072"
                          HEIGHT="60"/>
               </TextLine>
               <TextLine ID="zone-line_IRHT_P_008018_1-20"
                         BASELINE=""
                         HPOS="61"
                         VPOS="1569"
                         WIDTH="1083"
                         HEIGHT="61">
                  <Shape>
                     <Polygon POINTS="61,1569 1144,1569 1144,1630 61,1630"/>
                  </Shape>
                  <String CONTENT="ante uocatus est quia futurum profecto erat ut ille"
                          HPOS="61"
                          VPOS="1569"
                          WIDTH="1083"
                          HEIGHT="61"/>
               </TextLine>
               <TextLine ID="zone-line_IRHT_P_008018_1-21"
                         BASELINE=""
                         HPOS="61"
                         VPOS="1647"
                         WIDTH="1055"
                         HEIGHT="71">
                  <Shape>
                     <Polygon POINTS="61,1647 1116,1647 1116,1718 61,1718"/>
                  </Shape>
                  <String CONTENT="ibi per materiam carnis appareret qui electorum mentes"
                          HPOS="61"
                          VPOS="1647"
                          WIDTH="1055"
                          HEIGHT="71"/>
               </TextLine>
               <TextLine ID="zone-line_IRHT_P_008018_1-22"
                         BASELINE=""
                         HPOS="62"
                         VPOS="1725"
                         WIDTH="1069"
                         HEIGHT="48">
                  <Shape>
                     <Polygon POINTS="62,1725 1131,1725 1131,1773 62,1773"/>
                  </Shape>
                  <String CONTENT="interna satietate reficeret qui non in parentum"
                          HPOS="62"
                          VPOS="1725"
                          WIDTH="1069"
                          HEIGHT="48"/>
               </TextLine>
            </TextBlock>
         </PrintSpace>
      </Page>
   </Layout>
</alto>
