<?xml version="1.0" encoding="UTF-8"?>
<alto xmlns="http://www.loc.gov/standards/alto/ns-v4#"
      xmlns:xsi="http://www.w3.org/2001/XMLSchema-instance"
      xmlns:tei="http://www.tei-c.org/ns/1.0"
      xsi:schemaLocation="http://www.loc.gov/standards/alto/ns-v4# ../schema/alto.xsd">
   <Description>
      <MeasurementUnit>pixel</MeasurementUnit>
      <sourceImageInformation>
         <fileName>IRHT_P_005020.tif</fileName>
      </sourceImageInformation>
   </Description>
   <Layout>
      <Page ID="zone-page_IRHT_P_005020"
            PHYSICAL_IMG_NR="0"
            WIDTH="1864"
            HEIGHT="1389">
         <PrintSpace HPOS="0" VPOS="0" WIDTH="1864" HEIGHT="1389">
            <TextBlock HPOS="81"
                       VPOS="46"
                       WIDTH="1739"
                       HEIGHT="1224"
                       ID="zone-col_IRHT_P_005020_1">
               <Shape>
                  <Polygon POINTS="81,46 1820,46 1820,1270 81,1270"/>
               </Shape>
               <TextLine ID="zone-line_IRHT_P_005020_1-1"
                         BASELINE=""
                         HPOS="169"
                         VPOS="182"
                         WIDTH="1648"
                         HEIGHT="73">
                  <Shape>
                     <Polygon POINTS="169,182 1817,182 1817,255 169,255"/>
                  </Shape>
                  <String CONTENT="sudario porrigitur ad altare quod sudarium ponitur in cornu alta"
                          HPOS="169"
                          VPOS="182"
                          WIDTH="1648"
                          HEIGHT="73"/>
               </TextLine>
               <TextLine ID="zone-line_IRHT_P_005020_1-2"
                         BASELINE=""
                         HPOS="178"
                         VPOS="275"
                         WIDTH="1633"
                         HEIGHT="68">
                  <Shape>
                     <Polygon POINTS="178,275 1811,275 1811,343 178,343"/>
                  </Shape>
                  <String CONTENT="calix in latere oblata in altari componitur non post tergum lętanię"
                          HPOS="178"
                          VPOS="275"
                          WIDTH="1633"
                          HEIGHT="68"/>
               </TextLine>
               <TextLine ID="zone-line_IRHT_P_005020_1-3"
                         BASELINE=""
                         HPOS="177"
                         VPOS="363"
                         WIDTH="1643"
                         HEIGHT="65">
                  <Shape>
                     <Polygon POINTS="177,363 1820,363 1820,428 177,428"/>
                  </Shape>
                  <String CONTENT="ita cęlebrantur in uigiliis paschę ut noster mos olim obtinuit id est"
                          HPOS="177"
                          VPOS="363"
                          WIDTH="1643"
                          HEIGHT="65"/>
               </TextLine>
               <TextLine ID="zone-line_IRHT_P_005020_1-4"
                         BASELINE=""
                         HPOS="183"
                         VPOS="441"
                         WIDTH="1632"
                         HEIGHT="69">
                  <Shape>
                     <Polygon POINTS="183,441 1815,441 1815,510 183,510"/>
                  </Shape>
                  <String CONTENT="post baptismum per sepnarium et quinarium et ternarium numerum"
                          HPOS="183"
                          VPOS="441"
                          WIDTH="1632"
                          HEIGHT="69"/>
               </TextLine>
               <TextLine ID="zone-line_IRHT_P_005020_1-5"
                         BASELINE=""
                         HPOS="624"
                         VPOS="527"
                         WIDTH="1196"
                         HEIGHT="72">
                  <Shape>
                     <Polygon POINTS="624,527 1820,527 1820,599 624,599"/>
                  </Shape>
                  <String CONTENT="officialis liber"
                          HPOS="624"
                          VPOS="527"
                          WIDTH="1196"
                          HEIGHT="72"/>
               </TextLine>
               <TextLine ID="zone-line_IRHT_P_005020_1-6"
                         BASELINE=""
                         HPOS="546"
                         VPOS="621"
                         WIDTH="1264"
                         HEIGHT="66">
                  <Shape>
                     <Polygon POINTS="546,621 1810,621 1810,687 546,687"/>
                  </Shape>
                  <String CONTENT="gloriosissime imperator et magnificen"
                          HPOS="546"
                          VPOS="621"
                          WIDTH="1264"
                          HEIGHT="66"/>
               </TextLine>
               <TextLine ID="zone-line_IRHT_P_005020_1-7"
                         BASELINE=""
                         HPOS="567"
                         VPOS="703"
                         WIDTH="1244"
                         HEIGHT="63">
                  <Shape>
                     <Polygon POINTS="567,703 1811,703 1811,766 567,766"/>
                  </Shape>
                  <String CONTENT="sime ac centies inuictissime a deo coronate nec n"
                          HPOS="567"
                          VPOS="703"
                          WIDTH="1244"
                          HEIGHT="63"/>
               </TextLine>
               <TextLine ID="zone-line_IRHT_P_005020_1-8"
                         BASELINE=""
                         HPOS="565"
                         VPOS="783"
                         WIDTH="1249"
                         HEIGHT="66">
                  <Shape>
                     <Polygon POINTS="565,783 1814,783 1814,849 565,849"/>
                  </Shape>
                  <String CONTENT="et conseruate atque conseruande seruus ego uester a"
                          HPOS="565"
                          VPOS="783"
                          WIDTH="1249"
                          HEIGHT="66"/>
               </TextLine>
               <TextLine ID="zone-line_IRHT_P_005020_1-9"
                         BASELINE=""
                         HPOS="552"
                         VPOS="868"
                         WIDTH="1250"
                         HEIGHT="64">
                  <Shape>
                     <Polygon POINTS="552,868 1802,868 1802,932 552,932"/>
                  </Shape>
                  <String CONTENT="larius quamuis minimus omnium afficiebar oli"
                          HPOS="552"
                          VPOS="868"
                          WIDTH="1250"
                          HEIGHT="64"/>
               </TextLine>
               <TextLine ID="zone-line_IRHT_P_005020_1-10"
                         BASELINE=""
                         HPOS="551"
                         VPOS="954"
                         WIDTH="1257"
                         HEIGHT="61">
                  <Shape>
                     <Polygon POINTS="551,954 1808,954 1808,1015 551,1015"/>
                  </Shape>
                  <String CONTENT="desiderio ut scirem rationem aliquam de ordine nostrę"
                          HPOS="551"
                          VPOS="954"
                          WIDTH="1257"
                          HEIGHT="61"/>
               </TextLine>
               <TextLine ID="zone-line_IRHT_P_005020_1-11"
                         BASELINE=""
                         HPOS="177"
                         VPOS="1021"
                         WIDTH="1619"
                         HEIGHT="69">
                  <Shape>
                     <Polygon POINTS="177,1021 1796,1021 1796,1090 177,1090"/>
                  </Shape>
                  <String CONTENT="missę quam consuęto more cęlebramus et amplius ex diuersitate q"
                          HPOS="177"
                          VPOS="1021"
                          WIDTH="1619"
                          HEIGHT="69"/>
               </TextLine>
               <TextLine ID="zone-line_IRHT_P_005020_1-12"
                         BASELINE=""
                         HPOS="182"
                         VPOS="1106"
                         WIDTH="1627"
                         HEIGHT="79">
                  <Shape>
                     <Polygon POINTS="182,1106 1809,1106 1809,1185 182,1185"/>
                  </Shape>
                  <String CONTENT="solet fieri in ea hoc est quod aliquotiens una epistola legitur aliquoti"
                          HPOS="182"
                          VPOS="1106"
                          WIDTH="1627"
                          HEIGHT="79"/>
               </TextLine>
               <TextLine ID="zone-line_IRHT_P_005020_1-13"
                         BASELINE=""
                         HPOS="179"
                         VPOS="1196"
                         WIDTH="1620"
                         HEIGHT="74">
                  <Shape>
                     <Polygon POINTS="179,1196 1799,1196 1799,1270 179,1270"/>
                  </Shape>
                  <String CONTENT="ens duę et cętera talia simulque de ceteris officiis pręterita proxim"
                          HPOS="179"
                          VPOS="1196"
                          WIDTH="1620"
                          HEIGHT="74"/>
               </TextLine>
            </TextBlock>
         </PrintSpace>
      </Page>
   </Layout>
</alto>
