<?xml version="1.0" encoding="UTF-8"?>
<alto xmlns="http://www.loc.gov/standards/alto/ns-v4#"
      xmlns:xsi="http://www.w3.org/2001/XMLSchema-instance"
      xmlns:tei="http://www.tei-c.org/ns/1.0"
      xsi:schemaLocation="http://www.loc.gov/standards/alto/ns-v4# ../schema/alto.xsd">
   <Description>
      <MeasurementUnit>pixel</MeasurementUnit>
      <sourceImageInformation>
         <fileName>IRHT_P_009147.tif</fileName>
      </sourceImageInformation>
   </Description>
   <Layout>
      <Page ID="zone-page_IRHT_P_009147"
            PHYSICAL_IMG_NR="0"
            WIDTH="1239"
            HEIGHT="1730">
         <PrintSpace HPOS="0" VPOS="0" WIDTH="1239" HEIGHT="1730">
            <TextBlock HPOS="46"
                       VPOS="21"
                       WIDTH="1189"
                       HEIGHT="1679"
                       ID="zone-col_IRHT_P_009147_1">
               <Shape>
                  <Polygon POINTS="46,21 1235,21 1235,1700 46,1700"/>
               </Shape>
               <TextLine ID="zone-line_IRHT_P_009147_1-1"
                         BASELINE=""
                         HPOS="109"
                         VPOS="21"
                         WIDTH="558"
                         HEIGHT="57">
                  <Shape>
                     <Polygon POINTS="109,21 667,21 667,78 109,78"/>
                  </Shape>
                  <String CONTENT="fecit constantinus celebrari concilium"
                          HPOS="109"
                          VPOS="21"
                          WIDTH="558"
                          HEIGHT="57"/>
               </TextLine>
               <TextLine ID="zone-line_IRHT_P_009147_1-2"
                         BASELINE=""
                         HPOS="229"
                         VPOS="94"
                         WIDTH="922"
                         HEIGHT="61">
                  <Shape>
                     <Polygon POINTS="229,94 1151,94 1151,155 229,155"/>
                  </Shape>
                  <String CONTENT="expliciunt tituli libri primi incipit liber i"
                          HPOS="229"
                          VPOS="94"
                          WIDTH="922"
                          HEIGHT="61"/>
               </TextLine>
               <TextLine ID="zone-line_IRHT_P_009147_1-3"
                         BASELINE=""
                         HPOS="213"
                         VPOS="168"
                         WIDTH="1022"
                         HEIGHT="66">
                  <Shape>
                     <Polygon POINTS="213,168 1235,168 1235,234 213,234"/>
                  </Shape>
                  <String CONTENT="oratio allocutoria sozomeni ad theodosium imperator"
                          HPOS="213"
                          VPOS="168"
                          WIDTH="1022"
                          HEIGHT="66"/>
               </TextLine>
               <TextLine ID="zone-line_IRHT_P_009147_1-4"
                         BASELINE=""
                         HPOS="450"
                         VPOS="243"
                         WIDTH="621"
                         HEIGHT="57">
                  <Shape>
                     <Polygon POINTS="450,243 1071,243 1071,300 450,300"/>
                  </Shape>
                  <String CONTENT="aiunt antiquis principibus diligen"
                          HPOS="450"
                          VPOS="243"
                          WIDTH="621"
                          HEIGHT="57"/>
               </TextLine>
               <TextLine ID="zone-line_IRHT_P_009147_1-5"
                         BASELINE=""
                         HPOS="445"
                         VPOS="317"
                         WIDTH="648"
                         HEIGHT="58">
                  <Shape>
                     <Polygon POINTS="445,317 1093,317 1093,375 445,375"/>
                  </Shape>
                  <String CONTENT="tie studium fuisse ut eis amato"
                          HPOS="445"
                          VPOS="317"
                          WIDTH="648"
                          HEIGHT="58"/>
               </TextLine>
               <TextLine ID="zone-line_IRHT_P_009147_1-6"
                         BASELINE=""
                         HPOS="446"
                         VPOS="394"
                         WIDTH="656"
                         HEIGHT="60">
                  <Shape>
                     <Polygon POINTS="446,394 1102,394 1102,454 446,454"/>
                  </Shape>
                  <String CONTENT="res quidem ornamentorum purpuram"
                          HPOS="446"
                          VPOS="394"
                          WIDTH="656"
                          HEIGHT="60"/>
               </TextLine>
               <TextLine ID="zone-line_IRHT_P_009147_1-7"
                         BASELINE=""
                         HPOS="446"
                         VPOS="473"
                         WIDTH="654"
                         HEIGHT="58">
                  <Shape>
                     <Polygon POINTS="446,473 1100,473 1100,531 446,531"/>
                  </Shape>
                  <String CONTENT="atque coronam et his similia prepa"
                          HPOS="446"
                          VPOS="473"
                          WIDTH="654"
                          HEIGHT="58"/>
               </TextLine>
               <TextLine ID="zone-line_IRHT_P_009147_1-8"
                         BASELINE=""
                         HPOS="439"
                         VPOS="553"
                         WIDTH="642"
                         HEIGHT="60">
                  <Shape>
                     <Polygon POINTS="439,553 1081,553 1081,613 439,613"/>
                  </Shape>
                  <String CONTENT="rarent librorum uero habentes inten"
                          HPOS="439"
                          VPOS="553"
                          WIDTH="642"
                          HEIGHT="60"/>
               </TextLine>
               <TextLine ID="zone-line_IRHT_P_009147_1-9"
                         BASELINE=""
                         HPOS="61"
                         VPOS="631"
                         WIDTH="1013"
                         HEIGHT="58">
                  <Shape>
                     <Polygon POINTS="61,631 1074,631 1074,689 61,689"/>
                  </Shape>
                  <String CONTENT="tionem circa quasdam fabulas occupati conscrip"
                          HPOS="61"
                          VPOS="631"
                          WIDTH="1013"
                          HEIGHT="58"/>
               </TextLine>
               <TextLine ID="zone-line_IRHT_P_009147_1-10"
                         BASELINE=""
                         HPOS="105"
                         VPOS="713"
                         WIDTH="1005"
                         HEIGHT="58">
                  <Shape>
                     <Polygon POINTS="105,713 1110,713 1110,771 105,771"/>
                  </Shape>
                  <String CONTENT="tiones agerent que audientium corda mulcerent"
                          HPOS="105"
                          VPOS="713"
                          WIDTH="1005"
                          HEIGHT="58"/>
               </TextLine>
               <TextLine ID="zone-line_IRHT_P_009147_1-11"
                         BASELINE=""
                         HPOS="113"
                         VPOS="785"
                         WIDTH="987"
                         HEIGHT="59">
                  <Shape>
                     <Polygon POINTS="113,785 1100,785 1100,844 113,844"/>
                  </Shape>
                  <String CONTENT="porro bella sectantes ut sagittam oportune diri"
                          HPOS="113"
                          VPOS="785"
                          WIDTH="987"
                          HEIGHT="59"/>
               </TextLine>
               <TextLine ID="zone-line_IRHT_P_009147_1-12"
                         BASELINE=""
                         HPOS="116"
                         VPOS="861"
                         WIDTH="980"
                         HEIGHT="60">
                  <Shape>
                     <Polygon POINTS="116,861 1096,861 1096,921 116,921"/>
                  </Shape>
                  <String CONTENT="gerent bestiam prosternerent lanceam bene iacula"
                          HPOS="116"
                          VPOS="861"
                          WIDTH="980"
                          HEIGHT="60"/>
               </TextLine>
               <TextLine ID="zone-line_IRHT_P_009147_1-13"
                         BASELINE=""
                         HPOS="120"
                         VPOS="938"
                         WIDTH="989"
                         HEIGHT="61">
                  <Shape>
                     <Polygon POINTS="120,938 1109,938 1109,999 120,999"/>
                  </Shape>
                  <String CONTENT="rentur aut equum decenter ascenderent presentabantur"
                          HPOS="120"
                          VPOS="938"
                          WIDTH="989"
                          HEIGHT="61"/>
               </TextLine>
               <TextLine ID="zone-line_IRHT_P_009147_1-14"
                         BASELINE=""
                         HPOS="115"
                         VPOS="1017"
                         WIDTH="945"
                         HEIGHT="59">
                  <Shape>
                     <Polygon POINTS="115,1017 1060,1017 1060,1076 115,1076"/>
                  </Shape>
                  <String CONTENT="enim singuli regalibus eorum studentes rebus illis que"
                          HPOS="115"
                          VPOS="1017"
                          WIDTH="945"
                          HEIGHT="59"/>
               </TextLine>
               <TextLine ID="zone-line_IRHT_P_009147_1-15"
                         BASELINE=""
                         HPOS="124"
                         VPOS="1093"
                         WIDTH="962"
                         HEIGHT="61">
                  <Shape>
                     <Polygon POINTS="124,1093 1086,1093 1086,1154 124,1154"/>
                  </Shape>
                  <String CONTENT="forent gratissime dominatui auus itaque lapides"
                          HPOS="124"
                          VPOS="1093"
                          WIDTH="962"
                          HEIGHT="61"/>
               </TextLine>
               <TextLine ID="zone-line_IRHT_P_009147_1-16"
                         BASELINE=""
                         HPOS="132"
                         VPOS="1169"
                         WIDTH="962"
                         HEIGHT="60">
                  <Shape>
                     <Polygon POINTS="132,1169 1094,1169 1094,1229 132,1229"/>
                  </Shape>
                  <String CONTENT="preciosos difficile compertos offerebat alter tinctu"
                          HPOS="132"
                          VPOS="1169"
                          WIDTH="962"
                          HEIGHT="60"/>
               </TextLine>
               <TextLine ID="zone-line_IRHT_P_009147_1-17"
                         BASELINE=""
                         HPOS="122"
                         VPOS="1248"
                         WIDTH="976"
                         HEIGHT="60">
                  <Shape>
                     <Polygon POINTS="122,1248 1098,1248 1098,1308 122,1308"/>
                  </Shape>
                  <String CONTENT="ram purpura clariorem plurimi poemata aut"
                          HPOS="122"
                          VPOS="1248"
                          WIDTH="976"
                          HEIGHT="60"/>
               </TextLine>
               <TextLine ID="zone-line_IRHT_P_009147_1-18"
                         BASELINE=""
                         HPOS="122"
                         VPOS="1325"
                         WIDTH="964"
                         HEIGHT="61">
                  <Shape>
                     <Polygon POINTS="122,1325 1086,1325 1086,1386 122,1386"/>
                  </Shape>
                  <String CONTENT="diuersas conscriptiones insinuabant alius bona"
                          HPOS="122"
                          VPOS="1325"
                          WIDTH="964"
                          HEIGHT="61"/>
               </TextLine>
               <TextLine ID="zone-line_IRHT_P_009147_1-19"
                         BASELINE=""
                         HPOS="129"
                         VPOS="1401"
                         WIDTH="959"
                         HEIGHT="62">
                  <Shape>
                     <Polygon POINTS="129,1401 1088,1401 1088,1463 129,1463"/>
                  </Shape>
                  <String CONTENT="cingul aut optimum armorum pandebat usum"
                          HPOS="129"
                          VPOS="1401"
                          WIDTH="959"
                          HEIGHT="62"/>
               </TextLine>
               <TextLine ID="zone-line_IRHT_P_009147_1-20"
                         BASELINE=""
                         HPOS="124"
                         VPOS="1477"
                         WIDTH="978"
                         HEIGHT="62">
                  <Shape>
                     <Polygon POINTS="124,1477 1102,1477 1102,1539 124,1539"/>
                  </Shape>
                  <String CONTENT="maxima uero et imperialis putabatur huius popularis"
                          HPOS="124"
                          VPOS="1477"
                          WIDTH="978"
                          HEIGHT="62"/>
               </TextLine>
            </TextBlock>
         </PrintSpace>
      </Page>
   </Layout>
</alto>
