<?xml version="1.0" encoding="UTF-8"?>
<alto xmlns="http://www.loc.gov/standards/alto/ns-v4#"
      xmlns:xsi="http://www.w3.org/2001/XMLSchema-instance"
      xmlns:tei="http://www.tei-c.org/ns/1.0"
      xsi:schemaLocation="http://www.loc.gov/standards/alto/ns-v4# ../schema/alto.xsd">
   <Description>
      <MeasurementUnit>pixel</MeasurementUnit>
      <sourceImageInformation>
         <fileName>IRHT_P_008453.tif</fileName>
      </sourceImageInformation>
   </Description>
   <Layout>
      <Page ID="zone-page_IRHT_P_008453"
            PHYSICAL_IMG_NR="0"
            WIDTH="1765"
            HEIGHT="1342">
         <PrintSpace HPOS="0" VPOS="0" WIDTH="1765" HEIGHT="1342">
            <TextBlock HPOS="40"
                       VPOS="2"
                       WIDTH="939"
                       HEIGHT="1318"
                       ID="zone-col_IRHT_P_008453_1">
               <Shape>
                  <Polygon POINTS="40,2 979,2 979,1320 40,1320"/>
               </Shape>
               <TextLine ID="zone-line_IRHT_P_008453_1-1"
                         BASELINE=""
                         HPOS="94"
                         VPOS="120"
                         WIDTH="707"
                         HEIGHT="76">
                  <Shape>
                     <Polygon POINTS="94,120 801,120 801,196 94,196"/>
                  </Shape>
                  <String CONTENT="memoriam misericordie ignorat xlii"
                          HPOS="94"
                          VPOS="120"
                          WIDTH="707"
                          HEIGHT="76"/>
               </TextLine>
               <TextLine ID="zone-line_IRHT_P_008453_1-2"
                         BASELINE=""
                         HPOS="70"
                         VPOS="224"
                         WIDTH="874"
                         HEIGHT="51">
                  <Shape>
                     <Polygon POINTS="70,224 944,224 944,275 70,275"/>
                  </Shape>
                  <String CONTENT="ceperunt autem aque minui post centum"
                          HPOS="70"
                          VPOS="224"
                          WIDTH="874"
                          HEIGHT="51"/>
               </TextLine>
               <TextLine ID="zone-line_IRHT_P_008453_1-3"
                         BASELINE=""
                         HPOS="65"
                         VPOS="288"
                         WIDTH="870"
                         HEIGHT="71">
                  <Shape>
                     <Polygon POINTS="65,288 935,288 935,359 65,359"/>
                  </Shape>
                  <String CONTENT="quinquaginta dies et requieuit ar"
                          HPOS="65"
                          VPOS="288"
                          WIDTH="870"
                          HEIGHT="71"/>
               </TextLine>
               <TextLine ID="zone-line_IRHT_P_008453_1-4"
                         BASELINE=""
                         HPOS="87"
                         VPOS="383"
                         WIDTH="828"
                         HEIGHT="66">
                  <Shape>
                     <Polygon POINTS="87,383 915,383 915,449 87,449"/>
                  </Shape>
                  <String CONTENT="cha super montes armenie in epistula ad"
                          HPOS="87"
                          VPOS="383"
                          WIDTH="828"
                          HEIGHT="66"/>
               </TextLine>
               <TextLine ID="zone-line_IRHT_P_008453_1-5"
                         BASELINE=""
                         HPOS="755"
                         VPOS="475"
                         WIDTH="224"
                         HEIGHT="62">
                  <Shape>
                     <Polygon POINTS="755,475 979,475 979,537 755,537"/>
                  </Shape>
                  <String CONTENT="ysatium"
                          HPOS="755"
                          VPOS="475"
                          WIDTH="224"
                          HEIGHT="62"/>
               </TextLine>
               <TextLine ID="zone-line_IRHT_P_008453_1-6"
                         BASELINE=""
                         HPOS="101"
                         VPOS="476"
                         WIDTH="654"
                         HEIGHT="62">
                  <Shape>
                     <Polygon POINTS="101,476 755,476 755,538 101,538"/>
                  </Shape>
                  <String CONTENT="seruata ueritate hystorie quid est"
                          HPOS="101"
                          VPOS="476"
                          WIDTH="654"
                          HEIGHT="62"/>
               </TextLine>
               <TextLine ID="zone-line_IRHT_P_008453_1-7"
                         BASELINE=""
                         HPOS="80"
                         VPOS="559"
                         WIDTH="859"
                         HEIGHT="68">
                  <Shape>
                     <Polygon POINTS="80,559 939,559 939,627 80,627"/>
                  </Shape>
                  <String CONTENT="aliud quod diluuii tempore genus humanus"
                          HPOS="80"
                          VPOS="559"
                          WIDTH="859"
                          HEIGHT="68"/>
               </TextLine>
               <TextLine ID="zone-line_IRHT_P_008453_1-8"
                         BASELINE=""
                         HPOS="80"
                         VPOS="645"
                         WIDTH="890"
                         HEIGHT="66">
                  <Shape>
                     <Polygon POINTS="80,645 970,645 970,711 80,711"/>
                  </Shape>
                  <String CONTENT="extra archam moritur ad uitam uero in archa"
                          HPOS="80"
                          VPOS="645"
                          WIDTH="890"
                          HEIGHT="66"/>
               </TextLine>
               <TextLine ID="zone-line_IRHT_P_008453_1-9"
                         BASELINE=""
                         HPOS="81"
                         VPOS="731"
                         WIDTH="879"
                         HEIGHT="67">
                  <Shape>
                     <Polygon POINTS="81,731 960,731 960,798 81,798"/>
                  </Shape>
                  <String CONTENT="seruatur nisi hoc quod nunc aperte cernimus"
                          HPOS="81"
                          VPOS="731"
                          WIDTH="879"
                          HEIGHT="67"/>
               </TextLine>
               <TextLine ID="zone-line_IRHT_P_008453_1-10"
                         BASELINE=""
                         HPOS="79"
                         VPOS="819"
                         WIDTH="867"
                         HEIGHT="66">
                  <Shape>
                     <Polygon POINTS="79,819 946,819 946,885 79,885"/>
                  </Shape>
                  <String CONTENT="quia in fideles quosque extra ecclesiam un"
                          HPOS="79"
                          VPOS="819"
                          WIDTH="867"
                          HEIGHT="66"/>
               </TextLine>
               <TextLine ID="zone-line_IRHT_P_008453_1-11"
                         BASELINE=""
                         HPOS="60"
                         VPOS="907"
                         WIDTH="864"
                         HEIGHT="70">
                  <Shape>
                     <Polygon POINTS="60,907 924,907 924,977 60,977"/>
                  </Shape>
                  <String CONTENT="da peccati sui perimit et fideles suos"
                          HPOS="60"
                          VPOS="907"
                          WIDTH="864"
                          HEIGHT="70"/>
               </TextLine>
               <TextLine ID="zone-line_IRHT_P_008453_1-12"
                         BASELINE=""
                         HPOS="81"
                         VPOS="991"
                         WIDTH="858"
                         HEIGHT="68">
                  <Shape>
                     <Polygon POINTS="81,991 939,991 939,1059 81,1059"/>
                  </Shape>
                  <String CONTENT="in fide et caritate sancte ecclesie unitas quasi ar"
                          HPOS="81"
                          VPOS="991"
                          WIDTH="858"
                          HEIGHT="68"/>
               </TextLine>
               <TextLine ID="zone-line_IRHT_P_008453_1-13"
                         BASELINE=""
                         HPOS="85"
                         VPOS="1080"
                         WIDTH="842"
                         HEIGHT="64">
                  <Shape>
                     <Polygon POINTS="85,1080 927,1080 927,1144 85,1144"/>
                  </Shape>
                  <String CONTENT="che conpago custodit que uidelicet ar"
                          HPOS="85"
                          VPOS="1080"
                          WIDTH="842"
                          HEIGHT="64"/>
               </TextLine>
               <TextLine ID="zone-line_IRHT_P_008453_1-14"
                         BASELINE=""
                         HPOS="78"
                         VPOS="1169"
                         WIDTH="856"
                         HEIGHT="66">
                  <Shape>
                     <Polygon POINTS="78,1169 934,1169 934,1235 78,1235"/>
                  </Shape>
                  <String CONTENT="cha de lignis inputribilibus conpingitur quia de"
                          HPOS="78"
                          VPOS="1169"
                          WIDTH="856"
                          HEIGHT="66"/>
               </TextLine>
               <TextLine ID="zone-line_IRHT_P_008453_1-15"
                         BASELINE=""
                         HPOS="112"
                         VPOS="1255"
                         WIDTH="854"
                         HEIGHT="65">
                  <Shape>
                     <Polygon POINTS="112,1255 966,1255 966,1320 112,1320"/>
                  </Shape>
                  <String CONTENT="fortibus animabus et in bono suo perseuerantibus"
                          HPOS="112"
                          VPOS="1255"
                          WIDTH="854"
                          HEIGHT="65"/>
               </TextLine>
            </TextBlock>
            <TextBlock HPOS="1100"
                       VPOS="124"
                       WIDTH="662"
                       HEIGHT="1197"
                       ID="zone-col_IRHT_P_008453_2">
               <Shape>
                  <Polygon POINTS="1100,124 1762,124 1762,1321 1100,1321"/>
               </Shape>
               <TextLine ID="zone-line_IRHT_P_008453_2-1"
                         BASELINE=""
                         HPOS="1285"
                         VPOS="124"
                         WIDTH="474"
                         HEIGHT="61">
                  <Shape>
                     <Polygon POINTS="1285,124 1759,124 1759,185 1285,185"/>
                  </Shape>
                  <String CONTENT="archa in qua homines et"
                          HPOS="1285"
                          VPOS="124"
                          WIDTH="474"
                          HEIGHT="61"/>
               </TextLine>
               <TextLine ID="zone-line_IRHT_P_008453_2-2"
                         BASELINE=""
                         HPOS="1176"
                         VPOS="204"
                         WIDTH="586"
                         HEIGHT="67">
                  <Shape>
                     <Polygon POINTS="1176,204 1762,204 1762,271 1176,271"/>
                  </Shape>
                  <String CONTENT="reptilia tempore dilu"
                          HPOS="1176"
                          VPOS="204"
                          WIDTH="586"
                          HEIGHT="67"/>
               </TextLine>
               <TextLine ID="zone-line_IRHT_P_008453_2-3"
                         BASELINE=""
                         HPOS="1159"
                         VPOS="291"
                         WIDTH="603"
                         HEIGHT="66">
                  <Shape>
                     <Polygon POINTS="1159,291 1762,291 1762,357 1159,357"/>
                  </Shape>
                  <String CONTENT="scam ecclesiam prefigurauit i"
                          HPOS="1159"
                          VPOS="291"
                          WIDTH="603"
                          HEIGHT="66"/>
               </TextLine>
               <TextLine ID="zone-line_IRHT_P_008453_2-4"
                         BASELINE=""
                         HPOS="1151"
                         VPOS="381"
                         WIDTH="610"
                         HEIGHT="64">
                  <Shape>
                     <Polygon POINTS="1151,381 1761,381 1761,445 1151,445"/>
                  </Shape>
                  <String CONTENT="et mali conueniunt permixta"
                          HPOS="1151"
                          VPOS="381"
                          WIDTH="610"
                          HEIGHT="64"/>
               </TextLine>
               <TextLine ID="zone-line_IRHT_P_008453_2-5"
                         BASELINE=""
                         HPOS="1155"
                         VPOS="470"
                         WIDTH="607"
                         HEIGHT="64">
                  <Shape>
                     <Polygon POINTS="1155,470 1762,470 1762,534 1155,534"/>
                  </Shape>
                  <String CONTENT="sitatefiliorum quia sic omnes ad f"
                          HPOS="1155"
                          VPOS="470"
                          WIDTH="607"
                          HEIGHT="64"/>
               </TextLine>
               <TextLine ID="zone-line_IRHT_P_008453_2-6"
                         BASELINE=""
                         HPOS="1157"
                         VPOS="554"
                         WIDTH="604"
                         HEIGHT="65">
                  <Shape>
                     <Polygon POINTS="1157,554 1761,554 1761,619 1157,619"/>
                  </Shape>
                  <String CONTENT="ut tamen omnes per inmutationem u"
                          HPOS="1157"
                          VPOS="554"
                          WIDTH="604"
                          HEIGHT="65"/>
               </TextLine>
               <TextLine ID="zone-line_IRHT_P_008453_2-7"
                         BASELINE=""
                         HPOS="1153"
                         VPOS="645"
                         WIDTH="594"
                         HEIGHT="66">
                  <Shape>
                     <Polygon POINTS="1153,645 1747,645 1747,711 1153,711"/>
                  </Shape>
                  <String CONTENT="tem spiritalis gratie culpis exig"
                          HPOS="1153"
                          VPOS="645"
                          WIDTH="594"
                          HEIGHT="66"/>
               </TextLine>
               <TextLine ID="zone-line_IRHT_P_008453_2-8"
                         BASELINE=""
                         HPOS="1156"
                         VPOS="731"
                         WIDTH="606"
                         HEIGHT="64">
                  <Shape>
                     <Polygon POINTS="1156,731 1762,731 1762,795 1156,795"/>
                  </Shape>
                  <String CONTENT="ducat viam itaque presentis sc"
                          HPOS="1156"
                          VPOS="731"
                          WIDTH="606"
                          HEIGHT="64"/>
               </TextLine>
               <TextLine ID="zone-line_IRHT_P_008453_2-9"
                         BASELINE=""
                         HPOS="1173"
                         VPOS="816"
                         WIDTH="578"
                         HEIGHT="65">
                  <Shape>
                     <Polygon POINTS="1173,816 1751,816 1751,881 1173,881"/>
                  </Shape>
                  <String CONTENT="gimus tunc autem discernemur cum ac"
                          HPOS="1173"
                          VPOS="816"
                          WIDTH="578"
                          HEIGHT="65"/>
               </TextLine>
               <TextLine ID="zone-line_IRHT_P_008453_2-10"
                         BASELINE=""
                         HPOS="1155"
                         VPOS="913"
                         WIDTH="590"
                         HEIGHT="61">
                  <Shape>
                     <Polygon POINTS="1155,913 1745,913 1745,974 1155,974"/>
                  </Shape>
                  <String CONTENT="nerimus boni uero si sine malis f"
                          HPOS="1155"
                          VPOS="913"
                          WIDTH="590"
                          HEIGHT="61"/>
               </TextLine>
               <TextLine ID="zone-line_IRHT_P_008453_2-11"
                         BASELINE=""
                         HPOS="1157"
                         VPOS="995"
                         WIDTH="584"
                         HEIGHT="59">
                  <Shape>
                     <Polygon POINTS="1157,995 1741,995 1741,1054 1157,1054"/>
                  </Shape>
                  <String CONTENT="fecte boni esse non possunt quia mir"
                          HPOS="1157"
                          VPOS="995"
                          WIDTH="584"
                          HEIGHT="59"/>
               </TextLine>
               <TextLine ID="zone-line_IRHT_P_008453_2-12"
                         BASELINE=""
                         HPOS="1100"
                         VPOS="1082"
                         WIDTH="661"
                         HEIGHT="69">
                  <Shape>
                     <Polygon POINTS="1100,1082 1761,1082 1761,1151 1100,1151"/>
                  </Shape>
                  <String CONTENT="gantur ipsa autem societas malo"
                          HPOS="1100"
                          VPOS="1082"
                          WIDTH="661"
                          HEIGHT="69"/>
               </TextLine>
               <TextLine ID="zone-line_IRHT_P_008453_2-13"
                         BASELINE=""
                         HPOS="1141"
                         VPOS="1170"
                         WIDTH="605"
                         HEIGHT="63">
                  <Shape>
                     <Polygon POINTS="1141,1170 1746,1170 1746,1233 1141,1233"/>
                  </Shape>
                  <String CONTENT="tio est bonorum tres filios noe"
                          HPOS="1141"
                          VPOS="1170"
                          WIDTH="605"
                          HEIGHT="63"/>
               </TextLine>
               <TextLine ID="zone-line_IRHT_P_008453_2-14"
                         BASELINE=""
                         HPOS="1142"
                         VPOS="1256"
                         WIDTH="615"
                         HEIGHT="65">
                  <Shape>
                     <Polygon POINTS="1142,1256 1757,1256 1757,1321 1142,1321"/>
                  </Shape>
                  <String CONTENT="et iaphet archa continuit sed"
                          HPOS="1142"
                          VPOS="1256"
                          WIDTH="615"
                          HEIGHT="65"/>
               </TextLine>
            </TextBlock>
         </PrintSpace>
      </Page>
   </Layout>
</alto>
