<?xml version="1.0" encoding="UTF-8"?>
<alto xmlns="http://www.loc.gov/standards/alto/ns-v4#"
      xmlns:xsi="http://www.w3.org/2001/XMLSchema-instance"
      xmlns:tei="http://www.tei-c.org/ns/1.0"
      xsi:schemaLocation="http://www.loc.gov/standards/alto/ns-v4# ../schema/alto.xsd">
   <Description>
      <MeasurementUnit>pixel</MeasurementUnit>
      <sourceImageInformation>
         <fileName>IRHT_P_005231.tif</fileName>
      </sourceImageInformation>
   </Description>
   <Layout>
      <Page ID="zone-page_IRHT_P_005231"
            PHYSICAL_IMG_NR="0"
            WIDTH="1880"
            HEIGHT="1360">
         <PrintSpace HPOS="0" VPOS="0" WIDTH="1880" HEIGHT="1360">
            <TextBlock HPOS="311"
                       VPOS="55"
                       WIDTH="1404"
                       HEIGHT="1271"
                       ID="zone-col_IRHT_P_005231_1">
               <Shape>
                  <Polygon POINTS="311,55 1715,55 1715,1326 311,1326"/>
               </Shape>
               <TextLine ID="zone-line_IRHT_P_005231_1-1"
                         BASELINE=""
                         HPOS="336"
                         VPOS="145"
                         WIDTH="1374"
                         HEIGHT="67">
                  <Shape>
                     <Polygon POINTS="336,145 1710,145 1710,212 336,212"/>
                  </Shape>
                  <String CONTENT="transmigrationem ierusalem in mense quinto responsorium isti sunt dies quos obser"
                          HPOS="336"
                          VPOS="145"
                          WIDTH="1374"
                          HEIGHT="67"/>
               </TextLine>
               <TextLine ID="zone-line_IRHT_P_005231_1-2"
                         BASELINE=""
                         HPOS="332"
                         VPOS="217"
                         WIDTH="1370"
                         HEIGHT="54">
                  <Shape>
                     <Polygon POINTS="332,217 1702,217 1702,271 332,271"/>
                  </Shape>
                  <String CONTENT="uare debetis temporibus suis quartadecima die ad uesperum pascha domini est etiam in quin"
                          HPOS="332"
                          VPOS="217"
                          WIDTH="1370"
                          HEIGHT="54"/>
               </TextLine>
               <TextLine ID="zone-line_IRHT_P_005231_1-3"
                         BASELINE=""
                         HPOS="327"
                         VPOS="279"
                         WIDTH="1372"
                         HEIGHT="48">
                  <Shape>
                     <Polygon POINTS="327,279 1699,279 1699,327 327,327"/>
                  </Shape>
                  <String CONTENT="tadecima sollempnitatem celebrabitis altissimo domino uersus loquutus est dominus"
                          HPOS="327"
                          VPOS="279"
                          WIDTH="1372"
                          HEIGHT="48"/>
               </TextLine>
               <TextLine ID="zone-line_IRHT_P_005231_1-4"
                         BASELINE=""
                         HPOS="336"
                         VPOS="337"
                         WIDTH="1277"
                         HEIGHT="54">
                  <Shape>
                     <Polygon POINTS="336,337 1613,337 1613,391 336,391"/>
                  </Shape>
                  <String CONTENT="ad moysen dicens loquere filiis israhel et dices ad eos quarta lectio secunda"
                          HPOS="336"
                          VPOS="337"
                          WIDTH="1277"
                          HEIGHT="54"/>
               </TextLine>
               <TextLine ID="zone-line_IRHT_P_005231_1-5"
                         BASELINE=""
                         HPOS="311"
                         VPOS="398"
                         WIDTH="1370"
                         HEIGHT="48">
                  <Shape>
                     <Polygon POINTS="311,398 1681,398 1681,446 311,446"/>
                  </Shape>
                  <String CONTENT="et factum est uerbum domini ad me dicens priusquam te formarem"
                          HPOS="311"
                          VPOS="398"
                          WIDTH="1370"
                          HEIGHT="48"/>
               </TextLine>
               <TextLine ID="zone-line_IRHT_P_005231_1-6"
                         BASELINE=""
                         HPOS="353"
                         VPOS="455"
                         WIDTH="1330"
                         HEIGHT="49">
                  <Shape>
                     <Polygon POINTS="353,455 1683,455 1683,504 353,504"/>
                  </Shape>
                  <String CONTENT="in utero noui te et antequam exires de uulua sanctifica"
                          HPOS="353"
                          VPOS="455"
                          WIDTH="1330"
                          HEIGHT="49"/>
               </TextLine>
               <TextLine ID="zone-line_IRHT_P_005231_1-7"
                         BASELINE=""
                         HPOS="345"
                         VPOS="514"
                         WIDTH="1356"
                         HEIGHT="46">
                  <Shape>
                     <Polygon POINTS="345,514 1701,514 1701,560 345,560"/>
                  </Shape>
                  <String CONTENT="ui te et prophetam in gentibus dedi te et dixi alleluia alleluia alleluia domine deus ecce"
                          HPOS="345"
                          VPOS="514"
                          WIDTH="1356"
                          HEIGHT="46"/>
               </TextLine>
               <TextLine ID="zone-line_IRHT_P_005231_1-8"
                         BASELINE=""
                         HPOS="327"
                         VPOS="568"
                         WIDTH="1351"
                         HEIGHT="49">
                  <Shape>
                     <Polygon POINTS="327,568 1678,568 1678,617 327,617"/>
                  </Shape>
                  <String CONTENT="nescio loqui quia puer ego sum responsorium multiplicati sunt qui tribulant"
                          HPOS="327"
                          VPOS="568"
                          WIDTH="1351"
                          HEIGHT="49"/>
               </TextLine>
               <TextLine ID="zone-line_IRHT_P_005231_1-9"
                         BASELINE=""
                         HPOS="343"
                         VPOS="628"
                         WIDTH="1357"
                         HEIGHT="45">
                  <Shape>
                     <Polygon POINTS="343,628 1700,628 1700,673 343,673"/>
                  </Shape>
                  <String CONTENT="me et dicunt non est salus ipsi in deo erunt exurge domine saluu me fac deus me"
                          HPOS="343"
                          VPOS="628"
                          WIDTH="1357"
                          HEIGHT="45"/>
               </TextLine>
               <TextLine ID="zone-line_IRHT_P_005231_1-10"
                         BASELINE=""
                         HPOS="371"
                         VPOS="689"
                         WIDTH="1311"
                         HEIGHT="44">
                  <Shape>
                     <Polygon POINTS="371,689 1682,689 1682,733 371,733"/>
                  </Shape>
                  <String CONTENT="u qui tribulant me exultabunt si motus fuero ego autem in misericordia tua speraui"
                          HPOS="371"
                          VPOS="689"
                          WIDTH="1311"
                          HEIGHT="44"/>
               </TextLine>
               <TextLine ID="zone-line_IRHT_P_005231_1-11"
                         BASELINE=""
                         HPOS="381"
                         VPOS="743"
                         WIDTH="1302"
                         HEIGHT="43">
                  <Shape>
                     <Polygon POINTS="381,743 1683,743 1683,786 381,786"/>
                  </Shape>
                  <String CONTENT="et dixit dominus ad me noli dicere quia puer sum lectio iii exurge"
                          HPOS="381"
                          VPOS="743"
                          WIDTH="1302"
                          HEIGHT="43"/>
               </TextLine>
               <TextLine ID="zone-line_IRHT_P_005231_1-12"
                         BASELINE=""
                         HPOS="437"
                         VPOS="793"
                         WIDTH="1262"
                         HEIGHT="47">
                  <Shape>
                     <Polygon POINTS="437,793 1699,793 1699,840 437,840"/>
                  </Shape>
                  <String CONTENT="quoniam ad omnia que mittam te ibis et uniuersa quecumque manda"
                          HPOS="437"
                          VPOS="793"
                          WIDTH="1262"
                          HEIGHT="47"/>
               </TextLine>
               <TextLine ID="zone-line_IRHT_P_005231_1-13"
                         BASELINE=""
                         HPOS="339"
                         VPOS="844"
                         WIDTH="1338"
                         HEIGHT="50">
                  <Shape>
                     <Polygon POINTS="339,844 1677,844 1677,894 339,894"/>
                  </Shape>
                  <String CONTENT="uero tibi loqueris ne timeas a facie eorum quia tecum ego sum ut"
                          HPOS="339"
                          VPOS="844"
                          WIDTH="1338"
                          HEIGHT="50"/>
               </TextLine>
               <TextLine ID="zone-line_IRHT_P_005231_1-14"
                         BASELINE=""
                         HPOS="339"
                         VPOS="899"
                         WIDTH="1356"
                         HEIGHT="54">
                  <Shape>
                     <Polygon POINTS="339,899 1695,899 1695,953 339,953"/>
                  </Shape>
                  <String CONTENT="eruam te dicit dicit dominus et misit dominus manum suam"
                          HPOS="339"
                          VPOS="899"
                          WIDTH="1356"
                          HEIGHT="54"/>
               </TextLine>
               <TextLine ID="zone-line_IRHT_P_005231_1-15"
                         BASELINE=""
                         HPOS="333"
                         VPOS="959"
                         WIDTH="1340"
                         HEIGHT="52">
                  <Shape>
                     <Polygon POINTS="333,959 1673,959 1673,1011 333,1011"/>
                  </Shape>
                  <String CONTENT="et tetigit os meum responsorium qui custodiebant animam meam consilium fecerunt"
                          HPOS="333"
                          VPOS="959"
                          WIDTH="1340"
                          HEIGHT="52"/>
               </TextLine>
               <TextLine ID="zone-line_IRHT_P_005231_1-16"
                         BASELINE=""
                         HPOS="341"
                         VPOS="1013"
                         WIDTH="1353"
                         HEIGHT="55">
                  <Shape>
                     <Polygon POINTS="341,1013 1694,1013 1694,1068 341,1068"/>
                  </Shape>
                  <String CONTENT="in unum dicentes deus dereliquit eum persequimini et comprehendite eum quia non est"
                          HPOS="341"
                          VPOS="1013"
                          WIDTH="1353"
                          HEIGHT="55"/>
               </TextLine>
               <TextLine ID="zone-line_IRHT_P_005231_1-17"
                         BASELINE=""
                         HPOS="339"
                         VPOS="1074"
                         WIDTH="1365"
                         HEIGHT="52">
                  <Shape>
                     <Polygon POINTS="339,1074 1704,1074 1704,1126 339,1126"/>
                  </Shape>
                  <String CONTENT="qui liberet eum deus meus ne elonges a me deus meus in adiutorium meum inten"
                          HPOS="339"
                          VPOS="1074"
                          WIDTH="1365"
                          HEIGHT="52"/>
               </TextLine>
               <TextLine ID="zone-line_IRHT_P_005231_1-18"
                         BASELINE=""
                         HPOS="342"
                         VPOS="1142"
                         WIDTH="1342"
                         HEIGHT="45">
                  <Shape>
                     <Polygon POINTS="342,1142 1684,1142 1684,1187 342,1187"/>
                  </Shape>
                  <String CONTENT="de uersus omnes inimici mei"
                          HPOS="342"
                          VPOS="1142"
                          WIDTH="1342"
                          HEIGHT="45"/>
               </TextLine>
               <TextLine ID="zone-line_IRHT_P_005231_1-19"
                         BASELINE=""
                         HPOS="343"
                         VPOS="1196"
                         WIDTH="1372"
                         HEIGHT="43">
                  <Shape>
                     <Polygon POINTS="343,1196 1715,1196 1715,1239 343,1239"/>
                  </Shape>
                  <String CONTENT="aduersum me dicentes deus lectio iiii et dixit dominus ad me"
                          HPOS="343"
                          VPOS="1196"
                          WIDTH="1372"
                          HEIGHT="43"/>
               </TextLine>
               <TextLine ID="zone-line_IRHT_P_005231_1-20"
                         BASELINE=""
                         HPOS="333"
                         VPOS="1252"
                         WIDTH="1360"
                         HEIGHT="40">
                  <Shape>
                     <Polygon POINTS="333,1252 1693,1252 1693,1292 333,1292"/>
                  </Shape>
                  <String CONTENT="ecce dedi uerba mea in ore tuo ecce constitui te hodie super gentes"
                          HPOS="333"
                          VPOS="1252"
                          WIDTH="1360"
                          HEIGHT="40"/>
               </TextLine>
            </TextBlock>
         </PrintSpace>
      </Page>
   </Layout>
</alto>
