<?xml version="1.0" encoding="UTF-8"?>
<alto xmlns="http://www.loc.gov/standards/alto/ns-v4#"
      xmlns:xsi="http://www.w3.org/2001/XMLSchema-instance"
      xmlns:tei="http://www.tei-c.org/ns/1.0"
      xsi:schemaLocation="http://www.loc.gov/standards/alto/ns-v4# ../schema/alto.xsd">
   <Description>
      <MeasurementUnit>pixel</MeasurementUnit>
      <sourceImageInformation>
         <fileName>IRHT_P_007009.tif</fileName>
      </sourceImageInformation>
   </Description>
   <Layout>
      <Page ID="zone-page_IRHT_P_007009"
            PHYSICAL_IMG_NR="0"
            WIDTH="1201"
            HEIGHT="1757">
         <PrintSpace HPOS="0" VPOS="0" WIDTH="1201" HEIGHT="1757">
            <TextBlock HPOS="169"
                       VPOS="13"
                       WIDTH="907"
                       HEIGHT="1723"
                       ID="zone-col_IRHT_P_007009_1">
               <Shape>
                  <Polygon POINTS="169,13 1076,13 1076,1736 169,1736"/>
               </Shape>
               <TextLine ID="zone-line_IRHT_P_007009_1-1"
                         BASELINE=""
                         HPOS="192"
                         VPOS="13"
                         WIDTH="876"
                         HEIGHT="52">
                  <Shape>
                     <Polygon POINTS="192,13 1068,13 1068,65 192,65"/>
                  </Shape>
                  <String CONTENT="transportati essent et preterea suplemento adducto quo am"
                          HPOS="192"
                          VPOS="13"
                          WIDTH="876"
                          HEIGHT="52"/>
               </TextLine>
               <TextLine ID="zone-line_IRHT_P_007009_1-2"
                         BASELINE=""
                         HPOS="193"
                         VPOS="67"
                         WIDTH="879"
                         HEIGHT="59">
                  <Shape>
                     <Polygon POINTS="193,67 1072,67 1072,126 193,126"/>
                  </Shape>
                  <String CONTENT="plius duabus legionibus quam x milia et quadringenti pedi"
                          HPOS="193"
                          VPOS="67"
                          WIDTH="879"
                          HEIGHT="59"/>
               </TextLine>
               <TextLine ID="zone-line_IRHT_P_007009_1-3"
                         BASELINE=""
                         HPOS="184"
                         VPOS="122"
                         WIDTH="885"
                         HEIGHT="57">
                  <Shape>
                     <Polygon POINTS="184,122 1069,122 1069,179 184,179"/>
                  </Shape>
                  <String CONTENT="tes sexcenti equites essent et socium latini nominis duodecim"
                          HPOS="184"
                          VPOS="122"
                          WIDTH="885"
                          HEIGHT="57"/>
               </TextLine>
               <TextLine ID="zone-line_IRHT_P_007009_1-4"
                         BASELINE=""
                         HPOS="203"
                         VPOS="179"
                         WIDTH="864"
                         HEIGHT="48">
                  <Shape>
                     <Polygon POINTS="203,179 1067,179 1067,227 203,227"/>
                  </Shape>
                  <String CONTENT="milia sexcenti equites quorum forti opera aduersus celti"
                          HPOS="203"
                          VPOS="179"
                          WIDTH="864"
                          HEIGHT="48"/>
               </TextLine>
               <TextLine ID="zone-line_IRHT_P_007009_1-5"
                         BASELINE=""
                         HPOS="198"
                         VPOS="236"
                         WIDTH="864"
                         HEIGHT="47">
                  <Shape>
                     <Polygon POINTS="198,236 1062,236 1062,283 198,283"/>
                  </Shape>
                  <String CONTENT="beros preliis usus quintus fuluius esset quos si uideretur secum"
                          HPOS="198"
                          VPOS="236"
                          WIDTH="864"
                          HEIGHT="47"/>
               </TextLine>
               <TextLine ID="zone-line_IRHT_P_007009_1-6"
                         BASELINE=""
                         HPOS="195"
                         VPOS="302"
                         WIDTH="860"
                         HEIGHT="48">
                  <Shape>
                     <Polygon POINTS="195,302 1055,302 1055,350 195,350"/>
                  </Shape>
                  <String CONTENT="deportaret et suplicationes decrete quod is prospere rem"
                          HPOS="195"
                          VPOS="302"
                          WIDTH="860"
                          HEIGHT="48"/>
               </TextLine>
               <TextLine ID="zone-line_IRHT_P_007009_1-7"
                         BASELINE=""
                         HPOS="200"
                         VPOS="361"
                         WIDTH="865"
                         HEIGHT="49">
                  <Shape>
                     <Polygon POINTS="200,361 1065,361 1065,410 200,410"/>
                  </Shape>
                  <String CONTENT="publicam gesisset et ceteri pretores in prouincias quinto fab"
                          HPOS="200"
                          VPOS="361"
                          WIDTH="865"
                          HEIGHT="49"/>
               </TextLine>
               <TextLine ID="zone-line_IRHT_P_007009_1-8"
                         BASELINE=""
                         HPOS="192"
                         VPOS="428"
                         WIDTH="865"
                         HEIGHT="46">
                  <Shape>
                     <Polygon POINTS="192,428 1057,428 1057,474 192,474"/>
                  </Shape>
                  <String CONTENT="io butroni prorogatum in galliam imperium est octo le"
                          HPOS="192"
                          VPOS="428"
                          WIDTH="865"
                          HEIGHT="46"/>
               </TextLine>
               <TextLine ID="zone-line_IRHT_P_007009_1-9"
                         BASELINE=""
                         HPOS="184"
                         VPOS="487"
                         WIDTH="868"
                         HEIGHT="53">
                  <Shape>
                     <Polygon POINTS="184,487 1052,487 1052,540 184,540"/>
                  </Shape>
                  <String CONTENT="giones preter exercitum ueterem qui in liguribus in spe"
                          HPOS="184"
                          VPOS="487"
                          WIDTH="868"
                          HEIGHT="53"/>
               </TextLine>
               <TextLine ID="zone-line_IRHT_P_007009_1-10"
                         BASELINE=""
                         HPOS="184"
                         VPOS="549"
                         WIDTH="870"
                         HEIGHT="54">
                  <Shape>
                     <Polygon POINTS="184,549 1054,549 1054,603 184,603"/>
                  </Shape>
                  <String CONTENT="propinqua missionis erant eo anno esse placuit"
                          HPOS="184"
                          VPOS="549"
                          WIDTH="870"
                          HEIGHT="54"/>
               </TextLine>
               <TextLine ID="zone-line_IRHT_P_007009_1-11"
                         BASELINE=""
                         HPOS="189"
                         VPOS="613"
                         WIDTH="869"
                         HEIGHT="55">
                  <Shape>
                     <Polygon POINTS="189,613 1058,613 1058,668 189,668"/>
                  </Shape>
                  <String CONTENT="et is ipse exercitus egre explebatur propter pestilentiam"
                          HPOS="189"
                          VPOS="613"
                          WIDTH="869"
                          HEIGHT="55"/>
               </TextLine>
               <TextLine ID="zone-line_IRHT_P_007009_1-12"
                         BASELINE=""
                         HPOS="187"
                         VPOS="675"
                         WIDTH="871"
                         HEIGHT="44">
                  <Shape>
                     <Polygon POINTS="187,675 1058,675 1058,719 187,719"/>
                  </Shape>
                  <String CONTENT="que tercium iam annum urbem romanam atque italiam ua"
                          HPOS="187"
                          VPOS="675"
                          WIDTH="871"
                          HEIGHT="44"/>
               </TextLine>
               <TextLine ID="zone-line_IRHT_P_007009_1-13"
                         BASELINE=""
                         HPOS="198"
                         VPOS="736"
                         WIDTH="856"
                         HEIGHT="48">
                  <Shape>
                     <Polygon POINTS="198,736 1054,736 1054,784 198,784"/>
                  </Shape>
                  <String CONTENT="stabat pretor titus minutius et haut ita multo post"
                          HPOS="198"
                          VPOS="736"
                          WIDTH="856"
                          HEIGHT="48"/>
               </TextLine>
               <TextLine ID="zone-line_IRHT_P_007009_1-14"
                         BASELINE=""
                         HPOS="195"
                         VPOS="796"
                         WIDTH="866"
                         HEIGHT="57">
                  <Shape>
                     <Polygon POINTS="195,796 1061,796 1061,853 195,853"/>
                  </Shape>
                  <String CONTENT="consul gneus calfurnius moritur multique alii omnium"
                          HPOS="195"
                          VPOS="796"
                          WIDTH="866"
                          HEIGHT="57"/>
               </TextLine>
               <TextLine ID="zone-line_IRHT_P_007009_1-15"
                         BASELINE=""
                         HPOS="193"
                         VPOS="858"
                         WIDTH="866"
                         HEIGHT="59">
                  <Shape>
                     <Polygon POINTS="193,858 1059,858 1059,917 193,917"/>
                  </Shape>
                  <String CONTENT="ordinum illustres uiri postremo prodigii loco ea"
                          HPOS="193"
                          VPOS="858"
                          WIDTH="866"
                          HEIGHT="59"/>
               </TextLine>
               <TextLine ID="zone-line_IRHT_P_007009_1-16"
                         BASELINE=""
                         HPOS="195"
                         VPOS="927"
                         WIDTH="866"
                         HEIGHT="55">
                  <Shape>
                     <Polygon POINTS="195,927 1061,927 1061,982 195,982"/>
                  </Shape>
                  <String CONTENT="clades haberi cepta gneus seruilius pontifex maximus"
                          HPOS="195"
                          VPOS="927"
                          WIDTH="866"
                          HEIGHT="55"/>
               </TextLine>
               <TextLine ID="zone-line_IRHT_P_007009_1-17"
                         BASELINE=""
                         HPOS="195"
                         VPOS="1005"
                         WIDTH="873"
                         HEIGHT="48">
                  <Shape>
                     <Polygon POINTS="195,1005 1068,1005 1068,1053 195,1053"/>
                  </Shape>
                  <String CONTENT="piacula ire deum conquirere iussi x uiri libros in"
                          HPOS="195"
                          VPOS="1005"
                          WIDTH="873"
                          HEIGHT="48"/>
               </TextLine>
               <TextLine ID="zone-line_IRHT_P_007009_1-18"
                         BASELINE=""
                         HPOS="190"
                         VPOS="1072"
                         WIDTH="886"
                         HEIGHT="45">
                  <Shape>
                     <Polygon POINTS="190,1072 1076,1072 1076,1117 190,1117"/>
                  </Shape>
                  <String CONTENT="spicere consul apolini exculapio salutis dona uo"
                          HPOS="190"
                          VPOS="1072"
                          WIDTH="886"
                          HEIGHT="45"/>
               </TextLine>
               <TextLine ID="zone-line_IRHT_P_007009_1-19"
                         BASELINE=""
                         HPOS="190"
                         VPOS="1134"
                         WIDTH="873"
                         HEIGHT="46">
                  <Shape>
                     <Polygon POINTS="190,1134 1063,1134 1063,1180 190,1180"/>
                  </Shape>
                  <String CONTENT="uere et dare signa inaurata que uouit dedit"
                          HPOS="190"
                          VPOS="1134"
                          WIDTH="873"
                          HEIGHT="46"/>
               </TextLine>
               <TextLine ID="zone-line_IRHT_P_007009_1-20"
                         BASELINE=""
                         HPOS="183"
                         VPOS="1194"
                         WIDTH="889"
                         HEIGHT="48">
                  <Shape>
                     <Polygon POINTS="183,1194 1072,1194 1072,1242 183,1242"/>
                  </Shape>
                  <String CONTENT="que x uiri suplicationem in biduum ualitudinis"
                          HPOS="183"
                          VPOS="1194"
                          WIDTH="889"
                          HEIGHT="48"/>
               </TextLine>
               <TextLine ID="zone-line_IRHT_P_007009_1-21"
                         BASELINE=""
                         HPOS="194"
                         VPOS="1250"
                         WIDTH="864"
                         HEIGHT="52">
                  <Shape>
                     <Polygon POINTS="194,1250 1058,1250 1058,1302 194,1302"/>
                  </Shape>
                  <String CONTENT="causa et per omnia fora conciliabulaque edixerunt"
                          HPOS="194"
                          VPOS="1250"
                          WIDTH="864"
                          HEIGHT="52"/>
               </TextLine>
            </TextBlock>
         </PrintSpace>
      </Page>
   </Layout>
</alto>
