<?xml version="1.0" encoding="UTF-8"?>
<alto xmlns="http://www.loc.gov/standards/alto/ns-v4#"
      xmlns:xsi="http://www.w3.org/2001/XMLSchema-instance"
      xmlns:tei="http://www.tei-c.org/ns/1.0"
      xsi:schemaLocation="http://www.loc.gov/standards/alto/ns-v4# ../schema/alto.xsd">
   <Description>
      <MeasurementUnit>pixel</MeasurementUnit>
      <sourceImageInformation>
         <fileName>IRHT_P_002781.tif</fileName>
      </sourceImageInformation>
   </Description>
   <Layout>
      <Page ID="zone-page_IRHT_P_002781"
            PHYSICAL_IMG_NR="0"
            WIDTH="1320"
            HEIGHT="1784">
         <PrintSpace HPOS="0" VPOS="0" WIDTH="1320" HEIGHT="1784">
            <TextBlock HPOS="259"
                       VPOS="8"
                       WIDTH="995"
                       HEIGHT="1655"
                       ID="zone-col_IRHT_P_002781_1">
               <Shape>
                  <Polygon POINTS="259,8 1254,8 1254,1663 259,1663"/>
               </Shape>
               <TextLine ID="zone-line_IRHT_P_002781_1-1"
                         BASELINE=""
                         HPOS="322"
                         VPOS="60"
                         WIDTH="905"
                         HEIGHT="58">
                  <Shape>
                     <Polygon POINTS="322,60 1227,60 1227,118 322,118"/>
                  </Shape>
                  <String CONTENT="uo in feudum non succedat nisi prius d"
                          HPOS="322"
                          VPOS="60"
                          WIDTH="905"
                          HEIGHT="58"/>
               </TextLine>
               <TextLine ID="zone-line_IRHT_P_002781_1-2"
                         BASELINE=""
                         HPOS="313"
                         VPOS="111"
                         WIDTH="933"
                         HEIGHT="66">
                  <Shape>
                     <Polygon POINTS="313,111 1246,111 1246,177 313,177"/>
                  </Shape>
                  <String CONTENT="domino satisfecerit parique modo pro omnibus i"
                          HPOS="313"
                          VPOS="111"
                          WIDTH="933"
                          HEIGHT="66"/>
               </TextLine>
               <TextLine ID="zone-line_IRHT_P_002781_1-3"
                         BASELINE=""
                         HPOS="315"
                         VPOS="171"
                         WIDTH="906"
                         HEIGHT="66">
                  <Shape>
                     <Polygon POINTS="315,171 1221,171 1221,237 315,237"/>
                  </Shape>
                  <String CONTENT="domesticis suis hoc faciat illud"
                          HPOS="315"
                          VPOS="171"
                          WIDTH="906"
                          HEIGHT="66"/>
               </TextLine>
               <TextLine ID="zone-line_IRHT_P_002781_1-4"
                         BASELINE=""
                         HPOS="314"
                         VPOS="234"
                         WIDTH="925"
                         HEIGHT="65">
                  <Shape>
                     <Polygon POINTS="314,234 1239,234 1239,299 314,299"/>
                  </Shape>
                  <String CONTENT="quoque precipimus ut si uassallus de f"
                          HPOS="314"
                          VPOS="234"
                          WIDTH="925"
                          HEIGHT="65"/>
               </TextLine>
               <TextLine ID="zone-line_IRHT_P_002781_1-5"
                         BASELINE=""
                         HPOS="309"
                         VPOS="302"
                         WIDTH="945"
                         HEIGHT="59">
                  <Shape>
                     <Polygon POINTS="309,302 1254,302 1254,361 309,361"/>
                  </Shape>
                  <String CONTENT="eudo suo alium uassallum habuerit et ua"
                          HPOS="309"
                          VPOS="302"
                          WIDTH="945"
                          HEIGHT="59"/>
               </TextLine>
               <TextLine ID="zone-line_IRHT_P_002781_1-6"
                         BASELINE=""
                         HPOS="305"
                         VPOS="367"
                         WIDTH="940"
                         HEIGHT="59">
                  <Shape>
                     <Polygon POINTS="305,367 1245,367 1245,426 305,426"/>
                  </Shape>
                  <String CONTENT="ssalus uassalli dominum domini sui offenderit"
                          HPOS="305"
                          VPOS="367"
                          WIDTH="940"
                          HEIGHT="59"/>
               </TextLine>
               <TextLine ID="zone-line_IRHT_P_002781_1-7"
                         BASELINE=""
                         HPOS="304"
                         VPOS="431"
                         WIDTH="939"
                         HEIGHT="59">
                  <Shape>
                     <Polygon POINTS="304,431 1243,431 1243,490 304,490"/>
                  </Shape>
                  <String CONTENT="nisi pro seruitio alterius domini sui hoc fecerit"
                          HPOS="304"
                          VPOS="431"
                          WIDTH="939"
                          HEIGHT="59"/>
               </TextLine>
               <TextLine ID="zone-line_IRHT_P_002781_1-8"
                         BASELINE=""
                         HPOS="311"
                         VPOS="493"
                         WIDTH="924"
                         HEIGHT="58">
                  <Shape>
                     <Polygon POINTS="311,493 1235,493 1235,551 311,551"/>
                  </Shape>
                  <String CONTENT="quem sine fraude antea habuerit feudo suo p"
                          HPOS="311"
                          VPOS="493"
                          WIDTH="924"
                          HEIGHT="58"/>
               </TextLine>
               <TextLine ID="zone-line_IRHT_P_002781_1-9"
                         BASELINE=""
                         HPOS="316"
                         VPOS="555"
                         WIDTH="919"
                         HEIGHT="55">
                  <Shape>
                     <Polygon POINTS="316,555 1235,555 1235,610 316,610"/>
                  </Shape>
                  <String CONTENT="priuetur et ad dominum suum a quo ipse te"
                          HPOS="316"
                          VPOS="555"
                          WIDTH="919"
                          HEIGHT="55"/>
               </TextLine>
               <TextLine ID="zone-line_IRHT_P_002781_1-10"
                         BASELINE=""
                         HPOS="315"
                         VPOS="622"
                         WIDTH="934"
                         HEIGHT="51">
                  <Shape>
                     <Polygon POINTS="315,622 1249,622 1249,673 315,673"/>
                  </Shape>
                  <String CONTENT="nebat reuertatur nisi requisitus ab e"
                          HPOS="315"
                          VPOS="622"
                          WIDTH="934"
                          HEIGHT="51"/>
               </TextLine>
               <TextLine ID="zone-line_IRHT_P_002781_1-11"
                         BASELINE=""
                         HPOS="312"
                         VPOS="685"
                         WIDTH="933"
                         HEIGHT="54">
                  <Shape>
                     <Polygon POINTS="312,685 1245,685 1245,739 312,739"/>
                  </Shape>
                  <String CONTENT="o pactus fuerit satisfacere maiori domino quem"
                          HPOS="312"
                          VPOS="685"
                          WIDTH="933"
                          HEIGHT="54"/>
               </TextLine>
               <TextLine ID="zone-line_IRHT_P_002781_1-12"
                         BASELINE=""
                         HPOS="319"
                         VPOS="744"
                         WIDTH="898"
                         HEIGHT="54">
                  <Shape>
                     <Polygon POINTS="319,744 1217,744 1217,798 319,798"/>
                  </Shape>
                  <String CONTENT="offendit et nisi uassallus idemque a suo"
                          HPOS="319"
                          VPOS="744"
                          WIDTH="898"
                          HEIGHT="54"/>
               </TextLine>
               <TextLine ID="zone-line_IRHT_P_002781_1-13"
                         BASELINE=""
                         HPOS="314"
                         VPOS="808"
                         WIDTH="911"
                         HEIGHT="52">
                  <Shape>
                     <Polygon POINTS="314,808 1225,808 1225,860 314,860"/>
                  </Shape>
                  <String CONTENT="domino requisitus eum qui maiorem"
                          HPOS="314"
                          VPOS="808"
                          WIDTH="911"
                          HEIGHT="52"/>
               </TextLine>
               <TextLine ID="zone-line_IRHT_P_002781_1-14"
                         BASELINE=""
                         HPOS="313"
                         VPOS="870"
                         WIDTH="913"
                         HEIGHT="51">
                  <Shape>
                     <Polygon POINTS="313,870 1226,870 1226,921 313,921"/>
                  </Shape>
                  <String CONTENT="dominum offendit requisierit ut sa"
                          HPOS="313"
                          VPOS="870"
                          WIDTH="913"
                          HEIGHT="51"/>
               </TextLine>
               <TextLine ID="zone-line_IRHT_P_002781_1-15"
                         BASELINE=""
                         HPOS="307"
                         VPOS="934"
                         WIDTH="924"
                         HEIGHT="54">
                  <Shape>
                     <Polygon POINTS="307,934 1231,934 1231,988 307,988"/>
                  </Shape>
                  <String CONTENT="tis faciat suum feudum amittat pretere"
                          HPOS="307"
                          VPOS="934"
                          WIDTH="924"
                          HEIGHT="54"/>
               </TextLine>
               <TextLine ID="zone-line_IRHT_P_002781_1-16"
                         BASELINE=""
                         HPOS="313"
                         VPOS="997"
                         WIDTH="902"
                         HEIGHT="52">
                  <Shape>
                     <Polygon POINTS="313,997 1215,997 1215,1049 313,1049"/>
                  </Shape>
                  <String CONTENT="a si de feudo inter duos uassallos sit con"
                          HPOS="313"
                          VPOS="997"
                          WIDTH="902"
                          HEIGHT="52"/>
               </TextLine>
               <TextLine ID="zone-line_IRHT_P_002781_1-17"
                         BASELINE=""
                         HPOS="259"
                         VPOS="1059"
                         WIDTH="958"
                         HEIGHT="57">
                  <Shape>
                     <Polygon POINTS="259,1059 1217,1059 1217,1116 259,1116"/>
                  </Shape>
                  <String CONTENT="trouersia domini sit cognitio et per eum con"
                          HPOS="259"
                          VPOS="1059"
                          WIDTH="958"
                          HEIGHT="57"/>
               </TextLine>
               <TextLine ID="zone-line_IRHT_P_002781_1-18"
                         BASELINE=""
                         HPOS="740"
                         VPOS="1119"
                         WIDTH="491"
                         HEIGHT="47">
                  <Shape>
                     <Polygon POINTS="740,1119 1231,1119 1231,1166 740,1166"/>
                  </Shape>
                  <String CONTENT="trouersia terminetur"
                          HPOS="740"
                          VPOS="1119"
                          WIDTH="491"
                          HEIGHT="47"/>
               </TextLine>
               <TextLine ID="zone-line_IRHT_P_002781_1-19"
                         BASELINE=""
                         HPOS="329"
                         VPOS="1124"
                         WIDTH="411"
                         HEIGHT="46">
                  <Shape>
                     <Polygon POINTS="329,1124 740,1124 740,1170 329,1170"/>
                  </Shape>
                  <String CONTENT="si uero inter dominum et"
                          HPOS="329"
                          VPOS="1124"
                          WIDTH="411"
                          HEIGHT="46"/>
               </TextLine>
               <TextLine ID="zone-line_IRHT_P_002781_1-20"
                         BASELINE=""
                         HPOS="312"
                         VPOS="1181"
                         WIDTH="893"
                         HEIGHT="54">
                  <Shape>
                     <Polygon POINTS="312,1181 1205,1181 1205,1235 312,1235"/>
                  </Shape>
                  <String CONTENT="uassallum lis oriatur per pares curie a d"
                          HPOS="312"
                          VPOS="1181"
                          WIDTH="893"
                          HEIGHT="54"/>
               </TextLine>
               <TextLine ID="zone-line_IRHT_P_002781_1-21"
                         BASELINE=""
                         HPOS="298"
                         VPOS="1246"
                         WIDTH="925"
                         HEIGHT="48">
                  <Shape>
                     <Polygon POINTS="298,1246 1223,1246 1223,1294 298,1294"/>
                  </Shape>
                  <String CONTENT="domino suo debito fidelitatis coniurai"
                          HPOS="298"
                          VPOS="1246"
                          WIDTH="925"
                          HEIGHT="48"/>
               </TextLine>
               <TextLine ID="zone-line_IRHT_P_002781_1-22"
                         BASELINE=""
                         HPOS="309"
                         VPOS="1307"
                         WIDTH="914"
                         HEIGHT="54">
                  <Shape>
                     <Polygon POINTS="309,1307 1223,1307 1223,1361 309,1361"/>
                  </Shape>
                  <String CONTENT="tos terminetur illud quoque sancimu"
                          HPOS="309"
                          VPOS="1307"
                          WIDTH="914"
                          HEIGHT="54"/>
               </TextLine>
               <TextLine ID="zone-line_IRHT_P_002781_1-23"
                         BASELINE=""
                         HPOS="307"
                         VPOS="1376"
                         WIDTH="917"
                         HEIGHT="44">
                  <Shape>
                     <Polygon POINTS="307,1376 1224,1376 1224,1420 307,1420"/>
                  </Shape>
                  <String CONTENT="ut in omni sacramento fidelitatis nom"
                          HPOS="307"
                          VPOS="1376"
                          WIDTH="917"
                          HEIGHT="44"/>
               </TextLine>
               <TextLine ID="zone-line_IRHT_P_002781_1-24"
                         BASELINE=""
                         HPOS="305"
                         VPOS="1435"
                         WIDTH="907"
                         HEIGHT="46">
                  <Shape>
                     <Polygon POINTS="305,1435 1212,1435 1212,1481 305,1481"/>
                  </Shape>
                  <String CONTENT="inatim inmperator excipiatur"
                          HPOS="305"
                          VPOS="1435"
                          WIDTH="907"
                          HEIGHT="46"/>
               </TextLine>
               <TextLine ID="zone-line_IRHT_P_002781_1-25"
                         BASELINE=""
                         HPOS="306"
                         VPOS="1493"
                         WIDTH="909"
                         HEIGHT="46">
                  <Shape>
                     <Polygon POINTS="306,1493 1215,1493 1215,1539 306,1539"/>
                  </Shape>
                  <String CONTENT="explicit liber autenticorum"
                          HPOS="306"
                          VPOS="1493"
                          WIDTH="909"
                          HEIGHT="46"/>
               </TextLine>
               <TextLine ID="zone-line_IRHT_P_002781_1-26"
                         BASELINE=""
                         HPOS="301"
                         VPOS="1620"
                         WIDTH="905"
                         HEIGHT="43">
                  <Shape>
                     <Polygon POINTS="301,1620 1206,1620 1206,1663 301,1663"/>
                  </Shape>
                  <String CONTENT="explicit liber autenticorum"
                          HPOS="301"
                          VPOS="1620"
                          WIDTH="905"
                          HEIGHT="43"/>
               </TextLine>
            </TextBlock>
         </PrintSpace>
      </Page>
   </Layout>
</alto>
