<?xml version="1.0" encoding="UTF-8"?>
<alto xmlns="http://www.loc.gov/standards/alto/ns-v4#"
      xmlns:xsi="http://www.w3.org/2001/XMLSchema-instance"
      xmlns:tei="http://www.tei-c.org/ns/1.0"
      xsi:schemaLocation="http://www.loc.gov/standards/alto/ns-v4# ../schema/alto.xsd">
   <Description>
      <MeasurementUnit>pixel</MeasurementUnit>
      <sourceImageInformation>
         <fileName>IRHT_P_007011.tif</fileName>
      </sourceImageInformation>
   </Description>
   <Layout>
      <Page ID="zone-page_IRHT_P_007011"
            PHYSICAL_IMG_NR="0"
            WIDTH="1198"
            HEIGHT="1754">
         <PrintSpace HPOS="0" VPOS="0" WIDTH="1198" HEIGHT="1754">
            <TextBlock HPOS="104"
                       VPOS="130"
                       WIDTH="1089"
                       HEIGHT="1043"
                       ID="zone-col_IRHT_P_007011_1">
               <Shape>
                  <Polygon POINTS="104,130 1193,130 1193,1173 104,1173"/>
               </Shape>
               <TextLine ID="zone-line_IRHT_P_007011_1-1"
                         BASELINE=""
                         HPOS="104"
                         VPOS="130"
                         WIDTH="1059"
                         HEIGHT="61">
                  <Shape>
                     <Polygon POINTS="104,130 1163,130 1163,191 104,191"/>
                  </Shape>
                  <String CONTENT="ante reclusum sub numa rege et uicta primum"
                          HPOS="104"
                          VPOS="130"
                          WIDTH="1059"
                          HEIGHT="61"/>
               </TextLine>
               <TextLine ID="zone-line_IRHT_P_007011_1-2"
                         BASELINE=""
                         HPOS="115"
                         VPOS="207"
                         WIDTH="1069"
                         HEIGHT="65">
                  <Shape>
                     <Polygon POINTS="115,207 1184,207 1184,272 115,272"/>
                  </Shape>
                  <String CONTENT="carthagine hinc conuersus ad pacem pronum"
                          HPOS="115"
                          VPOS="207"
                          WIDTH="1069"
                          HEIGHT="65"/>
               </TextLine>
               <TextLine ID="zone-line_IRHT_P_007011_1-3"
                         BASELINE=""
                         HPOS="116"
                         VPOS="287"
                         WIDTH="1044"
                         HEIGHT="61">
                  <Shape>
                     <Polygon POINTS="116,287 1160,287 1160,348 116,348"/>
                  </Shape>
                  <String CONTENT="in omnia mala et in luxum fluens saeculum"
                          HPOS="116"
                          VPOS="287"
                          WIDTH="1044"
                          HEIGHT="61"/>
               </TextLine>
               <TextLine ID="zone-line_IRHT_P_007011_1-4"
                         BASELINE=""
                         HPOS="119"
                         VPOS="364"
                         WIDTH="1063"
                         HEIGHT="61">
                  <Shape>
                     <Polygon POINTS="119,364 1182,364 1182,425 119,425"/>
                  </Shape>
                  <String CONTENT="grauibus seuerisque legibus multis coercuit ob"
                          HPOS="119"
                          VPOS="364"
                          WIDTH="1063"
                          HEIGHT="61"/>
               </TextLine>
               <TextLine ID="zone-line_IRHT_P_007011_1-5"
                         BASELINE=""
                         HPOS="116"
                         VPOS="446"
                         WIDTH="1069"
                         HEIGHT="60">
                  <Shape>
                     <Polygon POINTS="116,446 1185,446 1185,506 116,506"/>
                  </Shape>
                  <String CONTENT="haec tot facta ingentia dictator perpetuus et pa"
                          HPOS="116"
                          VPOS="446"
                          WIDTH="1069"
                          HEIGHT="60"/>
               </TextLine>
               <TextLine ID="zone-line_IRHT_P_007011_1-6"
                         BASELINE=""
                         HPOS="119"
                         VPOS="527"
                         WIDTH="1038"
                         HEIGHT="63">
                  <Shape>
                     <Polygon POINTS="119,527 1157,527 1157,590 119,590"/>
                  </Shape>
                  <String CONTENT="ter patrię dictus est tractatum etiam in sena"
                          HPOS="119"
                          VPOS="527"
                          WIDTH="1038"
                          HEIGHT="63"/>
               </TextLine>
               <TextLine ID="zone-line_IRHT_P_007011_1-7"
                         BASELINE=""
                         HPOS="119"
                         VPOS="608"
                         WIDTH="1045"
                         HEIGHT="61">
                  <Shape>
                     <Polygon POINTS="119,608 1164,608 1164,669 119,669"/>
                  </Shape>
                  <String CONTENT="tu an quia condidisset imperium romulus uo"
                          HPOS="119"
                          VPOS="608"
                          WIDTH="1045"
                          HEIGHT="61"/>
               </TextLine>
               <TextLine ID="zone-line_IRHT_P_007011_1-8"
                         BASELINE=""
                         HPOS="118"
                         VPOS="688"
                         WIDTH="1053"
                         HEIGHT="64">
                  <Shape>
                     <Polygon POINTS="118,688 1171,688 1171,752 118,752"/>
                  </Shape>
                  <String CONTENT="caretur sed sanctius er reuerentius uisum est"
                          HPOS="118"
                          VPOS="688"
                          WIDTH="1053"
                          HEIGHT="64"/>
               </TextLine>
               <TextLine ID="zone-line_IRHT_P_007011_1-9"
                         BASELINE=""
                         HPOS="114"
                         VPOS="771"
                         WIDTH="1053"
                         HEIGHT="64">
                  <Shape>
                     <Polygon POINTS="114,771 1167,771 1167,835 114,835"/>
                  </Shape>
                  <String CONTENT="nomen augusti ut scilicet iamdudum dum"
                          HPOS="114"
                          VPOS="771"
                          WIDTH="1053"
                          HEIGHT="64"/>
               </TextLine>
               <TextLine ID="zone-line_IRHT_P_007011_1-10"
                         BASELINE=""
                         HPOS="109"
                         VPOS="853"
                         WIDTH="1084"
                         HEIGHT="66">
                  <Shape>
                     <Polygon POINTS="109,853 1193,853 1193,919 109,919"/>
                  </Shape>
                  <String CONTENT="colit terras ipso nomine et titulo consecretur"
                          HPOS="109"
                          VPOS="853"
                          WIDTH="1084"
                          HEIGHT="66"/>
               </TextLine>
               <TextLine ID="zone-line_IRHT_P_007011_1-11"
                         BASELINE=""
                         HPOS="122"
                         VPOS="1018"
                         WIDTH="1029"
                         HEIGHT="68">
                  <Shape>
                     <Polygon POINTS="122,1018 1151,1018 1151,1086 122,1086"/>
                  </Shape>
                  <String CONTENT="l annei flori liber ultimus anno domini"
                          HPOS="122"
                          VPOS="1018"
                          WIDTH="1029"
                          HEIGHT="68"/>
               </TextLine>
               <TextLine ID="zone-line_IRHT_P_007011_1-12"
                         BASELINE=""
                         HPOS="115"
                         VPOS="1106"
                         WIDTH="984"
                         HEIGHT="67">
                  <Shape>
                     <Polygon POINTS="115,1106 1099,1106 1099,1173 115,1173"/>
                  </Shape>
                  <String CONTENT="1458 iii nonas ianuarias mediolani deo laus"
                          HPOS="115"
                          VPOS="1106"
                          WIDTH="984"
                          HEIGHT="67"/>
               </TextLine>
            </TextBlock>
         </PrintSpace>
      </Page>
   </Layout>
</alto>
