<?xml version="1.0" encoding="UTF-8"?>
<alto xmlns="http://www.loc.gov/standards/alto/ns-v4#"
      xmlns:xsi="http://www.w3.org/2001/XMLSchema-instance"
      xmlns:tei="http://www.tei-c.org/ns/1.0"
      xsi:schemaLocation="http://www.loc.gov/standards/alto/ns-v4# ../schema/alto.xsd">
   <Description>
      <MeasurementUnit>pixel</MeasurementUnit>
      <sourceImageInformation>
         <fileName>IRHT_P_007384.tif</fileName>
      </sourceImageInformation>
   </Description>
   <Layout>
      <Page ID="zone-page_IRHT_P_007384"
            PHYSICAL_IMG_NR="0"
            WIDTH="1701"
            HEIGHT="1249">
         <PrintSpace HPOS="0" VPOS="0" WIDTH="1701" HEIGHT="1249">
            <TextBlock HPOS="122"
                       VPOS="0"
                       WIDTH="1430"
                       HEIGHT="1242"
                       ID="zone-col_IRHT_P_007384_1">
               <Shape>
                  <Polygon POINTS="122,0 1552,0 1552,1242 122,1242"/>
               </Shape>
               <TextLine ID="zone-line_IRHT_P_007384_1-1"
                         BASELINE=""
                         HPOS="122"
                         VPOS="62"
                         WIDTH="1430"
                         HEIGHT="64">
                  <Shape>
                     <Polygon POINTS="122,62 1552,62 1552,126 122,126"/>
                  </Shape>
                  <String CONTENT="ad luchinum uicecomitem mediolani dominum cum pira"
                          HPOS="122"
                          VPOS="62"
                          WIDTH="1430"
                          HEIGHT="64"/>
               </TextLine>
               <TextLine ID="zone-line_IRHT_P_007384_1-2"
                         BASELINE=""
                         HPOS="184"
                         VPOS="129"
                         WIDTH="1184"
                         HEIGHT="68">
                  <Shape>
                     <Polygon POINTS="184,129 1368,129 1368,197 184,197"/>
                  </Shape>
                  <String CONTENT="transmitteret incidenter egit de laudibus italie"
                          HPOS="184"
                          VPOS="129"
                          WIDTH="1184"
                          HEIGHT="68"/>
               </TextLine>
               <TextLine ID="zone-line_IRHT_P_007384_1-3"
                         BASELINE=""
                         HPOS="271"
                         VPOS="198"
                         WIDTH="1017"
                         HEIGHT="60">
                  <Shape>
                     <Polygon POINTS="271,198 1288,198 1288,258 271,258"/>
                  </Shape>
                  <String CONTENT="argolicas si fama uolans uulgata per urbes"
                          HPOS="271"
                          VPOS="198"
                          WIDTH="1017"
                          HEIGHT="60"/>
               </TextLine>
               <TextLine ID="zone-line_IRHT_P_007384_1-4"
                         BASELINE=""
                         HPOS="340"
                         VPOS="262"
                         WIDTH="1099"
                         HEIGHT="66">
                  <Shape>
                     <Polygon POINTS="340,262 1439,262 1439,328 340,328"/>
                  </Shape>
                  <String CONTENT="arboris ausonie quondam dum splenduit etas"
                          HPOS="340"
                          VPOS="262"
                          WIDTH="1099"
                          HEIGHT="66"/>
               </TextLine>
               <TextLine ID="zone-line_IRHT_P_007384_1-5"
                         BASELINE=""
                         HPOS="327"
                         VPOS="329"
                         WIDTH="832"
                         HEIGHT="59">
                  <Shape>
                     <Polygon POINTS="327,329 1159,329 1159,388 327,388"/>
                  </Shape>
                  <String CONTENT="aurea saturno terris regnante fuisset"
                          HPOS="327"
                          VPOS="329"
                          WIDTH="832"
                          HEIGHT="59"/>
               </TextLine>
               <TextLine ID="zone-line_IRHT_P_007384_1-6"
                         BASELINE=""
                         HPOS="189"
                         VPOS="397"
                         WIDTH="925"
                         HEIGHT="54">
                  <Shape>
                     <Polygon POINTS="189,397 1114,397 1114,451 189,451"/>
                  </Shape>
                  <String CONTENT="ut reor eurysteus nunquam tot ferre labores"
                          HPOS="189"
                          VPOS="397"
                          WIDTH="925"
                          HEIGHT="54"/>
               </TextLine>
               <TextLine ID="zone-line_IRHT_P_007384_1-7"
                         BASELINE=""
                         HPOS="186"
                         VPOS="466"
                         WIDTH="955"
                         HEIGHT="51">
                  <Shape>
                     <Polygon POINTS="186,466 1141,466 1141,517 186,517"/>
                  </Shape>
                  <String CONTENT="cogeret alcydem sua ditia poma draconi"
                          HPOS="186"
                          VPOS="466"
                          WIDTH="955"
                          HEIGHT="51"/>
               </TextLine>
               <TextLine ID="zone-line_IRHT_P_007384_1-8"
                         BASELINE=""
                         HPOS="183"
                         VPOS="535"
                         WIDTH="1056"
                         HEIGHT="50">
                  <Shape>
                     <Polygon POINTS="183,535 1239,535 1239,585 183,585"/>
                  </Shape>
                  <String CONTENT="ortulus hesperidum male custoditus haberet"
                          HPOS="183"
                          VPOS="535"
                          WIDTH="1056"
                          HEIGHT="50"/>
               </TextLine>
               <TextLine ID="zone-line_IRHT_P_007384_1-9"
                         BASELINE=""
                         HPOS="181"
                         VPOS="597"
                         WIDTH="1106"
                         HEIGHT="53">
                  <Shape>
                     <Polygon POINTS="181,597 1287,597 1287,650 181,650"/>
                  </Shape>
                  <String CONTENT="hoc potius mandaret opus nec uinceret aurum"
                          HPOS="181"
                          VPOS="597"
                          WIDTH="1106"
                          HEIGHT="53"/>
               </TextLine>
               <TextLine ID="zone-line_IRHT_P_007384_1-10"
                         BASELINE=""
                         HPOS="181"
                         VPOS="662"
                         WIDTH="873"
                         HEIGHT="55">
                  <Shape>
                     <Polygon POINTS="181,662 1054,662 1054,717 181,717"/>
                  </Shape>
                  <String CONTENT="natiui dulcoris opes felitius omni"
                          HPOS="181"
                          VPOS="662"
                          WIDTH="873"
                          HEIGHT="55"/>
               </TextLine>
               <TextLine ID="zone-line_IRHT_P_007384_1-11"
                         BASELINE=""
                         HPOS="191"
                         VPOS="730"
                         WIDTH="917"
                         HEIGHT="55">
                  <Shape>
                     <Polygon POINTS="191,730 1108,730 1108,785 191,785"/>
                  </Shape>
                  <String CONTENT="es latium tellure quidem prefertilis ora"
                          HPOS="191"
                          VPOS="730"
                          WIDTH="917"
                          HEIGHT="55"/>
               </TextLine>
               <TextLine ID="zone-line_IRHT_P_007384_1-12"
                         BASELINE=""
                         HPOS="192"
                         VPOS="865"
                         WIDTH="940"
                         HEIGHT="54">
                  <Shape>
                     <Polygon POINTS="192,865 1132,865 1132,919 192,919"/>
                  </Shape>
                  <String CONTENT="italie quam fulua ceres uiridisque minerua"
                          HPOS="192"
                          VPOS="865"
                          WIDTH="940"
                          HEIGHT="54"/>
               </TextLine>
               <TextLine ID="zone-line_IRHT_P_007384_1-13"
                         BASELINE=""
                         HPOS="191"
                         VPOS="931"
                         WIDTH="1326"
                         HEIGHT="57">
                  <Shape>
                     <Polygon POINTS="191,931 1517,931 1517,988 191,988"/>
                  </Shape>
                  <String CONTENT="purpureus quam bachus quam amat tu frondea capris"
                          HPOS="191"
                          VPOS="931"
                          WIDTH="1326"
                          HEIGHT="57"/>
               </TextLine>
               <TextLine ID="zone-line_IRHT_P_007384_1-14"
                         BASELINE=""
                         HPOS="187"
                         VPOS="995"
                         WIDTH="917"
                         HEIGHT="51">
                  <Shape>
                     <Polygon POINTS="187,995 1104,995 1104,1046 187,1046"/>
                  </Shape>
                  <String CONTENT="florea mellificis apibus pecorique uicissim"
                          HPOS="187"
                          VPOS="995"
                          WIDTH="917"
                          HEIGHT="51"/>
               </TextLine>
               <TextLine ID="zone-line_IRHT_P_007384_1-15"
                         BASELINE=""
                         HPOS="192"
                         VPOS="1062"
                         WIDTH="948"
                         HEIGHT="54">
                  <Shape>
                     <Polygon POINTS="192,1062 1140,1062 1140,1116 192,1116"/>
                  </Shape>
                  <String CONTENT="pascua et irriguis late pulcerrima pratis"
                          HPOS="192"
                          VPOS="1062"
                          WIDTH="948"
                          HEIGHT="54"/>
               </TextLine>
               <TextLine ID="zone-line_IRHT_P_007384_1-16"
                         BASELINE=""
                         HPOS="180"
                         VPOS="1130"
                         WIDTH="1052"
                         HEIGHT="50">
                  <Shape>
                     <Polygon POINTS="180,1130 1232,1130 1232,1180 180,1180"/>
                  </Shape>
                  <String CONTENT="tu redolens ortis uariis scatebrosa metallis"
                          HPOS="180"
                          VPOS="1130"
                          WIDTH="1052"
                          HEIGHT="50"/>
               </TextLine>
               <TextLine ID="zone-line_IRHT_P_007384_1-17"
                         BASELINE=""
                         HPOS="190"
                         VPOS="1193"
                         WIDTH="1004"
                         HEIGHT="49">
                  <Shape>
                     <Polygon POINTS="190,1193 1194,1193 1194,1242 190,1242"/>
                  </Shape>
                  <String CONTENT="arboribusque uirens siluis umbrosa uetustis"
                          HPOS="190"
                          VPOS="1193"
                          WIDTH="1004"
                          HEIGHT="49"/>
               </TextLine>
            </TextBlock>
         </PrintSpace>
      </Page>
   </Layout>
</alto>
