<?xml version="1.0" encoding="UTF-8"?>
<alto xmlns="http://www.loc.gov/standards/alto/ns-v4#"
      xmlns:xsi="http://www.w3.org/2001/XMLSchema-instance"
      xmlns:tei="http://www.tei-c.org/ns/1.0"
      xsi:schemaLocation="http://www.loc.gov/standards/alto/ns-v4# ../schema/alto.xsd">
   <Description>
      <MeasurementUnit>pixel</MeasurementUnit>
      <sourceImageInformation>
         <fileName>IRHT_P_007943.tif</fileName>
      </sourceImageInformation>
   </Description>
   <Layout>
      <Page ID="zone-page_IRHT_P_007943"
            PHYSICAL_IMG_NR="0"
            WIDTH="1242"
            HEIGHT="1743">
         <PrintSpace HPOS="0" VPOS="0" WIDTH="1242" HEIGHT="1743">
            <TextBlock HPOS="182"
                       VPOS="197"
                       WIDTH="405"
                       HEIGHT="1257"
                       ID="zone-col_IRHT_P_007943_1">
               <Shape>
                  <Polygon POINTS="182,197 587,197 587,1454 182,1454"/>
               </Shape>
               <TextLine ID="zone-line_IRHT_P_007943_1-1"
                         BASELINE=""
                         HPOS="197"
                         VPOS="197"
                         WIDTH="373"
                         HEIGHT="34">
                  <Shape>
                     <Polygon POINTS="197,197 570,197 570,231 197,231"/>
                  </Shape>
                  <String CONTENT="regnum telorum sed tamen dicti"
                          HPOS="197"
                          VPOS="197"
                          WIDTH="373"
                          HEIGHT="34"/>
               </TextLine>
               <TextLine ID="zone-line_IRHT_P_007943_1-2"
                         BASELINE=""
                         HPOS="192"
                         VPOS="233"
                         WIDTH="382"
                         HEIGHT="35">
                  <Shape>
                     <Polygon POINTS="192,233 574,233 574,268 192,268"/>
                  </Shape>
                  <String CONTENT="iudei expectauerunt et credi"
                          HPOS="192"
                          VPOS="233"
                          WIDTH="382"
                          HEIGHT="35"/>
               </TextLine>
               <TextLine ID="zone-line_IRHT_P_007943_1-3"
                         BASELINE=""
                         HPOS="198"
                         VPOS="272"
                         WIDTH="374"
                         HEIGHT="35">
                  <Shape>
                     <Polygon POINTS="198,272 572,272 572,307 198,307"/>
                  </Shape>
                  <String CONTENT="derunt uenturum sicut patres"
                          HPOS="198"
                          VPOS="272"
                          WIDTH="374"
                          HEIGHT="35"/>
               </TextLine>
               <TextLine ID="zone-line_IRHT_P_007943_1-4"
                         BASELINE=""
                         HPOS="193"
                         VPOS="310"
                         WIDTH="366"
                         HEIGHT="36">
                  <Shape>
                     <Polygon POINTS="193,310 559,310 559,346 193,346"/>
                  </Shape>
                  <String CONTENT="eorum antiqui crediderunt et"
                          HPOS="193"
                          VPOS="310"
                          WIDTH="366"
                          HEIGHT="36"/>
               </TextLine>
               <TextLine ID="zone-line_IRHT_P_007943_1-5"
                         BASELINE=""
                         HPOS="191"
                         VPOS="352"
                         WIDTH="376"
                         HEIGHT="34">
                  <Shape>
                     <Polygon POINTS="191,352 567,352 567,386 191,386"/>
                  </Shape>
                  <String CONTENT="tamen in inferno fuerunt et qui"
                          HPOS="191"
                          VPOS="352"
                          WIDTH="376"
                          HEIGHT="34"/>
               </TextLine>
               <TextLine ID="zone-line_IRHT_P_007943_1-6"
                         BASELINE=""
                         HPOS="193"
                         VPOS="390"
                         WIDTH="385"
                         HEIGHT="32">
                  <Shape>
                     <Polygon POINTS="193,390 578,390 578,422 193,422"/>
                  </Shape>
                  <String CONTENT="si uixissent usque ad tempus"
                          HPOS="193"
                          VPOS="390"
                          WIDTH="385"
                          HEIGHT="32"/>
               </TextLine>
               <TextLine ID="zone-line_IRHT_P_007943_1-7"
                         BASELINE=""
                         HPOS="194"
                         VPOS="428"
                         WIDTH="370"
                         HEIGHT="34">
                  <Shape>
                     <Polygon POINTS="194,428 564,428 564,462 194,462"/>
                  </Shape>
                  <String CONTENT="aduentus prophete christi tantum"
                          HPOS="194"
                          VPOS="428"
                          WIDTH="370"
                          HEIGHT="34"/>
               </TextLine>
               <TextLine ID="zone-line_IRHT_P_007943_1-8"
                         BASELINE=""
                         HPOS="195"
                         VPOS="469"
                         WIDTH="372"
                         HEIGHT="35">
                  <Shape>
                     <Polygon POINTS="195,469 567,469 567,504 195,504"/>
                  </Shape>
                  <String CONTENT="credidissent ipsi christum quan"
                          HPOS="195"
                          VPOS="469"
                          WIDTH="372"
                          HEIGHT="35"/>
               </TextLine>
               <TextLine ID="zone-line_IRHT_P_007943_1-9"
                         BASELINE=""
                         HPOS="202"
                         VPOS="507"
                         WIDTH="371"
                         HEIGHT="36">
                  <Shape>
                     <Polygon POINTS="202,507 573,507 573,543 202,543"/>
                  </Shape>
                  <String CONTENT="tum et isti crediderunt cum"
                          HPOS="202"
                          VPOS="507"
                          WIDTH="371"
                          HEIGHT="36"/>
               </TextLine>
               <TextLine ID="zone-line_IRHT_P_007943_1-10"
                         BASELINE=""
                         HPOS="187"
                         VPOS="547"
                         WIDTH="374"
                         HEIGHT="35">
                  <Shape>
                     <Polygon POINTS="187,547 561,547 561,582 187,582"/>
                  </Shape>
                  <String CONTENT="christus prophetam aggrauare debe"
                          HPOS="187"
                          VPOS="547"
                          WIDTH="374"
                          HEIGHT="35"/>
               </TextLine>
               <TextLine ID="zone-line_IRHT_P_007943_1-11"
                         BASELINE=""
                         HPOS="190"
                         VPOS="588"
                         WIDTH="369"
                         HEIGHT="34">
                  <Shape>
                     <Polygon POINTS="190,588 559,588 559,622 190,622"/>
                  </Shape>
                  <String CONTENT="bat corda iudeorum et eorum"
                          HPOS="190"
                          VPOS="588"
                          WIDTH="369"
                          HEIGHT="34"/>
               </TextLine>
               <TextLine ID="zone-line_IRHT_P_007943_1-12"
                         BASELINE=""
                         HPOS="194"
                         VPOS="626"
                         WIDTH="342"
                         HEIGHT="35">
                  <Shape>
                     <Polygon POINTS="194,626 536,626 536,661 194,661"/>
                  </Shape>
                  <String CONTENT="oculos excecare et aures"
                          HPOS="194"
                          VPOS="626"
                          WIDTH="342"
                          HEIGHT="35"/>
               </TextLine>
               <TextLine ID="zone-line_IRHT_P_007943_1-13"
                         BASELINE=""
                         HPOS="193"
                         VPOS="666"
                         WIDTH="369"
                         HEIGHT="35">
                  <Shape>
                     <Polygon POINTS="193,666 562,666 562,701 193,701"/>
                  </Shape>
                  <String CONTENT="claudere ut ysaias vi et per"
                          HPOS="193"
                          VPOS="666"
                          WIDTH="369"
                          HEIGHT="35"/>
               </TextLine>
               <TextLine ID="zone-line_IRHT_P_007943_1-14"
                         BASELINE=""
                         HPOS="204"
                         VPOS="705"
                         WIDTH="338"
                         HEIGHT="36">
                  <Shape>
                     <Polygon POINTS="204,705 542,705 542,741 204,741"/>
                  </Shape>
                  <String CONTENT="consequens credere non"
                          HPOS="204"
                          VPOS="705"
                          WIDTH="338"
                          HEIGHT="36"/>
               </TextLine>
               <TextLine ID="zone-line_IRHT_P_007943_1-15"
                         BASELINE=""
                         HPOS="189"
                         VPOS="742"
                         WIDTH="373"
                         HEIGHT="35">
                  <Shape>
                     <Polygon POINTS="189,742 562,742 562,777 189,777"/>
                  </Shape>
                  <String CONTENT="poterant ut iohannes xii nonne"
                          HPOS="189"
                          VPOS="742"
                          WIDTH="373"
                          HEIGHT="35"/>
               </TextLine>
               <TextLine ID="zone-line_IRHT_P_007943_1-16"
                         BASELINE=""
                         HPOS="185"
                         VPOS="786"
                         WIDTH="388"
                         HEIGHT="34">
                  <Shape>
                     <Polygon POINTS="185,786 573,786 573,820 185,820"/>
                  </Shape>
                  <String CONTENT="antiqui patres eorum interfecerint"
                          HPOS="185"
                          VPOS="786"
                          WIDTH="388"
                          HEIGHT="34"/>
               </TextLine>
               <TextLine ID="zone-line_IRHT_P_007943_1-17"
                         BASELINE=""
                         HPOS="196"
                         VPOS="827"
                         WIDTH="350"
                         HEIGHT="32">
                  <Shape>
                     <Polygon POINTS="196,827 546,827 546,859 196,859"/>
                  </Shape>
                  <String CONTENT="sanctos prophetas etiam a deo"
                          HPOS="196"
                          VPOS="827"
                          WIDTH="350"
                          HEIGHT="32"/>
               </TextLine>
               <TextLine ID="zone-line_IRHT_P_007943_1-18"
                         BASELINE=""
                         HPOS="189"
                         VPOS="868"
                         WIDTH="359"
                         HEIGHT="33">
                  <Shape>
                     <Polygon POINTS="189,868 548,868 548,901 189,901"/>
                  </Shape>
                  <String CONTENT="missos sicut ysayam et"
                          HPOS="189"
                          VPOS="868"
                          WIDTH="359"
                          HEIGHT="33"/>
               </TextLine>
               <TextLine ID="zone-line_IRHT_P_007943_1-19"
                         BASELINE=""
                         HPOS="193"
                         VPOS="909"
                         WIDTH="367"
                         HEIGHT="31">
                  <Shape>
                     <Polygon POINTS="193,909 560,909 560,940 193,940"/>
                  </Shape>
                  <String CONTENT="ieremiam et alios quam plures"
                          HPOS="193"
                          VPOS="909"
                          WIDTH="367"
                          HEIGHT="31"/>
               </TextLine>
               <TextLine ID="zone-line_IRHT_P_007943_1-20"
                         BASELINE=""
                         HPOS="191"
                         VPOS="949"
                         WIDTH="383"
                         HEIGHT="33">
                  <Shape>
                     <Polygon POINTS="191,949 574,949 574,982 191,982"/>
                  </Shape>
                  <String CONTENT="sed tamen dicti antiqui et sancti"
                          HPOS="191"
                          VPOS="949"
                          WIDTH="383"
                          HEIGHT="33"/>
               </TextLine>
               <TextLine ID="zone-line_IRHT_P_007943_1-21"
                         BASELINE=""
                         HPOS="187"
                         VPOS="988"
                         WIDTH="378"
                         HEIGHT="33">
                  <Shape>
                     <Polygon POINTS="187,988 565,988 565,1021 187,1021"/>
                  </Shape>
                  <String CONTENT="patres in inferno dampnati"
                          HPOS="187"
                          VPOS="988"
                          WIDTH="378"
                          HEIGHT="33"/>
               </TextLine>
               <TextLine ID="zone-line_IRHT_P_007943_1-22"
                         BASELINE=""
                         HPOS="185"
                         VPOS="1029"
                         WIDTH="393"
                         HEIGHT="32">
                  <Shape>
                     <Polygon POINTS="185,1029 578,1029 578,1061 185,1061"/>
                  </Shape>
                  <String CONTENT="fuerunt in sanguine testamenti"
                          HPOS="185"
                          VPOS="1029"
                          WIDTH="393"
                          HEIGHT="32"/>
               </TextLine>
               <TextLine ID="zone-line_IRHT_P_007943_1-23"
                         BASELINE=""
                         HPOS="191"
                         VPOS="1067"
                         WIDTH="381"
                         HEIGHT="32">
                  <Shape>
                     <Polygon POINTS="191,1067 572,1067 572,1099 191,1099"/>
                  </Shape>
                  <String CONTENT="saluati de inferno ergo et"
                          HPOS="191"
                          VPOS="1067"
                          WIDTH="381"
                          HEIGHT="32"/>
               </TextLine>
               <TextLine ID="zone-line_IRHT_P_007943_1-24"
                         BASELINE=""
                         HPOS="190"
                         VPOS="1105"
                         WIDTH="397"
                         HEIGHT="33">
                  <Shape>
                     <Polygon POINTS="190,1105 587,1105 587,1138 190,1138"/>
                  </Shape>
                  <String CONTENT="isti dicite michi o iusticia"
                          HPOS="190"
                          VPOS="1105"
                          WIDTH="397"
                          HEIGHT="33"/>
               </TextLine>
               <TextLine ID="zone-line_IRHT_P_007943_1-25"
                         BASELINE=""
                         HPOS="191"
                         VPOS="1146"
                         WIDTH="367"
                         HEIGHT="32">
                  <Shape>
                     <Polygon POINTS="191,1146 558,1146 558,1178 191,1178"/>
                  </Shape>
                  <String CONTENT="quid habuit significare de"
                          HPOS="191"
                          VPOS="1146"
                          WIDTH="367"
                          HEIGHT="32"/>
               </TextLine>
               <TextLine ID="zone-line_IRHT_P_007943_1-26"
                         BASELINE=""
                         HPOS="199"
                         VPOS="1183"
                         WIDTH="354"
                         HEIGHT="32">
                  <Shape>
                     <Polygon POINTS="199,1183 553,1183 553,1215 199,1215"/>
                  </Shape>
                  <String CONTENT="latere christi iudicis nostri"
                          HPOS="199"
                          VPOS="1183"
                          WIDTH="354"
                          HEIGHT="32"/>
               </TextLine>
               <TextLine ID="zone-line_IRHT_P_007943_1-27"
                         BASELINE=""
                         HPOS="182"
                         VPOS="1222"
                         WIDTH="379"
                         HEIGHT="34">
                  <Shape>
                     <Polygon POINTS="182,1222 561,1222 561,1256 182,1256"/>
                  </Shape>
                  <String CONTENT="sanguinem et claram aquam"
                          HPOS="182"
                          VPOS="1222"
                          WIDTH="379"
                          HEIGHT="34"/>
               </TextLine>
               <TextLine ID="zone-line_IRHT_P_007943_1-28"
                         BASELINE=""
                         HPOS="186"
                         VPOS="1259"
                         WIDTH="379"
                         HEIGHT="35">
                  <Shape>
                     <Polygon POINTS="186,1259 565,1259 565,1294 186,1294"/>
                  </Shape>
                  <String CONTENT="emanasse ait iusticia nescio"
                          HPOS="186"
                          VPOS="1259"
                          WIDTH="379"
                          HEIGHT="35"/>
               </TextLine>
               <TextLine ID="zone-line_IRHT_P_007943_1-29"
                         BASELINE=""
                         HPOS="186"
                         VPOS="1299"
                         WIDTH="395"
                         HEIGHT="37">
                  <Shape>
                     <Polygon POINTS="186,1299 581,1299 581,1336 186,1336"/>
                  </Shape>
                  <String CONTENT="ait misericordia postquam nescis"
                          HPOS="186"
                          VPOS="1299"
                          WIDTH="395"
                          HEIGHT="37"/>
               </TextLine>
               <TextLine ID="zone-line_IRHT_P_007943_1-30"
                         BASELINE=""
                         HPOS="182"
                         VPOS="1341"
                         WIDTH="404"
                         HEIGHT="35">
                  <Shape>
                     <Polygon POINTS="182,1341 586,1341 586,1376 182,1376"/>
                  </Shape>
                  <String CONTENT="te docebo et ait ipsa sanguine"
                          HPOS="182"
                          VPOS="1341"
                          WIDTH="404"
                          HEIGHT="35"/>
               </TextLine>
               <TextLine ID="zone-line_IRHT_P_007943_1-31"
                         BASELINE=""
                         HPOS="193"
                         VPOS="1380"
                         WIDTH="373"
                         HEIGHT="32">
                  <Shape>
                     <Polygon POINTS="193,1380 566,1380 566,1412 193,1412"/>
                  </Shape>
                  <String CONTENT="ille fuit sanguis federis de"
                          HPOS="193"
                          VPOS="1380"
                          WIDTH="373"
                          HEIGHT="32"/>
               </TextLine>
               <TextLine ID="zone-line_IRHT_P_007943_1-32"
                         BASELINE=""
                         HPOS="184"
                         VPOS="1419"
                         WIDTH="384"
                         HEIGHT="35">
                  <Shape>
                     <Polygon POINTS="184,1419 568,1419 568,1454 184,1454"/>
                  </Shape>
                  <String CONTENT="quo supradictum est in quo san"
                          HPOS="184"
                          VPOS="1419"
                          WIDTH="384"
                          HEIGHT="35"/>
               </TextLine>
            </TextBlock>
            <TextBlock HPOS="678"
                       VPOS="202"
                       WIDTH="459"
                       HEIGHT="1257"
                       ID="zone-col_IRHT_P_007943_2">
               <Shape>
                  <Polygon POINTS="678,202 1137,202 1137,1459 678,1459"/>
               </Shape>
               <TextLine ID="zone-line_IRHT_P_007943_2-1"
                         BASELINE=""
                         HPOS="678"
                         VPOS="202"
                         WIDTH="414"
                         HEIGHT="35">
                  <Shape>
                     <Polygon POINTS="678,202 1092,202 1092,237 678,237"/>
                  </Shape>
                  <String CONTENT="guine omnes circumcisos non"
                          HPOS="678"
                          VPOS="202"
                          WIDTH="414"
                          HEIGHT="35"/>
               </TextLine>
               <TextLine ID="zone-line_IRHT_P_007943_2-2"
                         BASELINE=""
                         HPOS="697"
                         VPOS="239"
                         WIDTH="398"
                         HEIGHT="33">
                  <Shape>
                     <Polygon POINTS="697,239 1095,239 1095,272 697,272"/>
                  </Shape>
                  <String CONTENT="preuaricatores legis et adeo"
                          HPOS="697"
                          VPOS="239"
                          WIDTH="398"
                          HEIGHT="33"/>
               </TextLine>
               <TextLine ID="zone-line_IRHT_P_007943_2-3"
                         BASELINE=""
                         HPOS="703"
                         VPOS="277"
                         WIDTH="373"
                         HEIGHT="32">
                  <Shape>
                     <Polygon POINTS="703,277 1076,277 1076,309 703,309"/>
                  </Shape>
                  <String CONTENT="et legis non fornicatores"
                          HPOS="703"
                          VPOS="277"
                          WIDTH="373"
                          HEIGHT="32"/>
               </TextLine>
               <TextLine ID="zone-line_IRHT_P_007943_2-4"
                         BASELINE=""
                         HPOS="701"
                         VPOS="315"
                         WIDTH="392"
                         HEIGHT="34">
                  <Shape>
                     <Polygon POINTS="701,315 1093,315 1093,349 701,349"/>
                  </Shape>
                  <String CONTENT="educere debebat de inferno"
                          HPOS="701"
                          VPOS="315"
                          WIDTH="392"
                          HEIGHT="34"/>
               </TextLine>
               <TextLine ID="zone-line_IRHT_P_007943_2-5"
                         BASELINE=""
                         HPOS="697"
                         VPOS="353"
                         WIDTH="406"
                         HEIGHT="34">
                  <Shape>
                     <Polygon POINTS="697,353 1103,353 1103,387 697,387"/>
                  </Shape>
                  <String CONTENT="aqua illa fuit federis gentium"
                          HPOS="697"
                          VPOS="353"
                          WIDTH="406"
                          HEIGHT="34"/>
               </TextLine>
               <TextLine ID="zone-line_IRHT_P_007943_2-6"
                         BASELINE=""
                         HPOS="706"
                         VPOS="392"
                         WIDTH="412"
                         HEIGHT="33">
                  <Shape>
                     <Polygon POINTS="706,392 1118,392 1118,425 706,425"/>
                  </Shape>
                  <String CONTENT="populi in qua aqua ipse dictas"
                          HPOS="706"
                          VPOS="392"
                          WIDTH="412"
                          HEIGHT="33"/>
               </TextLine>
               <TextLine ID="zone-line_IRHT_P_007943_2-7"
                         BASELINE=""
                         HPOS="698"
                         VPOS="431"
                         WIDTH="402"
                         HEIGHT="33">
                  <Shape>
                     <Polygon POINTS="698,431 1100,431 1100,464 698,464"/>
                  </Shape>
                  <String CONTENT="gentes in populum et regnum"
                          HPOS="698"
                          VPOS="431"
                          WIDTH="402"
                          HEIGHT="33"/>
               </TextLine>
               <TextLine ID="zone-line_IRHT_P_007943_2-8"
                         BASELINE=""
                         HPOS="704"
                         VPOS="470"
                         WIDTH="394"
                         HEIGHT="35">
                  <Shape>
                     <Polygon POINTS="704,470 1098,470 1098,505 704,505"/>
                  </Shape>
                  <String CONTENT="debebat hereditare ut ysaye"
                          HPOS="704"
                          VPOS="470"
                          WIDTH="394"
                          HEIGHT="35"/>
               </TextLine>
               <TextLine ID="zone-line_IRHT_P_007943_2-9"
                         BASELINE=""
                         HPOS="702"
                         VPOS="511"
                         WIDTH="406"
                         HEIGHT="34">
                  <Shape>
                     <Polygon POINTS="702,511 1108,511 1108,545 702,545"/>
                  </Shape>
                  <String CONTENT="lii sic ingloriosus erit inter"
                          HPOS="702"
                          VPOS="511"
                          WIDTH="406"
                          HEIGHT="34"/>
               </TextLine>
               <TextLine ID="zone-line_IRHT_P_007943_2-10"
                         BASELINE=""
                         HPOS="706"
                         VPOS="547"
                         WIDTH="410"
                         HEIGHT="37">
                  <Shape>
                     <Polygon POINTS="706,547 1116,547 1116,584 706,584"/>
                  </Shape>
                  <String CONTENT="uiros aspectus et forma eius"
                          HPOS="706"
                          VPOS="547"
                          WIDTH="410"
                          HEIGHT="37"/>
               </TextLine>
               <TextLine ID="zone-line_IRHT_P_007943_2-11"
                         BASELINE=""
                         HPOS="702"
                         VPOS="587"
                         WIDTH="403"
                         HEIGHT="38">
                  <Shape>
                     <Polygon POINTS="702,587 1105,587 1105,625 702,625"/>
                  </Shape>
                  <String CONTENT="inter filios hominum ipse asperget"
                          HPOS="702"
                          VPOS="587"
                          WIDTH="403"
                          HEIGHT="38"/>
               </TextLine>
               <TextLine ID="zone-line_IRHT_P_007943_2-12"
                         BASELINE=""
                         HPOS="697"
                         VPOS="629"
                         WIDTH="420"
                         HEIGHT="33">
                  <Shape>
                     <Polygon POINTS="697,629 1117,629 1117,662 697,662"/>
                  </Shape>
                  <String CONTENT="gentes multas super ipsum conti"
                          HPOS="697"
                          VPOS="629"
                          WIDTH="420"
                          HEIGHT="33"/>
               </TextLine>
               <TextLine ID="zone-line_IRHT_P_007943_2-13"
                         BASELINE=""
                         HPOS="710"
                         VPOS="671"
                         WIDTH="394"
                         HEIGHT="34">
                  <Shape>
                     <Polygon POINTS="710,671 1104,671 1104,705 710,705"/>
                  </Shape>
                  <String CONTENT="nebuntur reges os suum quia"
                          HPOS="710"
                          VPOS="671"
                          WIDTH="394"
                          HEIGHT="34"/>
               </TextLine>
               <TextLine ID="zone-line_IRHT_P_007943_2-14"
                         BASELINE=""
                         HPOS="704"
                         VPOS="709"
                         WIDTH="398"
                         HEIGHT="35">
                  <Shape>
                     <Polygon POINTS="704,709 1102,709 1102,744 704,744"/>
                  </Shape>
                  <String CONTENT="quibus non est narratum non"
                          HPOS="704"
                          VPOS="709"
                          WIDTH="398"
                          HEIGHT="35"/>
               </TextLine>
               <TextLine ID="zone-line_IRHT_P_007943_2-15"
                         BASELINE=""
                         HPOS="702"
                         VPOS="748"
                         WIDTH="400"
                         HEIGHT="34">
                  <Shape>
                     <Polygon POINTS="702,748 1102,748 1102,782 702,782"/>
                  </Shape>
                  <String CONTENT="de eo uidebunt et qui non"
                          HPOS="702"
                          VPOS="748"
                          WIDTH="400"
                          HEIGHT="34"/>
               </TextLine>
               <TextLine ID="zone-line_IRHT_P_007943_2-16"
                         BASELINE=""
                         HPOS="706"
                         VPOS="787"
                         WIDTH="394"
                         HEIGHT="36">
                  <Shape>
                     <Polygon POINTS="706,787 1100,787 1100,823 706,823"/>
                  </Shape>
                  <String CONTENT="audierunt contemplati sunt"
                          HPOS="706"
                          VPOS="787"
                          WIDTH="394"
                          HEIGHT="36"/>
               </TextLine>
               <TextLine ID="zone-line_IRHT_P_007943_2-17"
                         BASELINE=""
                         HPOS="713"
                         VPOS="828"
                         WIDTH="381"
                         HEIGHT="33">
                  <Shape>
                     <Polygon POINTS="713,828 1094,828 1094,861 713,861"/>
                  </Shape>
                  <String CONTENT="et etiam ipse christus qui debuit"
                          HPOS="713"
                          VPOS="828"
                          WIDTH="381"
                          HEIGHT="33"/>
               </TextLine>
               <TextLine ID="zone-line_IRHT_P_007943_2-18"
                         BASELINE=""
                         HPOS="714"
                         VPOS="868"
                         WIDTH="374"
                         HEIGHT="33">
                  <Shape>
                     <Polygon POINTS="714,868 1088,868 1088,901 714,901"/>
                  </Shape>
                  <String CONTENT="exprimi cum semper inter istos"
                          HPOS="714"
                          VPOS="868"
                          WIDTH="374"
                          HEIGHT="33"/>
               </TextLine>
               <TextLine ID="zone-line_IRHT_P_007943_2-19"
                         BASELINE=""
                         HPOS="696"
                         VPOS="905"
                         WIDTH="404"
                         HEIGHT="35">
                  <Shape>
                     <Polygon POINTS="696,905 1100,905 1100,940 696,940"/>
                  </Shape>
                  <String CONTENT="duos populos fuerit distinctio"
                          HPOS="696"
                          VPOS="905"
                          WIDTH="404"
                          HEIGHT="35"/>
               </TextLine>
               <TextLine ID="zone-line_IRHT_P_007943_2-20"
                         BASELINE=""
                         HPOS="709"
                         VPOS="948"
                         WIDTH="399"
                         HEIGHT="35">
                  <Shape>
                     <Polygon POINTS="709,948 1108,948 1108,983 709,983"/>
                  </Shape>
                  <String CONTENT="ut gennesis xxv et ester x de"
                          HPOS="709"
                          VPOS="948"
                          WIDTH="399"
                          HEIGHT="35"/>
               </TextLine>
               <TextLine ID="zone-line_IRHT_P_007943_2-21"
                         BASELINE=""
                         HPOS="708"
                         VPOS="989"
                         WIDTH="364"
                         HEIGHT="34">
                  <Shape>
                     <Polygon POINTS="708,989 1072,989 1072,1023 708,1023"/>
                  </Shape>
                  <String CONTENT="quibus sanguine et aqua"
                          HPOS="708"
                          VPOS="989"
                          WIDTH="364"
                          HEIGHT="34"/>
               </TextLine>
               <TextLine ID="zone-line_IRHT_P_007943_2-22"
                         BASELINE=""
                         HPOS="706"
                         VPOS="1029"
                         WIDTH="384"
                         HEIGHT="32">
                  <Shape>
                     <Polygon POINTS="706,1029 1090,1029 1090,1061 706,1061"/>
                  </Shape>
                  <String CONTENT="habetur figura leui xiiii c"
                          HPOS="706"
                          VPOS="1029"
                          WIDTH="384"
                          HEIGHT="32"/>
               </TextLine>
               <TextLine ID="zone-line_IRHT_P_007943_2-23"
                         BASELINE=""
                         HPOS="711"
                         VPOS="1070"
                         WIDTH="395"
                         HEIGHT="35">
                  <Shape>
                     <Polygon POINTS="711,1070 1106,1070 1106,1105 711,1105"/>
                  </Shape>
                  <String CONTENT="in fine ubi sacerdos legis in"
                          HPOS="711"
                          VPOS="1070"
                          WIDTH="395"
                          HEIGHT="35"/>
               </TextLine>
               <TextLine ID="zone-line_IRHT_P_007943_2-24"
                         BASELINE=""
                         HPOS="699"
                         VPOS="1106"
                         WIDTH="384"
                         HEIGHT="33">
                  <Shape>
                     <Polygon POINTS="699,1106 1083,1106 1083,1139 699,1139"/>
                  </Shape>
                  <String CONTENT="sanguine et aquis uiuentibus"
                          HPOS="699"
                          VPOS="1106"
                          WIDTH="384"
                          HEIGHT="33"/>
               </TextLine>
               <TextLine ID="zone-line_IRHT_P_007943_2-25"
                         BASELINE=""
                         HPOS="709"
                         VPOS="1146"
                         WIDTH="401"
                         HEIGHT="33">
                  <Shape>
                     <Polygon POINTS="709,1146 1110,1146 1110,1179 709,1179"/>
                  </Shape>
                  <String CONTENT="aspergebat leprosum et munda"
                          HPOS="709"
                          VPOS="1146"
                          WIDTH="401"
                          HEIGHT="33"/>
               </TextLine>
               <TextLine ID="zone-line_IRHT_P_007943_2-26"
                         BASELINE=""
                         HPOS="707"
                         VPOS="1186"
                         WIDTH="397"
                         HEIGHT="33">
                  <Shape>
                     <Polygon POINTS="707,1186 1104,1186 1104,1219 707,1219"/>
                  </Shape>
                  <String CONTENT="batur ita christe legis sacerdos"
                          HPOS="707"
                          VPOS="1186"
                          WIDTH="397"
                          HEIGHT="33"/>
               </TextLine>
               <TextLine ID="zone-line_IRHT_P_007943_2-27"
                         BASELINE=""
                         HPOS="706"
                         VPOS="1224"
                         WIDTH="431"
                         HEIGHT="32">
                  <Shape>
                     <Polygon POINTS="706,1224 1137,1224 1137,1256 706,1256"/>
                  </Shape>
                  <String CONTENT="aspergens de suo latere sanguinem"
                          HPOS="706"
                          VPOS="1224"
                          WIDTH="431"
                          HEIGHT="32"/>
               </TextLine>
               <TextLine ID="zone-line_IRHT_P_007943_2-28"
                         BASELINE=""
                         HPOS="712"
                         VPOS="1265"
                         WIDTH="392"
                         HEIGHT="32">
                  <Shape>
                     <Polygon POINTS="712,1265 1104,1265 1104,1297 712,1297"/>
                  </Shape>
                  <String CONTENT="et aquam uiuam mundum leprosum"
                          HPOS="712"
                          VPOS="1265"
                          WIDTH="392"
                          HEIGHT="32"/>
               </TextLine>
               <TextLine ID="zone-line_IRHT_P_007943_2-29"
                         BASELINE=""
                         HPOS="702"
                         VPOS="1304"
                         WIDTH="406"
                         HEIGHT="33">
                  <Shape>
                     <Polygon POINTS="702,1304 1108,1304 1108,1337 702,1337"/>
                  </Shape>
                  <String CONTENT="in peccatis mundauit et mundabit"
                          HPOS="702"
                          VPOS="1304"
                          WIDTH="406"
                          HEIGHT="33"/>
               </TextLine>
               <TextLine ID="zone-line_IRHT_P_007943_2-30"
                         BASELINE=""
                         HPOS="749"
                         VPOS="1346"
                         WIDTH="335"
                         HEIGHT="34">
                  <Shape>
                     <Polygon POINTS="749,1346 1084,1346 1084,1380 749,1380"/>
                  </Shape>
                  <String CONTENT="as illus quos dicis de"
                          HPOS="749"
                          VPOS="1346"
                          WIDTH="335"
                          HEIGHT="34"/>
               </TextLine>
               <TextLine ID="zone-line_IRHT_P_007943_2-31"
                         BASELINE=""
                         HPOS="700"
                         VPOS="1381"
                         WIDTH="403"
                         HEIGHT="36">
                  <Shape>
                     <Polygon POINTS="700,1381 1103,1381 1103,1417 700,1417"/>
                  </Shape>
                  <String CONTENT="tribus sceleribus et de quarto"
                          HPOS="700"
                          VPOS="1381"
                          WIDTH="403"
                          HEIGHT="36"/>
               </TextLine>
               <TextLine ID="zone-line_IRHT_P_007943_2-32"
                         BASELINE=""
                         HPOS="705"
                         VPOS="1424"
                         WIDTH="406"
                         HEIGHT="35">
                  <Shape>
                     <Polygon POINTS="705,1424 1111,1424 1111,1459 705,1459"/>
                  </Shape>
                  <String CONTENT="etcetera tu iusticia debes scire te"
                          HPOS="705"
                          VPOS="1424"
                          WIDTH="406"
                          HEIGHT="35"/>
               </TextLine>
            </TextBlock>
         </PrintSpace>
      </Page>
   </Layout>
</alto>
