<?xml version="1.0" encoding="UTF-8"?>
<alto xmlns="http://www.loc.gov/standards/alto/ns-v4#"
      xmlns:xsi="http://www.w3.org/2001/XMLSchema-instance"
      xmlns:tei="http://www.tei-c.org/ns/1.0"
      xsi:schemaLocation="http://www.loc.gov/standards/alto/ns-v4# ../schema/alto.xsd">
   <Description>
      <MeasurementUnit>pixel</MeasurementUnit>
      <sourceImageInformation>
         <fileName>IRHT_P_001235.tif</fileName>
      </sourceImageInformation>
   </Description>
   <Layout>
      <Page ID="zone-page_IRHT_P_001235"
            PHYSICAL_IMG_NR="0"
            WIDTH="1343"
            HEIGHT="1819">
         <PrintSpace HPOS="0" VPOS="0" WIDTH="1343" HEIGHT="1819">
            <TextBlock HPOS="301"
                       VPOS="43"
                       WIDTH="1001"
                       HEIGHT="1749"
                       ID="zone-col_IRHT_P_001235_1">
               <Shape>
                  <Polygon POINTS="301,43 1302,43 1302,1792 301,1792"/>
               </Shape>
               <TextLine ID="zone-line_IRHT_P_001235_1-1"
                         BASELINE=""
                         HPOS="345"
                         VPOS="43"
                         WIDTH="949"
                         HEIGHT="107">
                  <Shape>
                     <Polygon POINTS="345,43 1294,43 1294,150 345,150"/>
                  </Shape>
                  <String CONTENT="culu a latronibus uulnerata per fidem trinitat"
                          HPOS="345"
                          VPOS="43"
                          WIDTH="949"
                          HEIGHT="107"/>
               </TextLine>
               <TextLine ID="zone-line_IRHT_P_001235_1-2"
                         BASELINE=""
                         HPOS="347"
                         VPOS="145"
                         WIDTH="935"
                         HEIGHT="96">
                  <Shape>
                     <Polygon POINTS="347,145 1282,145 1282,241 347,241"/>
                  </Shape>
                  <String CONTENT="xxiiii in hoc deserto reparatur alius sermo eodem d"
                          HPOS="347"
                          VPOS="145"
                          WIDTH="935"
                          HEIGHT="96"/>
               </TextLine>
               <TextLine ID="zone-line_IRHT_P_001235_1-3"
                         BASELINE=""
                         HPOS="542"
                         VPOS="246"
                         WIDTH="752"
                         HEIGHT="85">
                  <Shape>
                     <Polygon POINTS="542,246 1294,246 1294,331 542,331"/>
                  </Shape>
                  <String CONTENT="qui habitat in adiutorio altissim"
                          HPOS="542"
                          VPOS="246"
                          WIDTH="752"
                          HEIGHT="85"/>
               </TextLine>
               <TextLine ID="zone-line_IRHT_P_001235_1-4"
                         BASELINE=""
                         HPOS="533"
                         VPOS="338"
                         WIDTH="761"
                         HEIGHT="88">
                  <Shape>
                     <Polygon POINTS="533,338 1294,338 1294,426 533,426"/>
                  </Shape>
                  <String CONTENT="in protectione dei celi commorabitur"
                          HPOS="533"
                          VPOS="338"
                          WIDTH="761"
                          HEIGHT="88"/>
               </TextLine>
               <TextLine ID="zone-line_IRHT_P_001235_1-5"
                         BASELINE=""
                         HPOS="484"
                         VPOS="435"
                         WIDTH="806"
                         HEIGHT="82">
                  <Shape>
                     <Polygon POINTS="484,435 1290,435 1290,517 484,517"/>
                  </Shape>
                  <String CONTENT="inclinauit altissimus celos et descen"
                          HPOS="484"
                          VPOS="435"
                          WIDTH="806"
                          HEIGHT="82"/>
               </TextLine>
               <TextLine ID="zone-line_IRHT_P_001235_1-6"
                         BASELINE=""
                         HPOS="493"
                         VPOS="521"
                         WIDTH="809"
                         HEIGHT="90">
                  <Shape>
                     <Polygon POINTS="493,521 1302,521 1302,611 493,611"/>
                  </Shape>
                  <String CONTENT="dit et adeo descendit quod in similitudi"
                          HPOS="493"
                          VPOS="521"
                          WIDTH="809"
                          HEIGHT="90"/>
               </TextLine>
               <TextLine ID="zone-line_IRHT_P_001235_1-7"
                         BASELINE=""
                         HPOS="312"
                         VPOS="617"
                         WIDTH="986"
                         HEIGHT="84">
                  <Shape>
                     <Polygon POINTS="312,617 1298,617 1298,701 312,701"/>
                  </Shape>
                  <String CONTENT="nem hominum factus est et habitu inuentus ut"
                          HPOS="312"
                          VPOS="617"
                          WIDTH="986"
                          HEIGHT="84"/>
               </TextLine>
               <TextLine ID="zone-line_IRHT_P_001235_1-8"
                         BASELINE=""
                         HPOS="341"
                         VPOS="711"
                         WIDTH="952"
                         HEIGHT="82">
                  <Shape>
                     <Polygon POINTS="341,711 1293,711 1293,793 341,793"/>
                  </Shape>
                  <String CONTENT="homo adeo descendit quod sub manu serui humi"
                          HPOS="341"
                          VPOS="711"
                          WIDTH="952"
                          HEIGHT="82"/>
               </TextLine>
               <TextLine ID="zone-line_IRHT_P_001235_1-9"
                         BASELINE=""
                         HPOS="332"
                         VPOS="803"
                         WIDTH="961"
                         HEIGHT="81">
                  <Shape>
                     <Polygon POINTS="332,803 1293,803 1293,884 332,884"/>
                  </Shape>
                  <String CONTENT="liauit se baptizandum unde et baptista con"
                          HPOS="332"
                          VPOS="803"
                          WIDTH="961"
                          HEIGHT="81"/>
               </TextLine>
               <TextLine ID="zone-line_IRHT_P_001235_1-10"
                         BASELINE=""
                         HPOS="333"
                         VPOS="893"
                         WIDTH="955"
                         HEIGHT="90">
                  <Shape>
                     <Polygon POINTS="333,893 1288,893 1288,983 333,983"/>
                  </Shape>
                  <String CONTENT="tremuit cum uideret sub manibus suis inclin"
                          HPOS="333"
                          VPOS="893"
                          WIDTH="955"
                          HEIGHT="90"/>
               </TextLine>
               <TextLine ID="zone-line_IRHT_P_001235_1-11"
                         BASELINE=""
                         HPOS="337"
                         VPOS="987"
                         WIDTH="954"
                         HEIGHT="89">
                  <Shape>
                     <Polygon POINTS="337,987 1291,987 1291,1076 337,1076"/>
                  </Shape>
                  <String CONTENT="ri caput tremendum regibus et potestatibus ad"
                          HPOS="337"
                          VPOS="987"
                          WIDTH="954"
                          HEIGHT="89"/>
               </TextLine>
               <TextLine ID="zone-line_IRHT_P_001235_1-12"
                         BASELINE=""
                         HPOS="324"
                         VPOS="1077"
                         WIDTH="963"
                         HEIGHT="89">
                  <Shape>
                     <Polygon POINTS="324,1077 1287,1077 1287,1166 324,1166"/>
                  </Shape>
                  <String CONTENT="randum adeo humiliauit se ut cum ieiunass"
                          HPOS="324"
                          VPOS="1077"
                          WIDTH="963"
                          HEIGHT="89"/>
               </TextLine>
               <TextLine ID="zone-line_IRHT_P_001235_1-13"
                         BASELINE=""
                         HPOS="333"
                         VPOS="1169"
                         WIDTH="952"
                         HEIGHT="91">
                  <Shape>
                     <Polygon POINTS="333,1169 1285,1169 1285,1260 333,1260"/>
                  </Shape>
                  <String CONTENT="et esuriret ausus est ad eum accedere temptato"
                          HPOS="333"
                          VPOS="1169"
                          WIDTH="952"
                          HEIGHT="91"/>
               </TextLine>
               <TextLine ID="zone-line_IRHT_P_001235_1-14"
                         BASELINE=""
                         HPOS="327"
                         VPOS="1260"
                         WIDTH="958"
                         HEIGHT="94">
                  <Shape>
                     <Polygon POINTS="327,1260 1285,1260 1285,1354 327,1354"/>
                  </Shape>
                  <String CONTENT="ut eisdem iaculis cofoderet quibus primum hominem se"
                          HPOS="327"
                          VPOS="1260"
                          WIDTH="958"
                          HEIGHT="94"/>
               </TextLine>
               <TextLine ID="zone-line_IRHT_P_001235_1-15"
                         BASELINE=""
                         HPOS="329"
                         VPOS="1359"
                         WIDTH="953"
                         HEIGHT="80">
                  <Shape>
                     <Polygon POINTS="329,1359 1282,1359 1282,1439 329,1439"/>
                  </Shape>
                  <String CONTENT="uiuum et uulneratum reliquerat sed uictus est t"
                          HPOS="329"
                          VPOS="1359"
                          WIDTH="953"
                          HEIGHT="80"/>
               </TextLine>
               <TextLine ID="zone-line_IRHT_P_001235_1-16"
                         BASELINE=""
                         HPOS="327"
                         VPOS="1451"
                         WIDTH="944"
                         HEIGHT="80">
                  <Shape>
                     <Polygon POINTS="327,1451 1271,1451 1271,1531 327,1531"/>
                  </Shape>
                  <String CONTENT="ptator et uicit eum altissimus sed quo adiu"
                          HPOS="327"
                          VPOS="1451"
                          WIDTH="944"
                          HEIGHT="80"/>
               </TextLine>
               <TextLine ID="zone-line_IRHT_P_001235_1-17"
                         BASELINE=""
                         HPOS="326"
                         VPOS="1541"
                         WIDTH="918"
                         HEIGHT="82">
                  <Shape>
                     <Polygon POINTS="326,1541 1244,1541 1244,1623 326,1623"/>
                  </Shape>
                  <String CONTENT="torio usus est altissimus ut eum uinceret"
                          HPOS="326"
                          VPOS="1541"
                          WIDTH="918"
                          HEIGHT="82"/>
               </TextLine>
               <TextLine ID="zone-line_IRHT_P_001235_1-18"
                         BASELINE=""
                         HPOS="323"
                         VPOS="1634"
                         WIDTH="956"
                         HEIGHT="77">
                  <Shape>
                     <Polygon POINTS="323,1634 1279,1634 1279,1711 323,1711"/>
                  </Shape>
                  <String CONTENT="ne usus adiutorio potentie sue nequa"
                          HPOS="323"
                          VPOS="1634"
                          WIDTH="956"
                          HEIGHT="77"/>
               </TextLine>
               <TextLine ID="zone-line_IRHT_P_001235_1-19"
                         BASELINE=""
                         HPOS="301"
                         VPOS="1734"
                         WIDTH="958"
                         HEIGHT="58">
                  <Shape>
                     <Polygon POINTS="301,1734 1259,1734 1259,1792 301,1792"/>
                  </Shape>
                  <String CONTENT="posset enim statim conterere sathanam si uellet su"
                          HPOS="301"
                          VPOS="1734"
                          WIDTH="958"
                          HEIGHT="58"/>
               </TextLine>
            </TextBlock>
         </PrintSpace>
      </Page>
   </Layout>
</alto>
