<?xml version="1.0" encoding="UTF-8"?>
<alto xmlns="http://www.loc.gov/standards/alto/ns-v4#"
      xmlns:xsi="http://www.w3.org/2001/XMLSchema-instance"
      xmlns:tei="http://www.tei-c.org/ns/1.0"
      xsi:schemaLocation="http://www.loc.gov/standards/alto/ns-v4# ../schema/alto.xsd">
   <Description>
      <MeasurementUnit>pixel</MeasurementUnit>
      <sourceImageInformation>
         <fileName>IRHT_P_001266.tif</fileName>
      </sourceImageInformation>
   </Description>
   <Layout>
      <Page ID="zone-page_IRHT_P_001266"
            PHYSICAL_IMG_NR="0"
            WIDTH="1332"
            HEIGHT="1819">
         <PrintSpace HPOS="0" VPOS="0" WIDTH="1332" HEIGHT="1819">
            <TextBlock HPOS="98"
                       VPOS="147"
                       WIDTH="571"
                       HEIGHT="1646"
                       ID="zone-col_IRHT_P_001266_1">
               <Shape>
                  <Polygon POINTS="98,147 669,147 669,1793 98,1793"/>
               </Shape>
               <TextLine ID="zone-line_IRHT_P_001266_1-1"
                         BASELINE=""
                         HPOS="98"
                         VPOS="147"
                         WIDTH="530"
                         HEIGHT="49">
                  <Shape>
                     <Polygon POINTS="98,147 628,147 628,196 98,196"/>
                  </Shape>
                  <String CONTENT="per quod prouocemur ad humilitatem exem"
                          HPOS="98"
                          VPOS="147"
                          WIDTH="530"
                          HEIGHT="49"/>
               </TextLine>
               <TextLine ID="zone-line_IRHT_P_001266_1-2"
                         BASELINE=""
                         HPOS="106"
                         VPOS="193"
                         WIDTH="534"
                         HEIGHT="49">
                  <Shape>
                     <Polygon POINTS="106,193 640,193 640,242 106,242"/>
                  </Shape>
                  <String CONTENT="plo sue conuersationis per quod informemur"
                          HPOS="106"
                          VPOS="193"
                          WIDTH="534"
                          HEIGHT="49"/>
               </TextLine>
               <TextLine ID="zone-line_IRHT_P_001266_1-3"
                         BASELINE=""
                         HPOS="104"
                         VPOS="232"
                         WIDTH="534"
                         HEIGHT="45">
                  <Shape>
                     <Polygon POINTS="104,232 638,232 638,277 104,277"/>
                  </Shape>
                  <String CONTENT="ad sanctitatem et memoria passionis"
                          HPOS="104"
                          VPOS="232"
                          WIDTH="534"
                          HEIGHT="45"/>
               </TextLine>
               <TextLine ID="zone-line_IRHT_P_001266_1-4"
                         BASELINE=""
                         HPOS="107"
                         VPOS="268"
                         WIDTH="534"
                         HEIGHT="50">
                  <Shape>
                     <Polygon POINTS="107,268 641,268 641,318 107,318"/>
                  </Shape>
                  <String CONTENT="per quod incitemur ad karitatem quarto"
                          HPOS="107"
                          VPOS="268"
                          WIDTH="534"
                          HEIGHT="50"/>
               </TextLine>
               <TextLine ID="zone-line_IRHT_P_001266_1-5"
                         BASELINE=""
                         HPOS="108"
                         VPOS="309"
                         WIDTH="546"
                         HEIGHT="46">
                  <Shape>
                     <Polygon POINTS="108,309 654,309 654,355 108,355"/>
                  </Shape>
                  <String CONTENT="scribitur in hoc templo cordis spiritu"
                          HPOS="108"
                          VPOS="309"
                          WIDTH="546"
                          HEIGHT="46"/>
               </TextLine>
               <TextLine ID="zone-line_IRHT_P_001266_1-6"
                         BASELINE=""
                         HPOS="112"
                         VPOS="350"
                         WIDTH="516"
                         HEIGHT="45">
                  <Shape>
                     <Polygon POINTS="112,350 628,350 628,395 112,395"/>
                  </Shape>
                  <String CONTENT="ale alphabetum siue spiritualis scrip"
                          HPOS="112"
                          VPOS="350"
                          WIDTH="516"
                          HEIGHT="45"/>
               </TextLine>
               <TextLine ID="zone-line_IRHT_P_001266_1-7"
                         BASELINE=""
                         HPOS="103"
                         VPOS="389"
                         WIDTH="536"
                         HEIGHT="40">
                  <Shape>
                     <Polygon POINTS="103,389 639,389 639,429 103,429"/>
                  </Shape>
                  <String CONTENT="tura hec autem scriptura que ibi scribitur"
                          HPOS="103"
                          VPOS="389"
                          WIDTH="536"
                          HEIGHT="40"/>
               </TextLine>
               <TextLine ID="zone-line_IRHT_P_001266_1-8"
                         BASELINE=""
                         HPOS="103"
                         VPOS="422"
                         WIDTH="529"
                         HEIGHT="41">
                  <Shape>
                     <Polygon POINTS="103,422 632,422 632,463 103,463"/>
                  </Shape>
                  <String CONTENT="triplex est scilicet dictamina faciendorum"
                          HPOS="103"
                          VPOS="422"
                          WIDTH="529"
                          HEIGHT="41"/>
               </TextLine>
               <TextLine ID="zone-line_IRHT_P_001266_1-9"
                         BASELINE=""
                         HPOS="107"
                         VPOS="464"
                         WIDTH="515"
                         HEIGHT="44">
                  <Shape>
                     <Polygon POINTS="107,464 622,464 622,508 107,508"/>
                  </Shape>
                  <String CONTENT="testimonia diuinorum beneficiorum propriorum"
                          HPOS="107"
                          VPOS="464"
                          WIDTH="515"
                          HEIGHT="44"/>
               </TextLine>
               <TextLine ID="zone-line_IRHT_P_001266_1-10"
                         BASELINE=""
                         HPOS="113"
                         VPOS="503"
                         WIDTH="512"
                         HEIGHT="46">
                  <Shape>
                     <Polygon POINTS="113,503 625,503 625,549 113,549"/>
                  </Shape>
                  <String CONTENT="accusatio delictorum de hiis tribus"
                          HPOS="113"
                          VPOS="503"
                          WIDTH="512"
                          HEIGHT="46"/>
               </TextLine>
               <TextLine ID="zone-line_IRHT_P_001266_1-11"
                         BASELINE=""
                         HPOS="104"
                         VPOS="535"
                         WIDTH="524"
                         HEIGHT="50">
                  <Shape>
                     <Polygon POINTS="104,535 628,535 628,585 104,585"/>
                  </Shape>
                  <String CONTENT="r ii c ii gentes que legem non"
                          HPOS="104"
                          VPOS="535"
                          WIDTH="524"
                          HEIGHT="50"/>
               </TextLine>
               <TextLine ID="zone-line_IRHT_P_001266_1-12"
                         BASELINE=""
                         HPOS="111"
                         VPOS="580"
                         WIDTH="512"
                         HEIGHT="46">
                  <Shape>
                     <Polygon POINTS="111,580 623,580 623,626 111,626"/>
                  </Shape>
                  <String CONTENT="habent naturaliter que legis sunt fa"
                          HPOS="111"
                          VPOS="580"
                          WIDTH="512"
                          HEIGHT="46"/>
               </TextLine>
               <TextLine ID="zone-line_IRHT_P_001266_1-13"
                         BASELINE=""
                         HPOS="112"
                         VPOS="619"
                         WIDTH="522"
                         HEIGHT="42">
                  <Shape>
                     <Polygon POINTS="112,619 634,619 634,661 112,661"/>
                  </Shape>
                  <String CONTENT="ciunt huiusmodi legem non habentes ipsi"
                          HPOS="112"
                          VPOS="619"
                          WIDTH="522"
                          HEIGHT="42"/>
               </TextLine>
               <TextLine ID="zone-line_IRHT_P_001266_1-14"
                         BASELINE=""
                         HPOS="111"
                         VPOS="656"
                         WIDTH="526"
                         HEIGHT="40">
                  <Shape>
                     <Polygon POINTS="111,656 637,656 637,696 111,696"/>
                  </Shape>
                  <String CONTENT="sibi sunt lex qui ostendunt opus"
                          HPOS="111"
                          VPOS="656"
                          WIDTH="526"
                          HEIGHT="40"/>
               </TextLine>
               <TextLine ID="zone-line_IRHT_P_001266_1-15"
                         BASELINE=""
                         HPOS="119"
                         VPOS="690"
                         WIDTH="522"
                         HEIGHT="44">
                  <Shape>
                     <Polygon POINTS="119,690 641,690 641,734 119,734"/>
                  </Shape>
                  <String CONTENT="legis scriptum in cordibus suis ecce"
                          HPOS="119"
                          VPOS="690"
                          WIDTH="522"
                          HEIGHT="44"/>
               </TextLine>
               <TextLine ID="zone-line_IRHT_P_001266_1-16"
                         BASELINE=""
                         HPOS="111"
                         VPOS="730"
                         WIDTH="531"
                         HEIGHT="43">
                  <Shape>
                     <Polygon POINTS="111,730 642,730 642,773 111,773"/>
                  </Shape>
                  <String CONTENT="primum testimonium illis reddente conscientia"
                          HPOS="111"
                          VPOS="730"
                          WIDTH="531"
                          HEIGHT="43"/>
               </TextLine>
               <TextLine ID="zone-line_IRHT_P_001266_1-17"
                         BASELINE=""
                         HPOS="115"
                         VPOS="768"
                         WIDTH="530"
                         HEIGHT="36">
                  <Shape>
                     <Polygon POINTS="115,768 645,768 645,804 115,804"/>
                  </Shape>
                  <String CONTENT="ipsorum ecce secundum et intra se cogi"
                          HPOS="115"
                          VPOS="768"
                          WIDTH="530"
                          HEIGHT="36"/>
               </TextLine>
               <TextLine ID="zone-line_IRHT_P_001266_1-18"
                         BASELINE=""
                         HPOS="112"
                         VPOS="805"
                         WIDTH="522"
                         HEIGHT="36">
                  <Shape>
                     <Polygon POINTS="112,805 634,805 634,841 112,841"/>
                  </Shape>
                  <String CONTENT="tationem accusantium ue etiam deffen"
                          HPOS="112"
                          VPOS="805"
                          WIDTH="522"
                          HEIGHT="36"/>
               </TextLine>
               <TextLine ID="zone-line_IRHT_P_001266_1-19"
                         BASELINE=""
                         HPOS="120"
                         VPOS="839"
                         WIDTH="505"
                         HEIGHT="40">
                  <Shape>
                     <Polygon POINTS="120,839 625,839 625,879 120,879"/>
                  </Shape>
                  <String CONTENT="dencium ecce tercium quinto"
                          HPOS="120"
                          VPOS="839"
                          WIDTH="505"
                          HEIGHT="40"/>
               </TextLine>
               <TextLine ID="zone-line_IRHT_P_001266_1-20"
                         BASELINE=""
                         HPOS="110"
                         VPOS="877"
                         WIDTH="513"
                         HEIGHT="40">
                  <Shape>
                     <Polygon POINTS="110,877 623,877 623,917 110,917"/>
                  </Shape>
                  <String CONTENT="debent pingi cruces idest assumi"
                          HPOS="110"
                          VPOS="877"
                          WIDTH="513"
                          HEIGHT="40"/>
               </TextLine>
               <TextLine ID="zone-line_IRHT_P_001266_1-21"
                         BASELINE=""
                         HPOS="114"
                         VPOS="917"
                         WIDTH="538"
                         HEIGHT="40">
                  <Shape>
                     <Polygon POINTS="114,917 652,917 652,957 114,957"/>
                  </Shape>
                  <String CONTENT="penitentie asperritates que quidem debent"
                          HPOS="114"
                          VPOS="917"
                          WIDTH="538"
                          HEIGHT="40"/>
               </TextLine>
               <TextLine ID="zone-line_IRHT_P_001266_1-22"
                         BASELINE=""
                         HPOS="111"
                         VPOS="960"
                         WIDTH="526"
                         HEIGHT="39">
                  <Shape>
                     <Polygon POINTS="111,960 637,960 637,999 111,999"/>
                  </Shape>
                  <String CONTENT="inungi et igne illustrari quia non"
                          HPOS="111"
                          VPOS="960"
                          WIDTH="526"
                          HEIGHT="39"/>
               </TextLine>
               <TextLine ID="zone-line_IRHT_P_001266_1-23"
                         BASELINE=""
                         HPOS="120"
                         VPOS="999"
                         WIDTH="519"
                         HEIGHT="38">
                  <Shape>
                     <Polygon POINTS="120,999 639,999 639,1037 120,1037"/>
                  </Shape>
                  <String CONTENT="solum ferende sunt pacienter sed"
                          HPOS="120"
                          VPOS="999"
                          WIDTH="519"
                          HEIGHT="38"/>
               </TextLine>
               <TextLine ID="zone-line_IRHT_P_001266_1-24"
                         BASELINE=""
                         HPOS="110"
                         VPOS="1033"
                         WIDTH="531"
                         HEIGHT="43">
                  <Shape>
                     <Polygon POINTS="110,1033 641,1033 641,1076 110,1076"/>
                  </Shape>
                  <String CONTENT="etiam libenter quod per unctionem et ar"
                          HPOS="110"
                          VPOS="1033"
                          WIDTH="531"
                          HEIGHT="43"/>
               </TextLine>
               <TextLine ID="zone-line_IRHT_P_001266_1-25"
                         BASELINE=""
                         HPOS="113"
                         VPOS="1074"
                         WIDTH="520"
                         HEIGHT="39">
                  <Shape>
                     <Polygon POINTS="113,1074 633,1074 633,1113 113,1113"/>
                  </Shape>
                  <String CONTENT="denter per ignem unde bernardus qui"
                          HPOS="113"
                          VPOS="1074"
                          WIDTH="520"
                          HEIGHT="39"/>
               </TextLine>
               <TextLine ID="zone-line_IRHT_P_001266_1-26"
                         BASELINE=""
                         HPOS="120"
                         VPOS="1113"
                         WIDTH="511"
                         HEIGHT="39">
                  <Shape>
                     <Polygon POINTS="120,1113 631,1113 631,1152 120,1152"/>
                  </Shape>
                  <String CONTENT="minatur terrore crucem christi"
                          HPOS="120"
                          VPOS="1113"
                          WIDTH="511"
                          HEIGHT="39"/>
               </TextLine>
               <TextLine ID="zone-line_IRHT_P_001266_1-27"
                         BASELINE=""
                         HPOS="113"
                         VPOS="1148"
                         WIDTH="522"
                         HEIGHT="41">
                  <Shape>
                     <Polygon POINTS="113,1148 635,1148 635,1189 113,1189"/>
                  </Shape>
                  <String CONTENT="portat pacienter qui perficit in spe"
                          HPOS="113"
                          VPOS="1148"
                          WIDTH="522"
                          HEIGHT="41"/>
               </TextLine>
               <TextLine ID="zone-line_IRHT_P_001266_1-28"
                         BASELINE=""
                         HPOS="119"
                         VPOS="1185"
                         WIDTH="515"
                         HEIGHT="43">
                  <Shape>
                     <Polygon POINTS="119,1185 634,1185 634,1228 119,1228"/>
                  </Shape>
                  <String CONTENT="portat libenter sed qui consumatur"
                          HPOS="119"
                          VPOS="1185"
                          WIDTH="515"
                          HEIGHT="43"/>
               </TextLine>
               <TextLine ID="zone-line_IRHT_P_001266_1-29"
                         BASELINE=""
                         HPOS="119"
                         VPOS="1228"
                         WIDTH="550"
                         HEIGHT="38">
                  <Shape>
                     <Polygon POINTS="119,1228 669,1228 669,1266 119,1266"/>
                  </Shape>
                  <String CONTENT="in karitate amplectitur iam ar"
                          HPOS="119"
                          VPOS="1228"
                          WIDTH="550"
                          HEIGHT="38"/>
               </TextLine>
               <TextLine ID="zone-line_IRHT_P_001266_1-30"
                         BASELINE=""
                         HPOS="119"
                         VPOS="1262"
                         WIDTH="523"
                         HEIGHT="42">
                  <Shape>
                     <Polygon POINTS="119,1262 642,1262 642,1304 119,1304"/>
                  </Shape>
                  <String CONTENT="denter bernardus multi uident cruces"
                          HPOS="119"
                          VPOS="1262"
                          WIDTH="523"
                          HEIGHT="42"/>
               </TextLine>
               <TextLine ID="zone-line_IRHT_P_001266_1-31"
                         BASELINE=""
                         HPOS="125"
                         VPOS="1302"
                         WIDTH="497"
                         HEIGHT="40">
                  <Shape>
                     <Polygon POINTS="125,1302 622,1302 622,1342 125,1342"/>
                  </Shape>
                  <String CONTENT="nostras sed non uident unctiones"
                          HPOS="125"
                          VPOS="1302"
                          WIDTH="497"
                          HEIGHT="40"/>
               </TextLine>
               <TextLine ID="zone-line_IRHT_P_001266_1-32"
                         BASELINE=""
                         HPOS="127"
                         VPOS="1348"
                         WIDTH="511"
                         HEIGHT="34">
                  <Shape>
                     <Polygon POINTS="127,1348 638,1348 638,1382 127,1382"/>
                  </Shape>
                  <String CONTENT="nostras qui igitur hoc in se habebit"
                          HPOS="127"
                          VPOS="1348"
                          WIDTH="511"
                          HEIGHT="34"/>
               </TextLine>
               <TextLine ID="zone-line_IRHT_P_001266_1-33"
                         BASELINE=""
                         HPOS="131"
                         VPOS="1386"
                         WIDTH="522"
                         HEIGHT="37">
                  <Shape>
                     <Polygon POINTS="131,1386 653,1386 653,1423 131,1423"/>
                  </Shape>
                  <String CONTENT="uere templum ad honorem dei de"
                          HPOS="131"
                          VPOS="1386"
                          WIDTH="522"
                          HEIGHT="37"/>
               </TextLine>
               <TextLine ID="zone-line_IRHT_P_001266_1-34"
                         BASELINE=""
                         HPOS="125"
                         VPOS="1426"
                         WIDTH="506"
                         HEIGHT="36">
                  <Shape>
                     <Polygon POINTS="125,1426 631,1426 631,1462 125,1462"/>
                  </Shape>
                  <String CONTENT="dicatum erit dignus plane in"
                          HPOS="125"
                          VPOS="1426"
                          WIDTH="506"
                          HEIGHT="36"/>
               </TextLine>
               <TextLine ID="zone-line_IRHT_P_001266_1-35"
                         BASELINE=""
                         HPOS="130"
                         VPOS="1459"
                         WIDTH="511"
                         HEIGHT="40">
                  <Shape>
                     <Polygon POINTS="130,1459 641,1459 641,1499 130,1499"/>
                  </Shape>
                  <String CONTENT="quo christus habitet per gratiam ut tandem"
                          HPOS="130"
                          VPOS="1459"
                          WIDTH="511"
                          HEIGHT="40"/>
               </TextLine>
               <TextLine ID="zone-line_IRHT_P_001266_1-36"
                         BASELINE=""
                         HPOS="126"
                         VPOS="1500"
                         WIDTH="522"
                         HEIGHT="33">
                  <Shape>
                     <Polygon POINTS="126,1500 648,1500 648,1533 126,1533"/>
                  </Shape>
                  <String CONTENT="in eo habitate dignetur per gloriam"
                          HPOS="126"
                          VPOS="1500"
                          WIDTH="522"
                          HEIGHT="33"/>
               </TextLine>
               <TextLine ID="zone-line_IRHT_P_001266_1-37"
                         BASELINE=""
                         HPOS="134"
                         VPOS="1541"
                         WIDTH="508"
                         HEIGHT="32">
                  <Shape>
                     <Polygon POINTS="134,1541 642,1541 642,1573 134,1573"/>
                  </Shape>
                  <String CONTENT="quod ipse nobis prestare dignetur"
                          HPOS="134"
                          VPOS="1541"
                          WIDTH="508"
                          HEIGHT="32"/>
               </TextLine>
               <TextLine ID="zone-line_IRHT_P_001266_1-38"
                         BASELINE=""
                         HPOS="131"
                         VPOS="1579"
                         WIDTH="508"
                         HEIGHT="32">
                  <Shape>
                     <Polygon POINTS="131,1579 639,1579 639,1611 131,1611"/>
                  </Shape>
                  <String CONTENT="qui uiuit et regnat deus per"
                          HPOS="131"
                          VPOS="1579"
                          WIDTH="508"
                          HEIGHT="32"/>
               </TextLine>
               <TextLine ID="zone-line_IRHT_P_001266_1-39"
                         BASELINE=""
                         HPOS="124"
                         VPOS="1617"
                         WIDTH="426"
                         HEIGHT="35">
                  <Shape>
                     <Polygon POINTS="124,1617 550,1617 550,1652 124,1652"/>
                  </Shape>
                  <String CONTENT="omnia secula seculorum amen"
                          HPOS="124"
                          VPOS="1617"
                          WIDTH="426"
                          HEIGHT="35"/>
               </TextLine>
               <TextLine ID="zone-line_IRHT_P_001266_1-40"
                         BASELINE=""
                         HPOS="124"
                         VPOS="1683"
                         WIDTH="519"
                         HEIGHT="35">
                  <Shape>
                     <Polygon POINTS="124,1683 643,1683 643,1718 124,1718"/>
                  </Shape>
                  <String CONTENT="hic liber scriptus fuit apud"
                          HPOS="124"
                          VPOS="1683"
                          WIDTH="519"
                          HEIGHT="35"/>
               </TextLine>
               <TextLine ID="zone-line_IRHT_P_001266_1-41"
                         BASELINE=""
                         HPOS="133"
                         VPOS="1724"
                         WIDTH="515"
                         HEIGHT="33">
                  <Shape>
                     <Polygon POINTS="133,1724 648,1724 648,1757 133,1757"/>
                  </Shape>
                  <String CONTENT="cystercium anno domini mil"
                          HPOS="133"
                          VPOS="1724"
                          WIDTH="515"
                          HEIGHT="33"/>
               </TextLine>
            </TextBlock>
            <TextBlock HPOS="728"
                       VPOS="40"
                       WIDTH="559"
                       HEIGHT="1749"
                       ID="zone-col_IRHT_P_001266_2">
               <Shape>
                  <Polygon POINTS="728,40 1287,40 1287,1789 728,1789"/>
               </Shape>
               <TextLine ID="zone-line_IRHT_P_001266_2-1"
                         BASELINE=""
                         HPOS="737"
                         VPOS="165"
                         WIDTH="532"
                         HEIGHT="54">
                  <Shape>
                     <Polygon POINTS="737,165 1269,165 1269,219 737,219"/>
                  </Shape>
                  <String CONTENT="lesimo ccc iiii decimo kalen"
                          HPOS="737"
                          VPOS="165"
                          WIDTH="532"
                          HEIGHT="54"/>
               </TextLine>
               <TextLine ID="zone-line_IRHT_P_001266_2-2"
                         BASELINE=""
                         HPOS="737"
                         VPOS="206"
                         WIDTH="204"
                         HEIGHT="39">
                  <Shape>
                     <Polygon POINTS="737,206 941,206 941,245 737,245"/>
                  </Shape>
                  <String CONTENT="das marcii"
                          HPOS="737"
                          VPOS="206"
                          WIDTH="204"
                          HEIGHT="39"/>
               </TextLine>
               <TextLine ID="zone-line_IRHT_P_001266_2-3"
                         BASELINE=""
                         HPOS="733"
                         VPOS="281"
                         WIDTH="536"
                         HEIGHT="56">
                  <Shape>
                     <Polygon POINTS="733,281 1269,281 1269,337 733,337"/>
                  </Shape>
                  <String CONTENT="expliciunt legende sanctorum ue"
                          HPOS="733"
                          VPOS="281"
                          WIDTH="536"
                          HEIGHT="56"/>
               </TextLine>
               <TextLine ID="zone-line_IRHT_P_001266_2-4"
                         BASELINE=""
                         HPOS="743"
                         VPOS="326"
                         WIDTH="438"
                         HEIGHT="51">
                  <Shape>
                     <Polygon POINTS="743,326 1181,326 1181,377 743,377"/>
                  </Shape>
                  <String CONTENT="passionale adbreuiatum"
                          HPOS="743"
                          VPOS="326"
                          WIDTH="438"
                          HEIGHT="51"/>
               </TextLine>
               <TextLine ID="zone-line_IRHT_P_001266_2-5"
                         BASELINE=""
                         HPOS="728"
                         VPOS="400"
                         WIDTH="539"
                         HEIGHT="46">
                  <Shape>
                     <Polygon POINTS="728,400 1267,400 1267,446 728,446"/>
                  </Shape>
                  <String CONTENT="scriptorem gratum faciat deus"
                          HPOS="728"
                          VPOS="400"
                          WIDTH="539"
                          HEIGHT="46"/>
               </TextLine>
               <TextLine ID="zone-line_IRHT_P_001266_2-6"
                         BASELINE=""
                         HPOS="744"
                         VPOS="435"
                         WIDTH="528"
                         HEIGHT="48">
                  <Shape>
                     <Polygon POINTS="744,435 1272,435 1272,483 744,483"/>
                  </Shape>
                  <String CONTENT="atque beatum et sibi primatum"
                          HPOS="744"
                          VPOS="435"
                          WIDTH="528"
                          HEIGHT="48"/>
               </TextLine>
               <TextLine ID="zone-line_IRHT_P_001266_2-7"
                         BASELINE=""
                         HPOS="739"
                         VPOS="476"
                         WIDTH="529"
                         HEIGHT="48">
                  <Shape>
                     <Polygon POINTS="739,476 1268,476 1268,524 739,524"/>
                  </Shape>
                  <String CONTENT="tribuat deleat in reatum amen"
                          HPOS="739"
                          VPOS="476"
                          WIDTH="529"
                          HEIGHT="48"/>
               </TextLine>
               <TextLine ID="zone-line_IRHT_P_001266_2-8"
                         BASELINE=""
                         HPOS="732"
                         VPOS="593"
                         WIDTH="531"
                         HEIGHT="35">
                  <Shape>
                     <Polygon POINTS="732,593 1263,593 1263,628 732,628"/>
                  </Shape>
                  <String CONTENT="scribere qui fecit hunc librum"
                          HPOS="732"
                          VPOS="593"
                          WIDTH="531"
                          HEIGHT="35"/>
               </TextLine>
               <TextLine ID="zone-line_IRHT_P_001266_2-9"
                         BASELINE=""
                         HPOS="755"
                         VPOS="634"
                         WIDTH="502"
                         HEIGHT="34">
                  <Shape>
                     <Polygon POINTS="755,634 1257,634 1257,668 755,668"/>
                  </Shape>
                  <String CONTENT="non malefecit ille diu duret"
                          HPOS="755"
                          VPOS="634"
                          WIDTH="502"
                          HEIGHT="34"/>
               </TextLine>
               <TextLine ID="zone-line_IRHT_P_001266_2-10"
                         BASELINE=""
                         HPOS="747"
                         VPOS="667"
                         WIDTH="518"
                         HEIGHT="37">
                  <Shape>
                     <Polygon POINTS="747,667 1265,667 1265,704 747,704"/>
                  </Shape>
                  <String CONTENT="post mortem sydera curet amen"
                          HPOS="747"
                          VPOS="667"
                          WIDTH="518"
                          HEIGHT="37"/>
               </TextLine>
               <TextLine ID="zone-line_IRHT_P_001266_2-11"
                         BASELINE=""
                         HPOS="745"
                         VPOS="759"
                         WIDTH="529"
                         HEIGHT="48">
                  <Shape>
                     <Polygon POINTS="745,759 1274,759 1274,807 745,807"/>
                  </Shape>
                  <String CONTENT="hunc de gillento c scripsit"
                          HPOS="745"
                          VPOS="759"
                          WIDTH="529"
                          HEIGHT="48"/>
               </TextLine>
               <TextLine ID="zone-line_IRHT_P_001266_2-12"
                         BASELINE=""
                         HPOS="748"
                         VPOS="803"
                         WIDTH="521"
                         HEIGHT="41">
                  <Shape>
                     <Polygon POINTS="748,803 1269,803 1269,844 748,844"/>
                  </Shape>
                  <String CONTENT="non pede lento quem deus in"
                          HPOS="748"
                          VPOS="803"
                          WIDTH="521"
                          HEIGHT="41"/>
               </TextLine>
               <TextLine ID="zone-line_IRHT_P_001266_2-13"
                         BASELINE=""
                         HPOS="745"
                         VPOS="844"
                         WIDTH="533"
                         HEIGHT="34">
                  <Shape>
                     <Polygon POINTS="745,844 1278,844 1278,878 745,878"/>
                  </Shape>
                  <String CONTENT="celis tradat manibus michaelis"
                          HPOS="745"
                          VPOS="844"
                          WIDTH="533"
                          HEIGHT="34"/>
               </TextLine>
               <TextLine ID="zone-line_IRHT_P_001266_2-14"
                         BASELINE=""
                         HPOS="750"
                         VPOS="883"
                         WIDTH="251"
                         HEIGHT="34">
                  <Shape>
                     <Polygon POINTS="750,883 1001,883 1001,917 750,917"/>
                  </Shape>
                  <String CONTENT="amen"
                          HPOS="750"
                          VPOS="883"
                          WIDTH="251"
                          HEIGHT="34"/>
               </TextLine>
            </TextBlock>
         </PrintSpace>
      </Page>
   </Layout>
</alto>
