<?xml version="1.0" encoding="UTF-8"?>
<alto xmlns="http://www.loc.gov/standards/alto/ns-v4#"
      xmlns:xsi="http://www.w3.org/2001/XMLSchema-instance"
      xmlns:tei="http://www.tei-c.org/ns/1.0"
      xsi:schemaLocation="http://www.loc.gov/standards/alto/ns-v4# ../schema/alto.xsd">
   <Description>
      <MeasurementUnit>pixel</MeasurementUnit>
      <sourceImageInformation>
         <fileName>IRHT_P_005323.tif</fileName>
      </sourceImageInformation>
   </Description>
   <Layout>
      <Page ID="zone-page_IRHT_P_005323"
            PHYSICAL_IMG_NR="0"
            WIDTH="1872"
            HEIGHT="1389">
         <PrintSpace HPOS="0" VPOS="0" WIDTH="1872" HEIGHT="1389">
            <TextBlock HPOS="86"
                       VPOS="61"
                       WIDTH="1566"
                       HEIGHT="1282"
                       ID="zone-col_IRHT_P_005323_1">
               <Shape>
                  <Polygon POINTS="86,61 1652,61 1652,1343 86,1343"/>
               </Shape>
               <TextLine ID="zone-line_IRHT_P_005323_1-1"
                         BASELINE=""
                         HPOS="350"
                         VPOS="167"
                         WIDTH="1158"
                         HEIGHT="52">
                  <Shape>
                     <Polygon POINTS="350,167 1508,167 1508,219 350,219"/>
                  </Shape>
                  <String CONTENT="incipit summa magistri alani de confessione et penitencia"
                          HPOS="350"
                          VPOS="167"
                          WIDTH="1158"
                          HEIGHT="52"/>
               </TextLine>
               <TextLine ID="zone-line_IRHT_P_005323_1-2"
                         BASELINE=""
                         HPOS="344"
                         VPOS="220"
                         WIDTH="1295"
                         HEIGHT="48">
                  <Shape>
                     <Polygon POINTS="344,220 1639,220 1639,268 344,268"/>
                  </Shape>
                  <String CONTENT="quoniam circa confessiones animarum pericula sunt et difficultates quandoque"
                          HPOS="344"
                          VPOS="220"
                          WIDTH="1295"
                          HEIGHT="48"/>
               </TextLine>
               <TextLine ID="zone-line_IRHT_P_005323_1-3"
                         BASELINE=""
                         HPOS="321"
                         VPOS="273"
                         WIDTH="1331"
                         HEIGHT="40">
                  <Shape>
                     <Polygon POINTS="321,273 1652,273 1652,313 321,313"/>
                  </Shape>
                  <String CONTENT="emergunt ideo ad honorem dei sanctique nicholai ad fratrum utilita"
                          HPOS="321"
                          VPOS="273"
                          WIDTH="1331"
                          HEIGHT="40"/>
               </TextLine>
               <TextLine ID="zone-line_IRHT_P_005323_1-4"
                         BASELINE=""
                         HPOS="304"
                         VPOS="329"
                         WIDTH="1343"
                         HEIGHT="45">
                  <Shape>
                     <Polygon POINTS="304,329 1647,329 1647,374 304,374"/>
                  </Shape>
                  <String CONTENT="tem atque confitentium salutem tractatum breuem de confes"
                          HPOS="304"
                          VPOS="329"
                          WIDTH="1343"
                          HEIGHT="45"/>
               </TextLine>
               <TextLine ID="zone-line_IRHT_P_005323_1-5"
                         BASELINE=""
                         HPOS="287"
                         VPOS="383"
                         WIDTH="1338"
                         HEIGHT="40">
                  <Shape>
                     <Polygon POINTS="287,383 1625,383 1625,423 287,423"/>
                  </Shape>
                  <String CONTENT="sione conpilaui sub certis titulis singula que circa confessionem"
                          HPOS="287"
                          VPOS="383"
                          WIDTH="1338"
                          HEIGHT="40"/>
               </TextLine>
               <TextLine ID="zone-line_IRHT_P_005323_1-6"
                         BASELINE=""
                         HPOS="286"
                         VPOS="438"
                         WIDTH="1341"
                         HEIGHT="37">
                  <Shape>
                     <Polygon POINTS="286,438 1627,438 1627,475 286,475"/>
                  </Shape>
                  <String CONTENT="requiruntur et incidunt concludens ut facilius lector que uelit ualeat"
                          HPOS="286"
                          VPOS="438"
                          WIDTH="1341"
                          HEIGHT="37"/>
               </TextLine>
               <TextLine ID="zone-line_IRHT_P_005323_1-7"
                         BASELINE=""
                         HPOS="289"
                         VPOS="486"
                         WIDTH="765"
                         HEIGHT="38">
                  <Shape>
                     <Polygon POINTS="289,486 1054,486 1054,524 289,524"/>
                  </Shape>
                  <String CONTENT="inuenire cuius tractatus rubrice sunt he"
                          HPOS="289"
                          VPOS="486"
                          WIDTH="765"
                          HEIGHT="38"/>
               </TextLine>
               <TextLine ID="zone-line_IRHT_P_005323_1-8"
                         BASELINE=""
                         HPOS="283"
                         VPOS="539"
                         WIDTH="832"
                         HEIGHT="38">
                  <Shape>
                     <Polygon POINTS="283,539 1115,539 1115,577 283,577"/>
                  </Shape>
                  <String CONTENT="i capitulum quo tempore inceperit confessio"
                          HPOS="283"
                          VPOS="539"
                          WIDTH="832"
                          HEIGHT="38"/>
               </TextLine>
               <TextLine ID="zone-line_IRHT_P_005323_1-9"
                         BASELINE=""
                         HPOS="294"
                         VPOS="589"
                         WIDTH="741"
                         HEIGHT="36">
                  <Shape>
                     <Polygon POINTS="294,589 1035,589 1035,625 294,625"/>
                  </Shape>
                  <String CONTENT="ii quare sit instituta confessio"
                          HPOS="294"
                          VPOS="589"
                          WIDTH="741"
                          HEIGHT="36"/>
               </TextLine>
               <TextLine ID="zone-line_IRHT_P_005323_1-10"
                         BASELINE=""
                         HPOS="305"
                         VPOS="632"
                         WIDTH="723"
                         HEIGHT="39">
                  <Shape>
                     <Polygon POINTS="305,632 1028,632 1028,671 305,671"/>
                  </Shape>
                  <String CONTENT="iii cui facienda sit confessio"
                          HPOS="305"
                          VPOS="632"
                          WIDTH="723"
                          HEIGHT="39"/>
               </TextLine>
               <TextLine ID="zone-line_IRHT_P_005323_1-11"
                         BASELINE=""
                         HPOS="292"
                         VPOS="685"
                         WIDTH="736"
                         HEIGHT="40">
                  <Shape>
                     <Polygon POINTS="292,685 1028,685 1028,725 292,725"/>
                  </Shape>
                  <String CONTENT="quando sit confitendum"
                          HPOS="292"
                          VPOS="685"
                          WIDTH="736"
                          HEIGHT="40"/>
               </TextLine>
               <TextLine ID="zone-line_IRHT_P_005323_1-12"
                         BASELINE=""
                         HPOS="282"
                         VPOS="728"
                         WIDTH="789"
                         HEIGHT="47">
                  <Shape>
                     <Polygon POINTS="282,728 1071,728 1071,775 282,775"/>
                  </Shape>
                  <String CONTENT="v que precipue in confessione requiruntur"
                          HPOS="282"
                          VPOS="728"
                          WIDTH="789"
                          HEIGHT="47"/>
               </TextLine>
               <TextLine ID="zone-line_IRHT_P_005323_1-13"
                         BASELINE=""
                         HPOS="282"
                         VPOS="783"
                         WIDTH="797"
                         HEIGHT="44">
                  <Shape>
                     <Polygon POINTS="282,783 1079,783 1079,827 282,827"/>
                  </Shape>
                  <String CONTENT="vi que sint neccessaria ad ueram penitentiam"
                          HPOS="282"
                          VPOS="783"
                          WIDTH="797"
                          HEIGHT="44"/>
               </TextLine>
               <TextLine ID="zone-line_IRHT_P_005323_1-14"
                         BASELINE=""
                         HPOS="290"
                         VPOS="838"
                         WIDTH="1045"
                         HEIGHT="50">
                  <Shape>
                     <Polygon POINTS="290,838 1335,838 1335,888 290,888"/>
                  </Shape>
                  <String CONTENT="vii de allocutione sacerdotis et inductione ad confitendum"
                          HPOS="290"
                          VPOS="838"
                          WIDTH="1045"
                          HEIGHT="50"/>
               </TextLine>
               <TextLine ID="zone-line_IRHT_P_005323_1-15"
                         BASELINE=""
                         HPOS="296"
                         VPOS="892"
                         WIDTH="979"
                         HEIGHT="49">
                  <Shape>
                     <Polygon POINTS="296,892 1275,892 1275,941 296,941"/>
                  </Shape>
                  <String CONTENT="viii de circumstanciis quas peccator tenetur confiteri"
                          HPOS="296"
                          VPOS="892"
                          WIDTH="979"
                          HEIGHT="49"/>
               </TextLine>
               <TextLine ID="zone-line_IRHT_P_005323_1-16"
                         BASELINE=""
                         HPOS="292"
                         VPOS="952"
                         WIDTH="933"
                         HEIGHT="50">
                  <Shape>
                     <Polygon POINTS="292,952 1225,952 1225,1002 292,1002"/>
                  </Shape>
                  <String CONTENT="ix utrum circumstancie agrauent peccatum"
                          HPOS="292"
                          VPOS="952"
                          WIDTH="933"
                          HEIGHT="50"/>
               </TextLine>
               <TextLine ID="zone-line_IRHT_P_005323_1-17"
                         BASELINE=""
                         HPOS="283"
                         VPOS="1001"
                         WIDTH="971"
                         HEIGHT="57">
                  <Shape>
                     <Polygon POINTS="283,1001 1254,1001 1254,1058 283,1058"/>
                  </Shape>
                  <String CONTENT="x de interrogationibus a sacerdote faciendis"
                          HPOS="283"
                          VPOS="1001"
                          WIDTH="971"
                          HEIGHT="57"/>
               </TextLine>
               <TextLine ID="zone-line_IRHT_P_005323_1-18"
                         BASELINE=""
                         HPOS="275"
                         VPOS="1048"
                         WIDTH="768"
                         HEIGHT="54">
                  <Shape>
                     <Polygon POINTS="275,1048 1043,1048 1043,1102 275,1102"/>
                  </Shape>
                  <String CONTENT="xi de generibus abusionum"
                          HPOS="275"
                          VPOS="1048"
                          WIDTH="768"
                          HEIGHT="54"/>
               </TextLine>
               <TextLine ID="zone-line_IRHT_P_005323_1-19"
                         BASELINE=""
                         HPOS="271"
                         VPOS="1105"
                         WIDTH="1054"
                         HEIGHT="51">
                  <Shape>
                     <Polygon POINTS="271,1105 1325,1105 1325,1156 271,1156"/>
                  </Shape>
                  <String CONTENT="xii de officio et debito sacerdotis erga penitentes"
                          HPOS="271"
                          VPOS="1105"
                          WIDTH="1054"
                          HEIGHT="51"/>
               </TextLine>
               <TextLine ID="zone-line_IRHT_P_005323_1-20"
                         BASELINE=""
                         HPOS="276"
                         VPOS="1159"
                         WIDTH="1349"
                         HEIGHT="64">
                  <Shape>
                     <Polygon POINTS="276,1159 1625,1159 1625,1223 276,1223"/>
                  </Shape>
                  <String CONTENT="xiii quis peccata dimittat et per que mortalia siue uenialia dimittantur"
                          HPOS="276"
                          VPOS="1159"
                          WIDTH="1349"
                          HEIGHT="64"/>
               </TextLine>
               <TextLine ID="zone-line_IRHT_P_005323_1-21"
                         BASELINE=""
                         HPOS="277"
                         VPOS="1211"
                         WIDTH="1127"
                         HEIGHT="61">
                  <Shape>
                     <Polygon POINTS="277,1211 1404,1211 1404,1272 277,1272"/>
                  </Shape>
                  <String CONTENT="xiiii de modo penitencie pro quolibet peccato"
                          HPOS="277"
                          VPOS="1211"
                          WIDTH="1127"
                          HEIGHT="61"/>
               </TextLine>
               <TextLine ID="zone-line_IRHT_P_005323_1-22"
                         BASELINE=""
                         HPOS="270"
                         VPOS="1268"
                         WIDTH="1233"
                         HEIGHT="67">
                  <Shape>
                     <Polygon POINTS="270,1268 1503,1268 1503,1335 270,1335"/>
                  </Shape>
                  <String CONTENT="xv que debent considerari in inposione penitencie"
                          HPOS="270"
                          VPOS="1268"
                          WIDTH="1233"
                          HEIGHT="67"/>
               </TextLine>
            </TextBlock>
         </PrintSpace>
      </Page>
   </Layout>
</alto>
