<?xml version="1.0" encoding="UTF-8"?>
<alto xmlns="http://www.loc.gov/standards/alto/ns-v4#"
      xmlns:xsi="http://www.w3.org/2001/XMLSchema-instance"
      xmlns:tei="http://www.tei-c.org/ns/1.0"
      xsi:schemaLocation="http://www.loc.gov/standards/alto/ns-v4# ../schema/alto.xsd">
   <Description>
      <MeasurementUnit>pixel</MeasurementUnit>
      <sourceImageInformation>
         <fileName>IRHT_P_005240.tif</fileName>
      </sourceImageInformation>
   </Description>
   <Layout>
      <Page ID="zone-page_IRHT_P_005240"
            PHYSICAL_IMG_NR="0"
            WIDTH="1884"
            HEIGHT="1350">
         <PrintSpace HPOS="0" VPOS="0" WIDTH="1884" HEIGHT="1350">
            <TextBlock HPOS="72"
                       VPOS="65"
                       WIDTH="1739"
                       HEIGHT="1169"
                       ID="zone-col_IRHT_P_005240_1">
               <Shape>
                  <Polygon POINTS="72,65 1811,65 1811,1234 72,1234"/>
               </Shape>
               <TextLine ID="zone-line_IRHT_P_005240_1-1"
                         BASELINE=""
                         HPOS="79"
                         VPOS="103"
                         WIDTH="1687"
                         HEIGHT="72">
                  <Shape>
                     <Polygon POINTS="79,103 1766,103 1766,175 79,175"/>
                  </Shape>
                  <String CONTENT="eris dabo tibi licet dimidium regni mei que cum exisset dixit matri sue"
                          HPOS="79"
                          VPOS="103"
                          WIDTH="1687"
                          HEIGHT="72"/>
               </TextLine>
               <TextLine ID="zone-line_IRHT_P_005240_1-2"
                         BASELINE=""
                         HPOS="79"
                         VPOS="172"
                         WIDTH="1732"
                         HEIGHT="64">
                  <Shape>
                     <Polygon POINTS="79,172 1811,172 1811,236 79,236"/>
                  </Shape>
                  <String CONTENT="quid petam et illa dixit caput iohannis babtiste cumque introisset statim cum festi"
                          HPOS="79"
                          VPOS="172"
                          WIDTH="1732"
                          HEIGHT="64"/>
               </TextLine>
               <TextLine ID="zone-line_IRHT_P_005240_1-3"
                         BASELINE=""
                         HPOS="89"
                         VPOS="239"
                         WIDTH="1717"
                         HEIGHT="59">
                  <Shape>
                     <Polygon POINTS="89,239 1806,239 1806,298 89,298"/>
                  </Shape>
                  <String CONTENT="natione ad regem petiuit dicens uolo ut protinus des michi in disco caput"
                          HPOS="89"
                          VPOS="239"
                          WIDTH="1717"
                          HEIGHT="59"/>
               </TextLine>
               <TextLine ID="zone-line_IRHT_P_005240_1-4"
                         BASELINE=""
                         HPOS="97"
                         VPOS="306"
                         WIDTH="1691"
                         HEIGHT="60">
                  <Shape>
                     <Polygon POINTS="97,306 1788,306 1788,366 97,366"/>
                  </Shape>
                  <String CONTENT="iohannis babtiste et contristatuus est rex propter iusiurandum et propter simul re"
                          HPOS="97"
                          VPOS="306"
                          WIDTH="1691"
                          HEIGHT="60"/>
               </TextLine>
               <TextLine ID="zone-line_IRHT_P_005240_1-5"
                         BASELINE=""
                         HPOS="79"
                         VPOS="374"
                         WIDTH="1694"
                         HEIGHT="60">
                  <Shape>
                     <Polygon POINTS="79,374 1773,374 1773,434 79,434"/>
                  </Shape>
                  <String CONTENT="cumbentes noluit eam contristare sed misso spiculatore precepit afferri"
                          HPOS="79"
                          VPOS="374"
                          WIDTH="1694"
                          HEIGHT="60"/>
               </TextLine>
               <TextLine ID="zone-line_IRHT_P_005240_1-6"
                         BASELINE=""
                         HPOS="79"
                         VPOS="441"
                         WIDTH="1690"
                         HEIGHT="56">
                  <Shape>
                     <Polygon POINTS="79,441 1769,441 1769,497 79,497"/>
                  </Shape>
                  <String CONTENT="caput eius in disco et decollauit eum in carcere et adtulit caput eius in disco et"
                          HPOS="79"
                          VPOS="441"
                          WIDTH="1690"
                          HEIGHT="56"/>
               </TextLine>
               <TextLine ID="zone-line_IRHT_P_005240_1-7"
                         BASELINE=""
                         HPOS="85"
                         VPOS="513"
                         WIDTH="1670"
                         HEIGHT="49">
                  <Shape>
                     <Polygon POINTS="85,513 1755,513 1755,562 85,562"/>
                  </Shape>
                  <String CONTENT="dedit illud puelle et puella dedit matri sue quo audito discipuli"
                          HPOS="85"
                          VPOS="513"
                          WIDTH="1670"
                          HEIGHT="49"/>
               </TextLine>
               <TextLine ID="zone-line_IRHT_P_005240_1-8"
                         BASELINE=""
                         HPOS="77"
                         VPOS="585"
                         WIDTH="1706"
                         HEIGHT="59">
                  <Shape>
                     <Polygon POINTS="77,585 1783,585 1783,644 77,644"/>
                  </Shape>
                  <String CONTENT="eius uenerunt et tulerunt corpus eius et posuerunt illd in monumento et egressus est"
                          HPOS="77"
                          VPOS="585"
                          WIDTH="1706"
                          HEIGHT="59"/>
               </TextLine>
               <TextLine ID="zone-line_IRHT_P_005240_1-9"
                         BASELINE=""
                         HPOS="91"
                         VPOS="650"
                         WIDTH="1646"
                         HEIGHT="56">
                  <Shape>
                     <Polygon POINTS="91,650 1737,650 1737,706 91,706"/>
                  </Shape>
                  <String CONTENT="iesus et discipuli eius in castella cesaree philippi et in uia interrogabat"
                          HPOS="91"
                          VPOS="650"
                          WIDTH="1646"
                          HEIGHT="56"/>
               </TextLine>
               <TextLine ID="zone-line_IRHT_P_005240_1-10"
                         BASELINE=""
                         HPOS="83"
                         VPOS="725"
                         WIDTH="1695"
                         HEIGHT="43">
                  <Shape>
                     <Polygon POINTS="83,725 1778,725 1778,768 83,768"/>
                  </Shape>
                  <String CONTENT="discipulo suo dicens eis quem me dicunt hominnes esse qui responderunt illi"
                          HPOS="83"
                          VPOS="725"
                          WIDTH="1695"
                          HEIGHT="43"/>
               </TextLine>
               <TextLine ID="zone-line_IRHT_P_005240_1-11"
                         BASELINE=""
                         HPOS="86"
                         VPOS="782"
                         WIDTH="1684"
                         HEIGHT="53">
                  <Shape>
                     <Polygon POINTS="86,782 1770,782 1770,835 86,835"/>
                  </Shape>
                  <String CONTENT="dicentes iohannem babtistam alii heliam alii uero quasi unum de prophetis tunc"
                          HPOS="86"
                          VPOS="782"
                          WIDTH="1684"
                          HEIGHT="53"/>
               </TextLine>
               <TextLine ID="zone-line_IRHT_P_005240_1-12"
                         BASELINE=""
                         HPOS="72"
                         VPOS="845"
                         WIDTH="1687"
                         HEIGHT="64">
                  <Shape>
                     <Polygon POINTS="72,845 1759,845 1759,909 72,909"/>
                  </Shape>
                  <String CONTENT="dicit illis vos uero quem me diciti esse respondens petrus ait ei tu es christus"
                          HPOS="72"
                          VPOS="845"
                          WIDTH="1687"
                          HEIGHT="64"/>
               </TextLine>
               <TextLine ID="zone-line_IRHT_P_005240_1-13"
                         BASELINE=""
                         HPOS="76"
                         VPOS="912"
                         WIDTH="1684"
                         HEIGHT="59">
                  <Shape>
                     <Polygon POINTS="76,912 1760,912 1760,971 76,971"/>
                  </Shape>
                  <String CONTENT="et comminatus est eis ne cui dicerent de illo et interrogabant eum dicentes quid ergo"
                          HPOS="76"
                          VPOS="912"
                          WIDTH="1684"
                          HEIGHT="59"/>
               </TextLine>
               <TextLine ID="zone-line_IRHT_P_005240_1-14"
                         BASELINE=""
                         HPOS="84"
                         VPOS="969"
                         WIDTH="1636"
                         HEIGHT="63">
                  <Shape>
                     <Polygon POINTS="84,969 1720,969 1720,1032 84,1032"/>
                  </Shape>
                  <String CONTENT="dicunt pharisei et scribe quia heliam oportet primum venire qui respondens"
                          HPOS="84"
                          VPOS="969"
                          WIDTH="1636"
                          HEIGHT="63"/>
               </TextLine>
               <TextLine ID="zone-line_IRHT_P_005240_1-15"
                         BASELINE=""
                         HPOS="84"
                         VPOS="1029"
                         WIDTH="1718"
                         HEIGHT="70">
                  <Shape>
                     <Polygon POINTS="84,1029 1802,1029 1802,1099 84,1099"/>
                  </Shape>
                  <String CONTENT="ait illis helias cum uenerit primo restituet omnia et quomodo scriptum est in filium homini"
                          HPOS="84"
                          VPOS="1029"
                          WIDTH="1718"
                          HEIGHT="70"/>
               </TextLine>
               <TextLine ID="zone-line_IRHT_P_005240_1-16"
                         BASELINE=""
                         HPOS="97"
                         VPOS="1094"
                         WIDTH="1648"
                         HEIGHT="76">
                  <Shape>
                     <Polygon POINTS="97,1094 1745,1094 1745,1170 97,1170"/>
                  </Shape>
                  <String CONTENT="ut multa paciatur et contempnatur sed dico uobis quia et helias venit et fecerunt illi"
                          HPOS="97"
                          VPOS="1094"
                          WIDTH="1648"
                          HEIGHT="76"/>
               </TextLine>
               <TextLine ID="zone-line_IRHT_P_005240_1-17"
                         BASELINE=""
                         HPOS="91"
                         VPOS="1155"
                         WIDTH="1692"
                         HEIGHT="79">
                  <Shape>
                     <Polygon POINTS="91,1155 1783,1155 1783,1234 91,1234"/>
                  </Shape>
                  <String CONTENT="quecumque uoluerunt sicut scriptum est de eo explicit hec scripsit b armarius anno mccxiii"
                          HPOS="91"
                          VPOS="1155"
                          WIDTH="1692"
                          HEIGHT="79"/>
               </TextLine>
            </TextBlock>
         </PrintSpace>
      </Page>
   </Layout>
</alto>
