<?xml version="1.0" encoding="UTF-8"?>
<alto xmlns="http://www.loc.gov/standards/alto/ns-v4#"
      xmlns:xsi="http://www.w3.org/2001/XMLSchema-instance"
      xmlns:tei="http://www.tei-c.org/ns/1.0"
      xsi:schemaLocation="http://www.loc.gov/standards/alto/ns-v4# ../schema/alto.xsd">
   <Description>
      <MeasurementUnit>pixel</MeasurementUnit>
      <sourceImageInformation>
         <fileName>IRHT_P_007204.tif</fileName>
      </sourceImageInformation>
   </Description>
   <Layout>
      <Page ID="zone-page_IRHT_P_007204"
            PHYSICAL_IMG_NR="0"
            WIDTH="1720"
            HEIGHT="1225">
         <PrintSpace HPOS="0" VPOS="0" WIDTH="1720" HEIGHT="1225">
            <TextBlock HPOS="467"
                       VPOS="0"
                       WIDTH="1208"
                       HEIGHT="774"
                       ID="zone-col_IRHT_P_007204_1">
               <Shape>
                  <Polygon POINTS="467,0 1675,0 1675,774 467,774"/>
               </Shape>
               <TextLine ID="zone-line_IRHT_P_007204_1-1"
                         BASELINE=""
                         HPOS="467"
                         VPOS="87"
                         WIDTH="1168"
                         HEIGHT="41">
                  <Shape>
                     <Polygon POINTS="467,87 1635,87 1635,128 467,128"/>
                  </Shape>
                  <String CONTENT="aiat ardis tanta ardebat cura ut architecto permiserit uel"
                          HPOS="467"
                          VPOS="87"
                          WIDTH="1168"
                          HEIGHT="41"/>
               </TextLine>
               <TextLine ID="zone-line_IRHT_P_007204_1-2"
                         BASELINE=""
                         HPOS="473"
                         VPOS="138"
                         WIDTH="1171"
                         HEIGHT="45">
                  <Shape>
                     <Polygon POINTS="473,138 1644,138 1644,183 473,183"/>
                  </Shape>
                  <String CONTENT="ut suam pecuniam consumeret dummodo perduceret specus e"
                          HPOS="473"
                          VPOS="138"
                          WIDTH="1171"
                          HEIGHT="45"/>
               </TextLine>
               <TextLine ID="zone-line_IRHT_P_007204_1-3"
                         BASELINE=""
                         HPOS="471"
                         VPOS="192"
                         WIDTH="1191"
                         HEIGHT="51">
                  <Shape>
                     <Polygon POINTS="471,192 1662,192 1662,243 471,243"/>
                  </Shape>
                  <String CONTENT="pistrinis in mare abiecta mole qua estus bis quotidie ab ex"
                          HPOS="471"
                          VPOS="192"
                          WIDTH="1191"
                          HEIGHT="51"/>
               </TextLine>
               <TextLine ID="zone-line_IRHT_P_007204_1-4"
                         BASELINE=""
                         HPOS="467"
                         VPOS="252"
                         WIDTH="1194"
                         HEIGHT="52">
                  <Shape>
                     <Polygon POINTS="467,252 1661,252 1661,304 467,304"/>
                  </Shape>
                  <String CONTENT="ora luna ad proximum nouam introire ac redire rursus in ma"
                          HPOS="467"
                          VPOS="252"
                          WIDTH="1194"
                          HEIGHT="52"/>
               </TextLine>
               <TextLine ID="zone-line_IRHT_P_007204_1-5"
                         BASELINE=""
                         HPOS="471"
                         VPOS="313"
                         WIDTH="1204"
                         HEIGHT="51">
                  <Shape>
                     <Polygon POINTS="471,313 1675,313 1675,364 471,364"/>
                  </Shape>
                  <String CONTENT="re posset ac refrigerare piscinas nos cum hęc et ecce stre"
                          HPOS="471"
                          VPOS="313"
                          WIDTH="1204"
                          HEIGHT="51"/>
               </TextLine>
               <TextLine ID="zone-line_IRHT_P_007204_1-6"
                         BASELINE=""
                         HPOS="479"
                         VPOS="369"
                         WIDTH="1167"
                         HEIGHT="53">
                  <Shape>
                     <Polygon POINTS="479,369 1646,369 1646,422 479,422"/>
                  </Shape>
                  <String CONTENT="pitus destra atque leua candidatus noster designatus ędilis"
                          HPOS="479"
                          VPOS="369"
                          WIDTH="1167"
                          HEIGHT="53"/>
               </TextLine>
               <TextLine ID="zone-line_IRHT_P_007204_1-7"
                         BASELINE=""
                         HPOS="475"
                         VPOS="432"
                         WIDTH="1168"
                         HEIGHT="44">
                  <Shape>
                     <Polygon POINTS="475,432 1643,432 1643,476 475,476"/>
                  </Shape>
                  <String CONTENT="adest ad uillam cui nos occidimus et gratulati in capitolium"
                          HPOS="475"
                          VPOS="432"
                          WIDTH="1168"
                          HEIGHT="44"/>
               </TextLine>
               <TextLine ID="zone-line_IRHT_P_007204_1-8"
                         BASELINE=""
                         HPOS="474"
                         VPOS="490"
                         WIDTH="1188"
                         HEIGHT="39">
                  <Shape>
                     <Polygon POINTS="474,490 1662,490 1662,529 474,529"/>
                  </Shape>
                  <String CONTENT="persequimur illo inde cuncto suam domum nos nostram oppi"
                          HPOS="474"
                          VPOS="490"
                          WIDTH="1188"
                          HEIGHT="39"/>
               </TextLine>
               <TextLine ID="zone-line_IRHT_P_007204_1-9"
                         BASELINE=""
                         HPOS="471"
                         VPOS="544"
                         WIDTH="1171"
                         HEIGHT="48">
                  <Shape>
                     <Polygon POINTS="471,544 1642,544 1642,592 471,592"/>
                  </Shape>
                  <String CONTENT="nioni nostro sermone de pastione uillatica sumatim hoc"
                          HPOS="471"
                          VPOS="544"
                          WIDTH="1171"
                          HEIGHT="48"/>
               </TextLine>
               <TextLine ID="zone-line_IRHT_P_007204_1-10"
                         BASELINE=""
                         HPOS="480"
                         VPOS="600"
                         WIDTH="1171"
                         HEIGHT="48">
                  <Shape>
                     <Polygon POINTS="480,600 1651,600 1651,648 480,648"/>
                  </Shape>
                  <String CONTENT="quem exposui habito m terrencii uarronis rerum rustica"
                          HPOS="480"
                          VPOS="600"
                          WIDTH="1171"
                          HEIGHT="48"/>
               </TextLine>
               <TextLine ID="zone-line_IRHT_P_007204_1-11"
                         BASELINE=""
                         HPOS="468"
                         VPOS="658"
                         WIDTH="1184"
                         HEIGHT="48">
                  <Shape>
                     <Polygon POINTS="468,658 1652,658 1652,706 468,706"/>
                  </Shape>
                  <String CONTENT="rum de uillaticis pastionibus liber tercius explicit fe"
                          HPOS="468"
                          VPOS="658"
                          WIDTH="1184"
                          HEIGHT="48"/>
               </TextLine>
               <TextLine ID="zone-line_IRHT_P_007204_1-12"
                         BASELINE=""
                         HPOS="469"
                         VPOS="724"
                         WIDTH="336"
                         HEIGHT="50">
                  <Shape>
                     <Polygon POINTS="469,724 805,724 805,774 469,774"/>
                  </Shape>
                  <String CONTENT="liciter 1414"
                          HPOS="469"
                          VPOS="724"
                          WIDTH="336"
                          HEIGHT="50"/>
               </TextLine>
            </TextBlock>
         </PrintSpace>
      </Page>
   </Layout>
</alto>
