<?xml version="1.0" encoding="UTF-8"?>
<alto xmlns="http://www.loc.gov/standards/alto/ns-v4#"
      xmlns:xsi="http://www.w3.org/2001/XMLSchema-instance"
      xmlns:tei="http://www.tei-c.org/ns/1.0"
      xsi:schemaLocation="http://www.loc.gov/standards/alto/ns-v4# ../schema/alto.xsd">
   <Description>
      <MeasurementUnit>pixel</MeasurementUnit>
      <sourceImageInformation>
         <fileName>IRHT_P_002134.tif</fileName>
      </sourceImageInformation>
   </Description>
   <Layout>
      <Page ID="zone-page_IRHT_P_002134"
            PHYSICAL_IMG_NR="0"
            WIDTH="1883"
            HEIGHT="1371">
         <PrintSpace HPOS="0" VPOS="0" WIDTH="1883" HEIGHT="1371">
            <TextBlock HPOS="31"
                       VPOS="61"
                       WIDTH="1101"
                       HEIGHT="1264"
                       ID="zone-col_IRHT_P_002134_1">
               <Shape>
                  <Polygon POINTS="31,61 1132,61 1132,1325 31,1325"/>
               </Shape>
               <TextLine ID="zone-line_IRHT_P_002134_1-1"
                         BASELINE=""
                         HPOS="190"
                         VPOS="126"
                         WIDTH="942"
                         HEIGHT="61">
                  <Shape>
                     <Polygon POINTS="190,126 1132,126 1132,187 190,187"/>
                  </Shape>
                  <String CONTENT="sanctissimi confratris dignatus est multa miracula"
                          HPOS="190"
                          VPOS="126"
                          WIDTH="942"
                          HEIGHT="61"/>
               </TextLine>
               <TextLine ID="zone-line_IRHT_P_002134_1-2"
                         BASELINE=""
                         HPOS="942"
                         VPOS="201"
                         WIDTH="163"
                         HEIGHT="64">
                  <Shape>
                     <Polygon POINTS="942,201 1105,201 1105,265 942,265"/>
                  </Shape>
                  <String CONTENT="operari"
                          HPOS="942"
                          VPOS="201"
                          WIDTH="163"
                          HEIGHT="64"/>
               </TextLine>
               <TextLine ID="zone-line_IRHT_P_002134_1-3"
                         BASELINE=""
                         HPOS="559"
                         VPOS="205"
                         WIDTH="383"
                         HEIGHT="72">
                  <Shape>
                     <Polygon POINTS="559,205 942,205 942,277 559,277"/>
                  </Shape>
                  <String CONTENT="prologus cvm uetustatis"
                          HPOS="559"
                          VPOS="205"
                          WIDTH="383"
                          HEIGHT="72"/>
               </TextLine>
               <TextLine ID="zone-line_IRHT_P_002134_1-4"
                         BASELINE=""
                         HPOS="551"
                         VPOS="292"
                         WIDTH="446"
                         HEIGHT="67">
                  <Shape>
                     <Polygon POINTS="551,292 997,292 997,359 551,359"/>
                  </Shape>
                  <String CONTENT="in commodo nouer"
                          HPOS="551"
                          VPOS="292"
                          WIDTH="446"
                          HEIGHT="67"/>
               </TextLine>
               <TextLine ID="zone-line_IRHT_P_002134_1-5"
                         BASELINE=""
                         HPOS="551"
                         VPOS="379"
                         WIDTH="454"
                         HEIGHT="73">
                  <Shape>
                     <Polygon POINTS="551,379 1005,379 1005,452 551,452"/>
                  </Shape>
                  <String CONTENT="cante res fere sin"
                          HPOS="551"
                          VPOS="379"
                          WIDTH="454"
                          HEIGHT="73"/>
               </TextLine>
               <TextLine ID="zone-line_IRHT_P_002134_1-6"
                         BASELINE=""
                         HPOS="557"
                         VPOS="466"
                         WIDTH="457"
                         HEIGHT="71">
                  <Shape>
                     <Polygon POINTS="557,466 1014,466 1014,537 557,537"/>
                  </Shape>
                  <String CONTENT="gulas obsoleri con"
                          HPOS="557"
                          VPOS="466"
                          WIDTH="457"
                          HEIGHT="71"/>
               </TextLine>
               <TextLine ID="zone-line_IRHT_P_002134_1-7"
                         BASELINE=""
                         HPOS="566"
                         VPOS="558"
                         WIDTH="381"
                         HEIGHT="66">
                  <Shape>
                     <Polygon POINTS="566,558 947,558 947,624 566,624"/>
                  </Shape>
                  <String CONTENT="tingat cum"
                          HPOS="566"
                          VPOS="558"
                          WIDTH="381"
                          HEIGHT="66"/>
               </TextLine>
               <TextLine ID="zone-line_IRHT_P_002134_1-8"
                         BASELINE=""
                         HPOS="209"
                         VPOS="644"
                         WIDTH="782"
                         HEIGHT="65">
                  <Shape>
                     <Polygon POINTS="209,644 991,644 991,709 209,709"/>
                  </Shape>
                  <String CONTENT="nouem leprosos curatione po"
                          HPOS="209"
                          VPOS="644"
                          WIDTH="782"
                          HEIGHT="65"/>
               </TextLine>
               <TextLine ID="zone-line_IRHT_P_002134_1-9"
                         BASELINE=""
                         HPOS="211"
                         VPOS="733"
                         WIDTH="793"
                         HEIGHT="65">
                  <Shape>
                     <Polygon POINTS="211,733 1004,733 1004,798 211,798"/>
                  </Shape>
                  <String CONTENT="titos non parum reos intelle"
                          HPOS="211"
                          VPOS="733"
                          WIDTH="793"
                          HEIGHT="65"/>
               </TextLine>
               <TextLine ID="zone-line_IRHT_P_002134_1-10"
                         BASELINE=""
                         HPOS="202"
                         VPOS="816"
                         WIDTH="807"
                         HEIGHT="70">
                  <Shape>
                     <Polygon POINTS="202,816 1009,816 1009,886 202,886"/>
                  </Shape>
                  <String CONTENT="xerimus quia dei gloriam ta"
                          HPOS="202"
                          VPOS="816"
                          WIDTH="807"
                          HEIGHT="70"/>
               </TextLine>
               <TextLine ID="zone-line_IRHT_P_002134_1-11"
                         BASELINE=""
                         HPOS="211"
                         VPOS="905"
                         WIDTH="782"
                         HEIGHT="70">
                  <Shape>
                     <Polygon POINTS="211,905 993,905 993,975 211,975"/>
                  </Shape>
                  <String CONTENT="cuerunt cum decimo reuer"
                          HPOS="211"
                          VPOS="905"
                          WIDTH="782"
                          HEIGHT="70"/>
               </TextLine>
               <TextLine ID="zone-line_IRHT_P_002134_1-12"
                         BASELINE=""
                         HPOS="213"
                         VPOS="991"
                         WIDTH="798"
                         HEIGHT="73">
                  <Shape>
                     <Polygon POINTS="213,991 1011,991 1011,1064 213,1064"/>
                  </Shape>
                  <String CONTENT="tente dominum glorificantes super"
                          HPOS="213"
                          VPOS="991"
                          WIDTH="798"
                          HEIGHT="73"/>
               </TextLine>
               <TextLine ID="zone-line_IRHT_P_002134_1-13"
                         BASELINE=""
                         HPOS="224"
                         VPOS="1081"
                         WIDTH="766"
                         HEIGHT="64">
                  <Shape>
                     <Polygon POINTS="224,1081 990,1081 990,1145 224,1145"/>
                  </Shape>
                  <String CONTENT="his que audiuimus et uidimus"
                          HPOS="224"
                          VPOS="1081"
                          WIDTH="766"
                          HEIGHT="64"/>
               </TextLine>
               <TextLine ID="zone-line_IRHT_P_002134_1-14"
                         BASELINE=""
                         HPOS="219"
                         VPOS="1166"
                         WIDTH="751"
                         HEIGHT="72">
                  <Shape>
                     <Polygon POINTS="219,1166 970,1166 970,1238 219,1238"/>
                  </Shape>
                  <String CONTENT="que a domino facta mirabilia"
                          HPOS="219"
                          VPOS="1166"
                          WIDTH="751"
                          HEIGHT="72"/>
               </TextLine>
               <TextLine ID="zone-line_IRHT_P_002134_1-15"
                         BASELINE=""
                         HPOS="215"
                         VPOS="1252"
                         WIDTH="767"
                         HEIGHT="73">
                  <Shape>
                     <Polygon POINTS="215,1252 982,1252 982,1325 215,1325"/>
                  </Shape>
                  <String CONTENT="fuerunt in occuis uestris poste"
                          HPOS="215"
                          VPOS="1252"
                          WIDTH="767"
                          HEIGHT="73"/>
               </TextLine>
            </TextBlock>
            <TextBlock HPOS="1183"
                       VPOS="99"
                       WIDTH="634"
                       HEIGHT="1218"
                       ID="zone-col_IRHT_P_002134_2">
               <Shape>
                  <Polygon POINTS="1183,99 1817,99 1817,1317 1183,1317"/>
               </Shape>
               <TextLine ID="zone-line_IRHT_P_002134_2-1"
                         BASELINE=""
                         HPOS="1209"
                         VPOS="99"
                         WIDTH="586"
                         HEIGHT="75">
                  <Shape>
                     <Polygon POINTS="1209,99 1795,99 1795,174 1209,174"/>
                  </Shape>
                  <String CONTENT="d comite nostro rich"
                          HPOS="1209"
                          VPOS="99"
                          WIDTH="586"
                          HEIGHT="75"/>
               </TextLine>
               <TextLine ID="zone-line_IRHT_P_002134_2-2"
                         BASELINE=""
                         HPOS="1186"
                         VPOS="197"
                         WIDTH="608"
                         HEIGHT="69">
                  <Shape>
                     <Polygon POINTS="1186,197 1794,197 1794,266 1186,266"/>
                  </Shape>
                  <String CONTENT="rege anglie uiro uidel"
                          HPOS="1186"
                          VPOS="197"
                          WIDTH="608"
                          HEIGHT="69"/>
               </TextLine>
               <TextLine ID="zone-line_IRHT_P_002134_2-3"
                         BASELINE=""
                         HPOS="1183"
                         VPOS="286"
                         WIDTH="610"
                         HEIGHT="66">
                  <Shape>
                     <Polygon POINTS="1183,286 1793,286 1793,352 1183,352"/>
                  </Shape>
                  <String CONTENT="nine nobilitatis noti"
                          HPOS="1183"
                          VPOS="286"
                          WIDTH="610"
                          HEIGHT="66"/>
               </TextLine>
               <TextLine ID="zone-line_IRHT_P_002134_2-4"
                         BASELINE=""
                         HPOS="1185"
                         VPOS="375"
                         WIDTH="600"
                         HEIGHT="68">
                  <Shape>
                     <Polygon POINTS="1185,375 1785,375 1785,443 1185,443"/>
                  </Shape>
                  <String CONTENT="cui in egregia feritate"
                          HPOS="1185"
                          VPOS="375"
                          WIDTH="600"
                          HEIGHT="68"/>
               </TextLine>
               <TextLine ID="zone-line_IRHT_P_002134_2-5"
                         BASELINE=""
                         HPOS="1196"
                         VPOS="460"
                         WIDTH="607"
                         HEIGHT="69">
                  <Shape>
                     <Polygon POINTS="1196,460 1803,460 1803,529 1196,529"/>
                  </Shape>
                  <String CONTENT="sibi contemporaneum i"
                          HPOS="1196"
                          VPOS="460"
                          WIDTH="607"
                          HEIGHT="69"/>
               </TextLine>
               <TextLine ID="zone-line_IRHT_P_002134_2-6"
                         BASELINE=""
                         HPOS="1186"
                         VPOS="552"
                         WIDTH="614"
                         HEIGHT="67">
                  <Shape>
                     <Polygon POINTS="1186,552 1800,552 1800,619 1186,619"/>
                  </Shape>
                  <String CONTENT="conparandum orta sun"
                          HPOS="1186"
                          VPOS="552"
                          WIDTH="614"
                          HEIGHT="67"/>
               </TextLine>
               <TextLine ID="zone-line_IRHT_P_002134_2-7"
                         BASELINE=""
                         HPOS="1187"
                         VPOS="642"
                         WIDTH="622"
                         HEIGHT="70">
                  <Shape>
                     <Polygon POINTS="1187,642 1809,642 1809,712 1187,712"/>
                  </Shape>
                  <String CONTENT="mata et infames cont"
                          HPOS="1187"
                          VPOS="642"
                          WIDTH="622"
                          HEIGHT="70"/>
               </TextLine>
               <TextLine ID="zone-line_IRHT_P_002134_2-8"
                         BASELINE=""
                         HPOS="1198"
                         VPOS="732"
                         WIDTH="590"
                         HEIGHT="65">
                  <Shape>
                     <Polygon POINTS="1198,732 1788,732 1788,797 1198,797"/>
                  </Shape>
                  <String CONTENT="inter homines huius"
                          HPOS="1198"
                          VPOS="732"
                          WIDTH="590"
                          HEIGHT="65"/>
               </TextLine>
               <TextLine ID="zone-line_IRHT_P_002134_2-9"
                         BASELINE=""
                         HPOS="1197"
                         VPOS="820"
                         WIDTH="606"
                         HEIGHT="67">
                  <Shape>
                     <Polygon POINTS="1197,820 1803,820 1803,887 1197,887"/>
                  </Shape>
                  <String CONTENT="hac de causa quia de r"
                          HPOS="1197"
                          VPOS="820"
                          WIDTH="606"
                          HEIGHT="67"/>
               </TextLine>
               <TextLine ID="zone-line_IRHT_P_002134_2-10"
                         BASELINE=""
                         HPOS="1198"
                         VPOS="909"
                         WIDTH="618"
                         HEIGHT="70">
                  <Shape>
                     <Polygon POINTS="1198,909 1816,909 1816,979 1198,979"/>
                  </Shape>
                  <String CONTENT="cessione et assignatione"
                          HPOS="1198"
                          VPOS="909"
                          WIDTH="618"
                          HEIGHT="70"/>
               </TextLine>
               <TextLine ID="zone-line_IRHT_P_002134_2-11"
                         BASELINE=""
                         HPOS="1198"
                         VPOS="998"
                         WIDTH="612"
                         HEIGHT="69">
                  <Shape>
                     <Polygon POINTS="1198,998 1810,998 1810,1067 1198,1067"/>
                  </Shape>
                  <String CONTENT="uersas pergerent conse"
                          HPOS="1198"
                          VPOS="998"
                          WIDTH="612"
                          HEIGHT="69"/>
               </TextLine>
               <TextLine ID="zone-line_IRHT_P_002134_2-12"
                         BASELINE=""
                         HPOS="1194"
                         VPOS="1083"
                         WIDTH="623"
                         HEIGHT="73">
                  <Shape>
                     <Polygon POINTS="1194,1083 1817,1083 1817,1156 1194,1156"/>
                  </Shape>
                  <String CONTENT="personas quidam enim a"
                          HPOS="1194"
                          VPOS="1083"
                          WIDTH="623"
                          HEIGHT="73"/>
               </TextLine>
               <TextLine ID="zone-line_IRHT_P_002134_2-13"
                         BASELINE=""
                         HPOS="1201"
                         VPOS="1177"
                         WIDTH="616"
                         HEIGHT="60">
                  <Shape>
                     <Polygon POINTS="1201,1177 1817,1177 1817,1237 1201,1237"/>
                  </Shape>
                  <String CONTENT="bantur iohannem iam d"
                          HPOS="1201"
                          VPOS="1177"
                          WIDTH="616"
                          HEIGHT="60"/>
               </TextLine>
               <TextLine ID="zone-line_IRHT_P_002134_2-14"
                         BASELINE=""
                         HPOS="1198"
                         VPOS="1255"
                         WIDTH="615"
                         HEIGHT="62">
                  <Shape>
                     <Polygon POINTS="1198,1255 1813,1255 1813,1317 1198,1317"/>
                  </Shape>
                  <String CONTENT="ti regis fratrem regem"
                          HPOS="1198"
                          VPOS="1255"
                          WIDTH="615"
                          HEIGHT="62"/>
               </TextLine>
            </TextBlock>
         </PrintSpace>
      </Page>
   </Layout>
</alto>
