<?xml version="1.0" encoding="UTF-8"?>
<alto xmlns="http://www.loc.gov/standards/alto/ns-v4#"
      xmlns:xsi="http://www.w3.org/2001/XMLSchema-instance"
      xmlns:tei="http://www.tei-c.org/ns/1.0"
      xsi:schemaLocation="http://www.loc.gov/standards/alto/ns-v4# ../schema/alto.xsd">
   <Description>
      <MeasurementUnit>pixel</MeasurementUnit>
      <sourceImageInformation>
         <fileName>IRHT_P_003040.tif</fileName>
      </sourceImageInformation>
   </Description>
   <Layout>
      <Page ID="zone-page_IRHT_P_003040"
            PHYSICAL_IMG_NR="0"
            WIDTH="1800"
            HEIGHT="1316">
         <PrintSpace HPOS="0" VPOS="0" WIDTH="1800" HEIGHT="1316">
            <TextBlock HPOS="66"
                       VPOS="24"
                       WIDTH="1649"
                       HEIGHT="1282"
                       ID="zone-col_IRHT_P_003040_1">
               <Shape>
                  <Polygon POINTS="66,24 1715,24 1715,1306 66,1306"/>
               </Shape>
               <TextLine ID="zone-line_IRHT_P_003040_1-1"
                         BASELINE=""
                         HPOS="347"
                         VPOS="108"
                         WIDTH="1338"
                         HEIGHT="53">
                  <Shape>
                     <Polygon POINTS="347,108 1685,108 1685,161 347,161"/>
                  </Shape>
                  <String CONTENT="uelationem isque in itinere cum prophetam agabum repperisset"
                          HPOS="347"
                          VPOS="108"
                          WIDTH="1338"
                          HEIGHT="53"/>
               </TextLine>
               <TextLine ID="zone-line_IRHT_P_003040_1-2"
                         BASELINE=""
                         HPOS="351"
                         VPOS="183"
                         WIDTH="1333"
                         HEIGHT="58">
                  <Shape>
                     <Polygon POINTS="351,183 1684,183 1684,241 351,241"/>
                  </Shape>
                  <String CONTENT="quanta se aduersitas in iherosolimis maneret audiuit scrip"
                          HPOS="351"
                          VPOS="183"
                          WIDTH="1333"
                          HEIGHT="58"/>
               </TextLine>
               <TextLine ID="zone-line_IRHT_P_003040_1-3"
                         BASELINE=""
                         HPOS="352"
                         VPOS="253"
                         WIDTH="1340"
                         HEIGHT="58">
                  <Shape>
                     <Polygon POINTS="352,253 1692,253 1692,311 352,311"/>
                  </Shape>
                  <String CONTENT="tum est quippe quod idem agabus zonam pauli suis pedibus in"
                          HPOS="352"
                          VPOS="253"
                          WIDTH="1340"
                          HEIGHT="58"/>
               </TextLine>
               <TextLine ID="zone-line_IRHT_P_003040_1-4"
                         BASELINE=""
                         HPOS="344"
                         VPOS="318"
                         WIDTH="1358"
                         HEIGHT="65">
                  <Shape>
                     <Polygon POINTS="344,318 1702,318 1702,383 344,383"/>
                  </Shape>
                  <String CONTENT="serens dixit virum cuius hec zona est sic alligabunt in ihe"
                          HPOS="344"
                          VPOS="318"
                          WIDTH="1358"
                          HEIGHT="65"/>
               </TextLine>
               <TextLine ID="zone-line_IRHT_P_003040_1-5"
                         BASELINE=""
                         HPOS="340"
                         VPOS="392"
                         WIDTH="1364"
                         HEIGHT="61">
                  <Shape>
                     <Polygon POINTS="340,392 1704,392 1704,453 340,453"/>
                  </Shape>
                  <String CONTENT="rusalem a paulo autem protinus respondetur ego non solum"
                          HPOS="340"
                          VPOS="392"
                          WIDTH="1364"
                          HEIGHT="61"/>
               </TextLine>
               <TextLine ID="zone-line_IRHT_P_003040_1-6"
                         BASELINE=""
                         HPOS="337"
                         VPOS="467"
                         WIDTH="1378"
                         HEIGHT="60">
                  <Shape>
                     <Polygon POINTS="337,467 1715,467 1715,527 337,527"/>
                  </Shape>
                  <String CONTENT="alligari sed etiam mori in ierusalem paratus sum pro nomine iesu ne"
                          HPOS="337"
                          VPOS="467"
                          WIDTH="1378"
                          HEIGHT="60"/>
               </TextLine>
               <TextLine ID="zone-line_IRHT_P_003040_1-7"
                         BASELINE=""
                         HPOS="339"
                         VPOS="541"
                         WIDTH="1375"
                         HEIGHT="55">
                  <Shape>
                     <Polygon POINTS="339,541 1714,541 1714,596 339,596"/>
                  </Shape>
                  <String CONTENT="que enim preciosiorem fatio animam meam quam me perceptione"
                          HPOS="339"
                          VPOS="541"
                          WIDTH="1375"
                          HEIGHT="55"/>
               </TextLine>
               <TextLine ID="zone-line_IRHT_P_003040_1-8"
                         BASELINE=""
                         HPOS="340"
                         VPOS="609"
                         WIDTH="1360"
                         HEIGHT="66">
                  <Shape>
                     <Polygon POINTS="340,609 1700,609 1700,675 340,675"/>
                  </Shape>
                  <String CONTENT="igitur reuelationis iherosolimam pergens aduersa cognoscit et tamen"
                          HPOS="340"
                          VPOS="609"
                          WIDTH="1360"
                          HEIGHT="66"/>
               </TextLine>
               <TextLine ID="zone-line_IRHT_P_003040_1-9"
                         BASELINE=""
                         HPOS="345"
                         VPOS="681"
                         WIDTH="1339"
                         HEIGHT="65">
                  <Shape>
                     <Polygon POINTS="345,681 1684,681 1684,746 345,746"/>
                  </Shape>
                  <String CONTENT="hec libenter appetit audit que timeat sed ad hec arden"
                          HPOS="345"
                          VPOS="681"
                          WIDTH="1339"
                          HEIGHT="65"/>
               </TextLine>
               <TextLine ID="zone-line_IRHT_P_003040_1-10"
                         BASELINE=""
                         HPOS="342"
                         VPOS="754"
                         WIDTH="1369"
                         HEIGHT="66">
                  <Shape>
                     <Polygon POINTS="342,754 1711,754 1711,820 342,820"/>
                  </Shape>
                  <String CONTENT="tior anhelat moyses itaque ad prospera de suo nil habet quia preci"
                          HPOS="342"
                          VPOS="754"
                          WIDTH="1369"
                          HEIGHT="66"/>
               </TextLine>
               <TextLine ID="zone-line_IRHT_P_003040_1-11"
                         BASELINE=""
                         HPOS="334"
                         VPOS="829"
                         WIDTH="1361"
                         HEIGHT="58">
                  <Shape>
                     <Polygon POINTS="334,829 1695,829 1695,887 334,887"/>
                  </Shape>
                  <String CONTENT="bus renititur ne israhelitice plebi preferatur paulus ad aduersa eti"
                          HPOS="334"
                          VPOS="829"
                          WIDTH="1361"
                          HEIGHT="58"/>
               </TextLine>
               <TextLine ID="zone-line_IRHT_P_003040_1-12"
                         BASELINE=""
                         HPOS="338"
                         VPOS="895"
                         WIDTH="1350"
                         HEIGHT="65">
                  <Shape>
                     <Polygon POINTS="338,895 1688,895 1688,960 338,960"/>
                  </Shape>
                  <String CONTENT="am ex suo uoto ducitur quia malorum imminentium cognitionem"
                          HPOS="338"
                          VPOS="895"
                          WIDTH="1350"
                          HEIGHT="65"/>
               </TextLine>
               <TextLine ID="zone-line_IRHT_P_003040_1-13"
                         BASELINE=""
                         HPOS="344"
                         VPOS="971"
                         WIDTH="1346"
                         HEIGHT="61">
                  <Shape>
                     <Polygon POINTS="344,971 1690,971 1690,1032 344,1032"/>
                  </Shape>
                  <String CONTENT="percipit sed deuotione spiritus etiam ad acriora feruescit ille presentis"
                          HPOS="344"
                          VPOS="971"
                          WIDTH="1346"
                          HEIGHT="61"/>
               </TextLine>
               <TextLine ID="zone-line_IRHT_P_003040_1-14"
                         BASELINE=""
                         HPOS="342"
                         VPOS="1037"
                         WIDTH="1341"
                         HEIGHT="64">
                  <Shape>
                     <Polygon POINTS="342,1037 1683,1037 1683,1101 342,1101"/>
                  </Shape>
                  <String CONTENT="potestatis gloriam deo uoluit iubente declinare iste deo aspera et"
                          HPOS="342"
                          VPOS="1037"
                          WIDTH="1341"
                          HEIGHT="64"/>
               </TextLine>
               <TextLine ID="zone-line_IRHT_P_003040_1-15"
                         BASELINE=""
                         HPOS="343"
                         VPOS="1104"
                         WIDTH="1354"
                         HEIGHT="64">
                  <Shape>
                     <Polygon POINTS="343,1104 1697,1104 1697,1168 343,1168"/>
                  </Shape>
                  <String CONTENT="dura disponente se studuit ad grauiora preparare preeun"
                          HPOS="343"
                          VPOS="1104"
                          WIDTH="1354"
                          HEIGHT="64"/>
               </TextLine>
               <TextLine ID="zone-line_IRHT_P_003040_1-16"
                         BASELINE=""
                         HPOS="350"
                         VPOS="1180"
                         WIDTH="1341"
                         HEIGHT="61">
                  <Shape>
                     <Polygon POINTS="350,1180 1691,1180 1691,1241 350,1241"/>
                  </Shape>
                  <String CONTENT="te ergo utrorumque ducum infracta uirtute instituimur ut si"
                          HPOS="350"
                          VPOS="1180"
                          WIDTH="1341"
                          HEIGHT="61"/>
               </TextLine>
               <TextLine ID="zone-line_IRHT_P_003040_1-17"
                         BASELINE=""
                         HPOS="319"
                         VPOS="1239"
                         WIDTH="1362"
                         HEIGHT="67">
                  <Shape>
                     <Polygon POINTS="319,1239 1681,1239 1681,1306 319,1306"/>
                  </Shape>
                  <String CONTENT="obedientie palmam apprehendere ueraciter nitimur prosperis huius seculi"
                          HPOS="319"
                          VPOS="1239"
                          WIDTH="1362"
                          HEIGHT="67"/>
               </TextLine>
            </TextBlock>
         </PrintSpace>
      </Page>
   </Layout>
</alto>
