<?xml version="1.0" encoding="UTF-8"?>
<alto xmlns="http://www.loc.gov/standards/alto/ns-v4#"
      xmlns:xsi="http://www.w3.org/2001/XMLSchema-instance"
      xmlns:tei="http://www.tei-c.org/ns/1.0"
      xsi:schemaLocation="http://www.loc.gov/standards/alto/ns-v4# ../schema/alto.xsd">
   <Description>
      <MeasurementUnit>pixel</MeasurementUnit>
      <sourceImageInformation>
         <fileName>IRHT_P_003817.tif</fileName>
      </sourceImageInformation>
   </Description>
   <Layout>
      <Page ID="zone-page_IRHT_P_003817"
            PHYSICAL_IMG_NR="0"
            WIDTH="1333"
            HEIGHT="1825">
         <PrintSpace HPOS="0" VPOS="0" WIDTH="1333" HEIGHT="1825">
            <TextBlock HPOS="291"
                       VPOS="125"
                       WIDTH="923"
                       HEIGHT="1542"
                       ID="zone-col_IRHT_P_003817_1">
               <Shape>
                  <Polygon POINTS="291,125 1214,125 1214,1667 291,1667"/>
               </Shape>
               <TextLine ID="zone-line_IRHT_P_003817_1-1"
                         BASELINE=""
                         HPOS="353"
                         VPOS="125"
                         WIDTH="579"
                         HEIGHT="39">
                  <Shape>
                     <Polygon POINTS="353,125 932,125 932,164 353,164"/>
                  </Shape>
                  <String CONTENT="nec letheos seua per amnes"
                          HPOS="353"
                          VPOS="125"
                          WIDTH="579"
                          HEIGHT="39"/>
               </TextLine>
               <TextLine ID="zone-line_IRHT_P_003817_1-2"
                         BASELINE=""
                         HPOS="360"
                         VPOS="174"
                         WIDTH="622"
                         HEIGHT="40">
                  <Shape>
                     <Polygon POINTS="360,174 982,174 982,214 360,214"/>
                  </Shape>
                  <String CONTENT="uos fata trahent sed cum summas"
                          HPOS="360"
                          VPOS="174"
                          WIDTH="622"
                          HEIGHT="40"/>
               </TextLine>
               <TextLine ID="zone-line_IRHT_P_003817_1-3"
                         BASELINE=""
                         HPOS="360"
                         VPOS="221"
                         WIDTH="598"
                         HEIGHT="38">
                  <Shape>
                     <Polygon POINTS="360,221 958,221 958,259 360,259"/>
                  </Shape>
                  <String CONTENT="exiget horas consumpta dies"
                          HPOS="360"
                          VPOS="221"
                          WIDTH="598"
                          HEIGHT="38"/>
               </TextLine>
               <TextLine ID="zone-line_IRHT_P_003817_1-4"
                         BASELINE=""
                         HPOS="357"
                         VPOS="268"
                         WIDTH="587"
                         HEIGHT="37">
                  <Shape>
                     <Polygon POINTS="357,268 944,268 944,305 357,305"/>
                  </Shape>
                  <String CONTENT="iter ad superos gloria pandet"
                          HPOS="357"
                          VPOS="268"
                          WIDTH="587"
                          HEIGHT="37"/>
               </TextLine>
               <TextLine ID="zone-line_IRHT_P_003817_1-5"
                         BASELINE=""
                         HPOS="315"
                         VPOS="316"
                         WIDTH="636"
                         HEIGHT="37">
                  <Shape>
                     <Polygon POINTS="315,316 951,316 951,353 315,353"/>
                  </Shape>
                  <String CONTENT="sed tu domitor magne ferarum"
                          HPOS="315"
                          VPOS="316"
                          WIDTH="636"
                          HEIGHT="37"/>
               </TextLine>
               <TextLine ID="zone-line_IRHT_P_003817_1-6"
                         BASELINE=""
                         HPOS="349"
                         VPOS="361"
                         WIDTH="558"
                         HEIGHT="33">
                  <Shape>
                     <Polygon POINTS="349,361 907,361 907,394 349,394"/>
                  </Shape>
                  <String CONTENT="orbisque simul pacator ades"
                          HPOS="349"
                          VPOS="361"
                          WIDTH="558"
                          HEIGHT="33"/>
               </TextLine>
               <TextLine ID="zone-line_IRHT_P_003817_1-7"
                         BASELINE=""
                         HPOS="337"
                         VPOS="410"
                         WIDTH="632"
                         HEIGHT="32">
                  <Shape>
                     <Polygon POINTS="337,410 969,410 969,442 337,442"/>
                  </Shape>
                  <String CONTENT="nunc quoque nostras respice terras"
                          HPOS="337"
                          VPOS="410"
                          WIDTH="632"
                          HEIGHT="32"/>
               </TextLine>
               <TextLine ID="zone-line_IRHT_P_003817_1-8"
                         BASELINE=""
                         HPOS="337"
                         VPOS="452"
                         WIDTH="586"
                         HEIGHT="36">
                  <Shape>
                     <Polygon POINTS="337,452 923,452 923,488 337,488"/>
                  </Shape>
                  <String CONTENT="et si qua noua belua uultu"
                          HPOS="337"
                          VPOS="452"
                          WIDTH="586"
                          HEIGHT="36"/>
               </TextLine>
               <TextLine ID="zone-line_IRHT_P_003817_1-9"
                         BASELINE=""
                         HPOS="349"
                         VPOS="497"
                         WIDTH="558"
                         HEIGHT="36">
                  <Shape>
                     <Polygon POINTS="349,497 907,497 907,533 349,533"/>
                  </Shape>
                  <String CONTENT="quatiet populos terrore graui"
                          HPOS="349"
                          VPOS="497"
                          WIDTH="558"
                          HEIGHT="36"/>
               </TextLine>
               <TextLine ID="zone-line_IRHT_P_003817_1-10"
                         BASELINE=""
                         HPOS="333"
                         VPOS="543"
                         WIDTH="653"
                         HEIGHT="37">
                  <Shape>
                     <Polygon POINTS="333,543 986,543 986,580 333,580"/>
                  </Shape>
                  <String CONTENT="tu fulminibus frange trisulcis"
                          HPOS="333"
                          VPOS="543"
                          WIDTH="653"
                          HEIGHT="37"/>
               </TextLine>
               <TextLine ID="zone-line_IRHT_P_003817_1-11"
                         BASELINE=""
                         HPOS="353"
                         VPOS="589"
                         WIDTH="518"
                         HEIGHT="33">
                  <Shape>
                     <Polygon POINTS="353,589 871,589 871,622 353,622"/>
                  </Shape>
                  <String CONTENT="fortius ipso genitore tuo"
                          HPOS="353"
                          VPOS="589"
                          WIDTH="518"
                          HEIGHT="33"/>
               </TextLine>
               <TextLine ID="zone-line_IRHT_P_003817_1-12"
                         BASELINE=""
                         HPOS="324"
                         VPOS="638"
                         WIDTH="553"
                         HEIGHT="41">
                  <Shape>
                     <Polygon POINTS="324,638 877,638 877,679 324,679"/>
                  </Shape>
                  <String CONTENT="fulmina mittes"
                          HPOS="324"
                          VPOS="638"
                          WIDTH="553"
                          HEIGHT="41"/>
               </TextLine>
               <TextLine ID="zone-line_IRHT_P_003817_1-13"
                         BASELINE=""
                         HPOS="298"
                         VPOS="894"
                         WIDTH="776"
                         HEIGHT="43">
                  <Shape>
                     <Polygon POINTS="298,894 1074,894 1074,937 298,937"/>
                  </Shape>
                  <String CONTENT="expliciunt tragedie senece deo"
                          HPOS="298"
                          VPOS="894"
                          WIDTH="776"
                          HEIGHT="43"/>
               </TextLine>
               <TextLine ID="zone-line_IRHT_P_003817_1-14"
                         BASELINE=""
                         HPOS="395"
                         VPOS="946"
                         WIDTH="735"
                         HEIGHT="38">
                  <Shape>
                     <Polygon POINTS="395,946 1130,946 1130,984 395,984"/>
                  </Shape>
                  <String CONTENT="gracias amen scripte ac con"
                          HPOS="395"
                          VPOS="946"
                          WIDTH="735"
                          HEIGHT="38"/>
               </TextLine>
               <TextLine ID="zone-line_IRHT_P_003817_1-15"
                         BASELINE=""
                         HPOS="397"
                         VPOS="995"
                         WIDTH="716"
                         HEIGHT="34">
                  <Shape>
                     <Polygon POINTS="397,995 1113,995 1113,1029 397,1029"/>
                  </Shape>
                  <String CONTENT="plete per manus iohannis ten"
                          HPOS="397"
                          VPOS="995"
                          WIDTH="716"
                          HEIGHT="34"/>
               </TextLine>
               <TextLine ID="zone-line_IRHT_P_003817_1-16"
                         BASELINE=""
                         HPOS="398"
                         VPOS="1041"
                         WIDTH="702"
                         HEIGHT="35">
                  <Shape>
                     <Polygon POINTS="398,1041 1100,1041 1100,1076 398,1076"/>
                  </Shape>
                  <String CONTENT="norde de doetinchem clerici"
                          HPOS="398"
                          VPOS="1041"
                          WIDTH="702"
                          HEIGHT="35"/>
               </TextLine>
               <TextLine ID="zone-line_IRHT_P_003817_1-17"
                         BASELINE=""
                         HPOS="391"
                         VPOS="1089"
                         WIDTH="755"
                         HEIGHT="44">
                  <Shape>
                     <Polygon POINTS="391,1089 1146,1089 1146,1133 391,1133"/>
                  </Shape>
                  <String CONTENT="traiectensis dyocesis sub anno domini"
                          HPOS="391"
                          VPOS="1089"
                          WIDTH="755"
                          HEIGHT="44"/>
               </TextLine>
               <TextLine ID="zone-line_IRHT_P_003817_1-18"
                         BASELINE=""
                         HPOS="389"
                         VPOS="1138"
                         WIDTH="725"
                         HEIGHT="42">
                  <Shape>
                     <Polygon POINTS="389,1138 1114,1138 1114,1180 389,1180"/>
                  </Shape>
                  <String CONTENT="m cccc viiii die decimanona"
                          HPOS="389"
                          VPOS="1138"
                          WIDTH="725"
                          HEIGHT="42"/>
               </TextLine>
               <TextLine ID="zone-line_IRHT_P_003817_1-19"
                         BASELINE=""
                         HPOS="396"
                         VPOS="1187"
                         WIDTH="503"
                         HEIGHT="40">
                  <Shape>
                     <Polygon POINTS="396,1187 899,1187 899,1227 396,1227"/>
                  </Shape>
                  <String CONTENT="mensis ianuarii"
                          HPOS="396"
                          VPOS="1187"
                          WIDTH="503"
                          HEIGHT="40"/>
               </TextLine>
               <TextLine ID="zone-line_IRHT_P_003817_1-20"
                         BASELINE=""
                         HPOS="435"
                         VPOS="1323"
                         WIDTH="554"
                         HEIGHT="47">
                  <Shape>
                     <Polygon POINTS="435,1323 989,1323 989,1370 435,1370"/>
                  </Shape>
                  <String CONTENT="epitaphium senece"
                          HPOS="435"
                          VPOS="1323"
                          WIDTH="554"
                          HEIGHT="47"/>
               </TextLine>
               <TextLine ID="zone-line_IRHT_P_003817_1-21"
                         BASELINE=""
                         HPOS="291"
                         VPOS="1397"
                         WIDTH="923"
                         HEIGHT="52">
                  <Shape>
                     <Polygon POINTS="291,1397 1214,1397 1214,1449 291,1449"/>
                  </Shape>
                  <String CONTENT="cura labor meritum sumpti pro munere honores"
                          HPOS="291"
                          VPOS="1397"
                          WIDTH="923"
                          HEIGHT="52"/>
               </TextLine>
               <TextLine ID="zone-line_IRHT_P_003817_1-22"
                         BASELINE=""
                         HPOS="302"
                         VPOS="1443"
                         WIDTH="782"
                         HEIGHT="44">
                  <Shape>
                     <Polygon POINTS="302,1443 1084,1443 1084,1487 302,1487"/>
                  </Shape>
                  <String CONTENT="ite alias post hanc solicitate animas"
                          HPOS="302"
                          VPOS="1443"
                          WIDTH="782"
                          HEIGHT="44"/>
               </TextLine>
               <TextLine ID="zone-line_IRHT_P_003817_1-23"
                         BASELINE=""
                         HPOS="298"
                         VPOS="1482"
                         WIDTH="806"
                         HEIGHT="43">
                  <Shape>
                     <Polygon POINTS="298,1482 1104,1482 1104,1525 298,1525"/>
                  </Shape>
                  <String CONTENT="me procul a uobis deus euocat ilicet actis"
                          HPOS="298"
                          VPOS="1482"
                          WIDTH="806"
                          HEIGHT="43"/>
               </TextLine>
               <TextLine ID="zone-line_IRHT_P_003817_1-24"
                         BASELINE=""
                         HPOS="309"
                         VPOS="1530"
                         WIDTH="735"
                         HEIGHT="35">
                  <Shape>
                     <Polygon POINTS="309,1530 1044,1530 1044,1565 309,1565"/>
                  </Shape>
                  <String CONTENT="rebus terrenis hospita terra uale"
                          HPOS="309"
                          VPOS="1530"
                          WIDTH="735"
                          HEIGHT="35"/>
               </TextLine>
               <TextLine ID="zone-line_IRHT_P_003817_1-25"
                         BASELINE=""
                         HPOS="316"
                         VPOS="1576"
                         WIDTH="805"
                         HEIGHT="40">
                  <Shape>
                     <Polygon POINTS="316,1576 1121,1576 1121,1616 316,1616"/>
                  </Shape>
                  <String CONTENT="corpus auara tamen solempnibus accipe saxis"
                          HPOS="316"
                          VPOS="1576"
                          WIDTH="805"
                          HEIGHT="40"/>
               </TextLine>
               <TextLine ID="zone-line_IRHT_P_003817_1-26"
                         BASELINE=""
                         HPOS="313"
                         VPOS="1627"
                         WIDTH="768"
                         HEIGHT="40">
                  <Shape>
                     <Polygon POINTS="313,1627 1081,1627 1081,1667 313,1667"/>
                  </Shape>
                  <String CONTENT="namque animam celo reddimus ossa tibi"
                          HPOS="313"
                          VPOS="1627"
                          WIDTH="768"
                          HEIGHT="40"/>
               </TextLine>
            </TextBlock>
         </PrintSpace>
      </Page>
   </Layout>
</alto>
