<?xml version="1.0" encoding="UTF-8"?>
<alto xmlns="http://www.loc.gov/standards/alto/ns-v4#"
      xmlns:xsi="http://www.w3.org/2001/XMLSchema-instance"
      xmlns:tei="http://www.tei-c.org/ns/1.0"
      xsi:schemaLocation="http://www.loc.gov/standards/alto/ns-v4# ../schema/alto.xsd">
   <Description>
      <MeasurementUnit>pixel</MeasurementUnit>
      <sourceImageInformation>
         <fileName>IRHT_P_005470.tif</fileName>
      </sourceImageInformation>
   </Description>
   <Layout>
      <Page ID="zone-page_IRHT_P_005470"
            PHYSICAL_IMG_NR="0"
            WIDTH="1847"
            HEIGHT="1348">
         <PrintSpace HPOS="0" VPOS="0" WIDTH="1847" HEIGHT="1348">
            <TextBlock HPOS="77"
                       VPOS="39"
                       WIDTH="1419"
                       HEIGHT="1270"
                       ID="zone-col_IRHT_P_005470_1">
               <Shape>
                  <Polygon POINTS="77,39 1496,39 1496,1309 77,1309"/>
               </Shape>
               <TextLine ID="zone-line_IRHT_P_005470_1-1"
                         BASELINE=""
                         HPOS="197"
                         VPOS="147"
                         WIDTH="1189"
                         HEIGHT="98">
                  <Shape>
                     <Polygon POINTS="197,147 1386,147 1386,245 197,245"/>
                  </Shape>
                  <String CONTENT="papa vrbis rome editvs"
                          HPOS="197"
                          VPOS="147"
                          WIDTH="1189"
                          HEIGHT="98"/>
               </TextLine>
               <TextLine ID="zone-line_IRHT_P_005470_1-2"
                         BASELINE=""
                         HPOS="90"
                         VPOS="273"
                         WIDTH="1369"
                         HEIGHT="89">
                  <Shape>
                     <Polygon POINTS="90,273 1459,273 1459,362 90,362"/>
                  </Shape>
                  <String CONTENT="scriptoris libri lector memor esto sicardi"
                          HPOS="90"
                          VPOS="273"
                          WIDTH="1369"
                          HEIGHT="89"/>
               </TextLine>
               <TextLine ID="zone-line_IRHT_P_005470_1-3"
                         BASELINE=""
                         HPOS="86"
                         VPOS="388"
                         WIDTH="1372"
                         HEIGHT="93">
                  <Shape>
                     <Polygon POINTS="86,388 1458,388 1458,481 86,481"/>
                  </Shape>
                  <String CONTENT="ordo qualiter in catholica ecclesia missa celebretur"
                          HPOS="86"
                          VPOS="388"
                          WIDTH="1372"
                          HEIGHT="93"/>
               </TextLine>
               <TextLine ID="zone-line_IRHT_P_005470_1-4"
                         BASELINE=""
                         HPOS="177"
                         VPOS="510"
                         WIDTH="1293"
                         HEIGHT="91">
                  <Shape>
                     <Polygon POINTS="177,510 1470,510 1470,601 177,601"/>
                  </Shape>
                  <String CONTENT="in primis antiphona ad introitum deinde kirieleison iii"
                          HPOS="177"
                          VPOS="510"
                          WIDTH="1293"
                          HEIGHT="91"/>
               </TextLine>
               <TextLine ID="zone-line_IRHT_P_005470_1-5"
                         BASELINE=""
                         HPOS="187"
                         VPOS="628"
                         WIDTH="1309"
                         HEIGHT="88">
                  <Shape>
                     <Polygon POINTS="187,628 1496,628 1496,716 187,716"/>
                  </Shape>
                  <String CONTENT="christeleison iii kirieleison iii postea gloria in excelsis deo diebus"
                          HPOS="187"
                          VPOS="628"
                          WIDTH="1309"
                          HEIGHT="88"/>
               </TextLine>
               <TextLine ID="zone-line_IRHT_P_005470_1-6"
                         BASELINE=""
                         HPOS="190"
                         VPOS="746"
                         WIDTH="1266"
                         HEIGHT="83">
                  <Shape>
                     <Polygon POINTS="190,746 1456,746 1456,829 190,829"/>
                  </Shape>
                  <String CONTENT="festis tantummodo inde oratio sequitur epistula deinde"
                          HPOS="190"
                          VPOS="746"
                          WIDTH="1266"
                          HEIGHT="83"/>
               </TextLine>
               <TextLine ID="zone-line_IRHT_P_005470_1-7"
                         BASELINE=""
                         HPOS="184"
                         VPOS="855"
                         WIDTH="1280"
                         HEIGHT="89">
                  <Shape>
                     <Polygon POINTS="184,855 1464,855 1464,944 184,944"/>
                  </Shape>
                  <String CONTENT="gradalis siue alleluia postea euangelium inde offertorium"
                          HPOS="184"
                          VPOS="855"
                          WIDTH="1280"
                          HEIGHT="89"/>
               </TextLine>
               <TextLine ID="zone-line_IRHT_P_005470_1-8"
                         BASELINE=""
                         HPOS="190"
                         VPOS="976"
                         WIDTH="1246"
                         HEIGHT="94">
                  <Shape>
                     <Polygon POINTS="190,976 1436,976 1436,1070 190,1070"/>
                  </Shape>
                  <String CONTENT="postomodum sequitur oratio super oblata qua sub si"
                          HPOS="190"
                          VPOS="976"
                          WIDTH="1246"
                          HEIGHT="94"/>
               </TextLine>
               <TextLine ID="zone-line_IRHT_P_005470_1-9"
                         BASELINE=""
                         HPOS="202"
                         VPOS="1089"
                         WIDTH="1236"
                         HEIGHT="93">
                  <Shape>
                     <Polygon POINTS="202,1089 1438,1089 1438,1182 202,1182"/>
                  </Shape>
                  <String CONTENT="lentio completa sacerdos expansis manibus"
                          HPOS="202"
                          VPOS="1089"
                          WIDTH="1236"
                          HEIGHT="93"/>
               </TextLine>
               <TextLine ID="zone-line_IRHT_P_005470_1-10"
                         BASELINE=""
                         HPOS="192"
                         VPOS="1211"
                         WIDTH="1030"
                         HEIGHT="98">
                  <Shape>
                     <Polygon POINTS="192,1211 1222,1211 1222,1309 192,1309"/>
                  </Shape>
                  <String CONTENT="excelsa uoce reuerenter dicat"
                          HPOS="192"
                          VPOS="1211"
                          WIDTH="1030"
                          HEIGHT="98"/>
               </TextLine>
            </TextBlock>
         </PrintSpace>
      </Page>
   </Layout>
</alto>
