<?xml version="1.0" encoding="UTF-8"?>
<alto xmlns="http://www.loc.gov/standards/alto/ns-v4#"
      xmlns:xsi="http://www.w3.org/2001/XMLSchema-instance"
      xmlns:tei="http://www.tei-c.org/ns/1.0"
      xsi:schemaLocation="http://www.loc.gov/standards/alto/ns-v4# ../schema/alto.xsd">
   <Description>
      <MeasurementUnit>pixel</MeasurementUnit>
      <sourceImageInformation>
         <fileName>IRHT_P_003602.tif</fileName>
      </sourceImageInformation>
   </Description>
   <Layout>
      <Page ID="zone-page_IRHT_P_003602"
            PHYSICAL_IMG_NR="0"
            WIDTH="1344"
            HEIGHT="1824">
         <PrintSpace HPOS="0" VPOS="0" WIDTH="1344" HEIGHT="1824">
            <TextBlock HPOS="369"
                       VPOS="78"
                       WIDTH="891"
                       HEIGHT="1729"
                       ID="zone-col_IRHT_P_003602_1">
               <Shape>
                  <Polygon POINTS="369,78 1260,78 1260,1807 369,1807"/>
               </Shape>
               <TextLine ID="zone-line_IRHT_P_003602_1-1"
                         BASELINE=""
                         HPOS="830"
                         VPOS="208"
                         WIDTH="414"
                         HEIGHT="49">
                  <Shape>
                     <Polygon POINTS="830,208 1244,208 1244,257 830,257"/>
                  </Shape>
                  <String CONTENT="nunc itaque quoniam"
                          HPOS="830"
                          VPOS="208"
                          WIDTH="414"
                          HEIGHT="49"/>
               </TextLine>
               <TextLine ID="zone-line_IRHT_P_003602_1-2"
                         BASELINE=""
                         HPOS="835"
                         VPOS="273"
                         WIDTH="413"
                         HEIGHT="48">
                  <Shape>
                     <Polygon POINTS="835,273 1248,273 1248,321 835,321"/>
                  </Shape>
                  <String CONTENT="principales errores non"
                          HPOS="835"
                          VPOS="273"
                          WIDTH="413"
                          HEIGHT="48"/>
               </TextLine>
               <TextLine ID="zone-line_IRHT_P_003602_1-3"
                         BASELINE=""
                         HPOS="835"
                         VPOS="334"
                         WIDTH="425"
                         HEIGHT="45">
                  <Shape>
                     <Polygon POINTS="835,334 1260,334 1260,379 835,379"/>
                  </Shape>
                  <String CONTENT="habentium legem in pre"
                          HPOS="835"
                          VPOS="334"
                          WIDTH="425"
                          HEIGHT="45"/>
               </TextLine>
               <TextLine ID="zone-line_IRHT_P_003602_1-4"
                         BASELINE=""
                         HPOS="823"
                         VPOS="396"
                         WIDTH="425"
                         HEIGHT="44">
                  <Shape>
                     <Polygon POINTS="823,396 1248,396 1248,440 823,440"/>
                  </Shape>
                  <String CONTENT="missa huius opusculi par"
                          HPOS="823"
                          VPOS="396"
                          WIDTH="425"
                          HEIGHT="44"/>
               </TextLine>
               <TextLine ID="zone-line_IRHT_P_003602_1-5"
                         BASELINE=""
                         HPOS="819"
                         VPOS="455"
                         WIDTH="434"
                         HEIGHT="43">
                  <Shape>
                     <Polygon POINTS="819,455 1253,455 1253,498 819,498"/>
                  </Shape>
                  <String CONTENT="te satis uidentur euersi"
                          HPOS="819"
                          VPOS="455"
                          WIDTH="434"
                          HEIGHT="43"/>
               </TextLine>
               <TextLine ID="zone-line_IRHT_P_003602_1-6"
                         BASELINE=""
                         HPOS="807"
                         VPOS="516"
                         WIDTH="432"
                         HEIGHT="46">
                  <Shape>
                     <Polygon POINTS="807,516 1239,516 1239,562 807,562"/>
                  </Shape>
                  <String CONTENT="ad iugulandum errores"
                          HPOS="807"
                          VPOS="516"
                          WIDTH="432"
                          HEIGHT="46"/>
               </TextLine>
               <TextLine ID="zone-line_IRHT_P_003602_1-7"
                         BASELINE=""
                         HPOS="807"
                         VPOS="582"
                         WIDTH="429"
                         HEIGHT="40">
                  <Shape>
                     <Polygon POINTS="807,582 1236,582 1236,622 807,622"/>
                  </Shape>
                  <String CONTENT="legem habentium erit"
                          HPOS="807"
                          VPOS="582"
                          WIDTH="429"
                          HEIGHT="40"/>
               </TextLine>
               <TextLine ID="zone-line_IRHT_P_003602_1-8"
                         BASELINE=""
                         HPOS="421"
                         VPOS="642"
                         WIDTH="811"
                         HEIGHT="43">
                  <Shape>
                     <Polygon POINTS="421,642 1232,642 1232,685 421,685"/>
                  </Shape>
                  <String CONTENT="ulterius insistendum porro quia iudei inter legem"
                          HPOS="421"
                          VPOS="642"
                          WIDTH="811"
                          HEIGHT="43"/>
               </TextLine>
               <TextLine ID="zone-line_IRHT_P_003602_1-9"
                         BASELINE=""
                         HPOS="421"
                         VPOS="703"
                         WIDTH="823"
                         HEIGHT="42">
                  <Shape>
                     <Polygon POINTS="421,703 1244,703 1244,745 421,745"/>
                  </Shape>
                  <String CONTENT="habentes primum sibi arrogant locum primi in hac"
                          HPOS="421"
                          VPOS="703"
                          WIDTH="823"
                          HEIGHT="42"/>
               </TextLine>
               <TextLine ID="zone-line_IRHT_P_003602_1-10"
                         BASELINE=""
                         HPOS="417"
                         VPOS="760"
                         WIDTH="818"
                         HEIGHT="50">
                  <Shape>
                     <Polygon POINTS="417,760 1235,760 1235,810 417,810"/>
                  </Shape>
                  <String CONTENT="secunda parte aggrediendi sunt sciendum"
                          HPOS="417"
                          VPOS="760"
                          WIDTH="818"
                          HEIGHT="50"/>
               </TextLine>
               <TextLine ID="zone-line_IRHT_P_003602_1-11"
                         BASELINE=""
                         HPOS="412"
                         VPOS="822"
                         WIDTH="834"
                         HEIGHT="49">
                  <Shape>
                     <Polygon POINTS="412,822 1246,822 1246,871 412,871"/>
                  </Shape>
                  <String CONTENT="igitur quod iudeis scissura decem tribuum hoc nomen"
                          HPOS="412"
                          VPOS="822"
                          WIDTH="834"
                          HEIGHT="49"/>
               </TextLine>
               <TextLine ID="zone-line_IRHT_P_003602_1-12"
                         BASELINE=""
                         HPOS="413"
                         VPOS="883"
                         WIDTH="814"
                         HEIGHT="49">
                  <Shape>
                     <Polygon POINTS="413,883 1227,883 1227,932 413,932"/>
                  </Shape>
                  <String CONTENT="inposuit antea quippe hebrei ue ysrael di"
                          HPOS="413"
                          VPOS="883"
                          WIDTH="814"
                          HEIGHT="49"/>
               </TextLine>
               <TextLine ID="zone-line_IRHT_P_003602_1-13"
                         BASELINE=""
                         HPOS="396"
                         VPOS="942"
                         WIDTH="848"
                         HEIGHT="53">
                  <Shape>
                     <Polygon POINTS="396,942 1244,942 1244,995 396,995"/>
                  </Shape>
                  <String CONTENT="cebantur ex quo autem in duo regna populus"
                          HPOS="396"
                          VPOS="942"
                          WIDTH="848"
                          HEIGHT="53"/>
               </TextLine>
               <TextLine ID="zone-line_IRHT_P_003602_1-14"
                         BASELINE=""
                         HPOS="417"
                         VPOS="999"
                         WIDTH="813"
                         HEIGHT="55">
                  <Shape>
                     <Polygon POINTS="417,999 1230,999 1230,1054 417,1054"/>
                  </Shape>
                  <String CONTENT="ille diuisus est quicunque ex eis reges habu"
                          HPOS="417"
                          VPOS="999"
                          WIDTH="813"
                          HEIGHT="55"/>
               </TextLine>
               <TextLine ID="zone-line_IRHT_P_003602_1-15"
                         BASELINE=""
                         HPOS="411"
                         VPOS="1061"
                         WIDTH="807"
                         HEIGHT="51">
                  <Shape>
                     <Polygon POINTS="411,1061 1218,1061 1218,1112 411,1112"/>
                  </Shape>
                  <String CONTENT="erunt de stirpe iude seu de tribu iuda iudei d"
                          HPOS="411"
                          VPOS="1061"
                          WIDTH="807"
                          HEIGHT="51"/>
               </TextLine>
               <TextLine ID="zone-line_IRHT_P_003602_1-16"
                         BASELINE=""
                         HPOS="404"
                         VPOS="1119"
                         WIDTH="823"
                         HEIGHT="57">
                  <Shape>
                     <Polygon POINTS="404,1119 1227,1119 1227,1176 404,1176"/>
                  </Shape>
                  <String CONTENT="dicti sunt decem uero tribus et quicunque in sama"
                          HPOS="404"
                          VPOS="1119"
                          WIDTH="823"
                          HEIGHT="57"/>
               </TextLine>
               <TextLine ID="zone-line_IRHT_P_003602_1-17"
                         BASELINE=""
                         HPOS="400"
                         VPOS="1183"
                         WIDTH="812"
                         HEIGHT="55">
                  <Shape>
                     <Polygon POINTS="400,1183 1212,1183 1212,1238 400,1238"/>
                  </Shape>
                  <String CONTENT="ria iheroboam regem sibi constituerunt israel i"
                          HPOS="400"
                          VPOS="1183"
                          WIDTH="812"
                          HEIGHT="55"/>
               </TextLine>
               <TextLine ID="zone-line_IRHT_P_003602_1-18"
                         BASELINE=""
                         HPOS="403"
                         VPOS="1241"
                         WIDTH="822"
                         HEIGHT="58">
                  <Shape>
                     <Polygon POINTS="403,1241 1225,1241 1225,1299 403,1299"/>
                  </Shape>
                  <String CONTENT="sunt uocati quibus yeroboam duos uitulos au"
                          HPOS="403"
                          VPOS="1241"
                          WIDTH="822"
                          HEIGHT="58"/>
               </TextLine>
               <TextLine ID="zone-line_IRHT_P_003602_1-19"
                         BASELINE=""
                         HPOS="407"
                         VPOS="1302"
                         WIDTH="810"
                         HEIGHT="54">
                  <Shape>
                     <Polygon POINTS="407,1302 1217,1302 1217,1356 407,1356"/>
                  </Shape>
                  <String CONTENT="reos fatiens unum posuit in dan et alterum in be"
                          HPOS="407"
                          VPOS="1302"
                          WIDTH="810"
                          HEIGHT="54"/>
               </TextLine>
               <TextLine ID="zone-line_IRHT_P_003602_1-20"
                         BASELINE=""
                         HPOS="403"
                         VPOS="1358"
                         WIDTH="323"
                         HEIGHT="49">
                  <Shape>
                     <Polygon POINTS="403,1358 726,1358 726,1407 403,1407"/>
                  </Shape>
                  <String CONTENT="thel dixitque eis"
                          HPOS="403"
                          VPOS="1358"
                          WIDTH="323"
                          HEIGHT="49"/>
               </TextLine>
            </TextBlock>
         </PrintSpace>
      </Page>
   </Layout>
</alto>
