<?xml version="1.0" encoding="UTF-8"?>
<alto xmlns="http://www.loc.gov/standards/alto/ns-v4#"
      xmlns:xsi="http://www.w3.org/2001/XMLSchema-instance"
      xmlns:tei="http://www.tei-c.org/ns/1.0"
      xsi:schemaLocation="http://www.loc.gov/standards/alto/ns-v4# ../schema/alto.xsd">
   <Description>
      <MeasurementUnit>pixel</MeasurementUnit>
      <sourceImageInformation>
         <fileName>IRHT_P_007089.tif</fileName>
      </sourceImageInformation>
   </Description>
   <Layout>
      <Page ID="zone-page_IRHT_P_007089"
            PHYSICAL_IMG_NR="0"
            WIDTH="1727"
            HEIGHT="1215">
         <PrintSpace HPOS="0" VPOS="0" WIDTH="1727" HEIGHT="1215">
            <TextBlock HPOS="11"
                       VPOS="0"
                       WIDTH="945"
                       HEIGHT="1209"
                       ID="zone-col_IRHT_P_007089_1">
               <Shape>
                  <Polygon POINTS="11,0 956,0 956,1209 11,1209"/>
               </Shape>
               <TextLine ID="zone-line_IRHT_P_007089_1-1"
                         BASELINE=""
                         HPOS="276"
                         VPOS="91"
                         WIDTH="516"
                         HEIGHT="43">
                  <Shape>
                     <Polygon POINTS="276,91 792,91 792,134 276,134"/>
                  </Shape>
                  <String CONTENT="incipit tercius liber"
                          HPOS="276"
                          VPOS="91"
                          WIDTH="516"
                          HEIGHT="43"/>
               </TextLine>
               <TextLine ID="zone-line_IRHT_P_007089_1-2"
                         BASELINE=""
                         HPOS="285"
                         VPOS="150"
                         WIDTH="517"
                         HEIGHT="47">
                  <Shape>
                     <Polygon POINTS="285,150 802,150 802,197 285,197"/>
                  </Shape>
                  <String CONTENT="fictilis interea uasis conpage soluta"
                          HPOS="285"
                          VPOS="150"
                          WIDTH="517"
                          HEIGHT="47"/>
               </TextLine>
               <TextLine ID="zone-line_IRHT_P_007089_1-3"
                         BASELINE=""
                         HPOS="287"
                         VPOS="205"
                         WIDTH="535"
                         HEIGHT="43">
                  <Shape>
                     <Polygon POINTS="287,205 822,205 822,248 287,248"/>
                  </Shape>
                  <String CONTENT="carcere corporeo cognatis redditus astris"
                          HPOS="287"
                          VPOS="205"
                          WIDTH="535"
                          HEIGHT="43"/>
               </TextLine>
               <TextLine ID="zone-line_IRHT_P_007089_1-4"
                         BASELINE=""
                         HPOS="284"
                         VPOS="263"
                         WIDTH="562"
                         HEIGHT="42">
                  <Shape>
                     <Polygon POINTS="284,263 846,263 846,305 284,305"/>
                  </Shape>
                  <String CONTENT="ille olim qui propter opem contra itala regna"
                          HPOS="284"
                          VPOS="263"
                          WIDTH="562"
                          HEIGHT="42"/>
               </TextLine>
               <TextLine ID="zone-line_IRHT_P_007089_1-5"
                         BASELINE=""
                         HPOS="283"
                         VPOS="313"
                         WIDTH="534"
                         HEIGHT="47">
                  <Shape>
                     <Polygon POINTS="283,313 817,313 817,360 283,360"/>
                  </Shape>
                  <String CONTENT="petrum legarat adrianus papa peregit"
                          HPOS="283"
                          VPOS="313"
                          WIDTH="534"
                          HEIGHT="47"/>
               </TextLine>
               <TextLine ID="zone-line_IRHT_P_007089_1-6"
                         BASELINE=""
                         HPOS="126"
                         VPOS="357"
                         WIDTH="612"
                         HEIGHT="49">
                  <Shape>
                     <Polygon POINTS="126,357 738,357 738,406 126,406"/>
                  </Shape>
                  <String CONTENT="extremos in pace dies meritique probati"
                          HPOS="126"
                          VPOS="357"
                          WIDTH="612"
                          HEIGHT="49"/>
               </TextLine>
               <TextLine ID="zone-line_IRHT_P_007089_1-7"
                         BASELINE=""
                         HPOS="123"
                         VPOS="416"
                         WIDTH="576"
                         HEIGHT="47">
                  <Shape>
                     <Polygon POINTS="123,416 699,416 699,463 123,463"/>
                  </Shape>
                  <String CONTENT="clerus apostolica prefecit sede leonem"
                          HPOS="123"
                          VPOS="416"
                          WIDTH="576"
                          HEIGHT="47"/>
               </TextLine>
               <TextLine ID="zone-line_IRHT_P_007089_1-8"
                         BASELINE=""
                         HPOS="134"
                         VPOS="463"
                         WIDTH="600"
                         HEIGHT="51">
                  <Shape>
                     <Polygon POINTS="134,463 734,463 734,514 134,514"/>
                  </Shape>
                  <String CONTENT="cui si in sublimi constaret adorsio rerum"
                          HPOS="134"
                          VPOS="463"
                          WIDTH="600"
                          HEIGHT="51"/>
               </TextLine>
               <TextLine ID="zone-line_IRHT_P_007089_1-9"
                         BASELINE=""
                         HPOS="128"
                         VPOS="517"
                         WIDTH="608"
                         HEIGHT="47">
                  <Shape>
                     <Polygon POINTS="128,517 736,517 736,564 128,564"/>
                  </Shape>
                  <String CONTENT="ad sacrum fuerat facilis fortuna cacumen"
                          HPOS="128"
                          VPOS="517"
                          WIDTH="608"
                          HEIGHT="47"/>
               </TextLine>
               <TextLine ID="zone-line_IRHT_P_007089_1-10"
                         BASELINE=""
                         HPOS="121"
                         VPOS="569"
                         WIDTH="599"
                         HEIGHT="49">
                  <Shape>
                     <Polygon POINTS="121,569 720,569 720,618 121,618"/>
                  </Shape>
                  <String CONTENT="sed non blanda satis nec ad omnem prospera casum"
                          HPOS="121"
                          VPOS="569"
                          WIDTH="599"
                          HEIGHT="49"/>
               </TextLine>
               <TextLine ID="zone-line_IRHT_P_007089_1-11"
                         BASELINE=""
                         HPOS="122"
                         VPOS="620"
                         WIDTH="623"
                         HEIGHT="52">
                  <Shape>
                     <Polygon POINTS="122,620 745,620 745,672 122,672"/>
                  </Shape>
                  <String CONTENT="sic in mundanis absque omni turbine rebus"
                          HPOS="122"
                          VPOS="620"
                          WIDTH="623"
                          HEIGHT="52"/>
               </TextLine>
               <TextLine ID="zone-line_IRHT_P_007089_1-12"
                         BASELINE=""
                         HPOS="129"
                         VPOS="677"
                         WIDTH="564"
                         HEIGHT="53">
                  <Shape>
                     <Polygon POINTS="129,677 693,677 693,730 129,730"/>
                  </Shape>
                  <String CONTENT="nec mera leticia est nec leta omnino uoluptas"
                          HPOS="129"
                          VPOS="677"
                          WIDTH="564"
                          HEIGHT="53"/>
               </TextLine>
               <TextLine ID="zone-line_IRHT_P_007089_1-13"
                         BASELINE=""
                         HPOS="114"
                         VPOS="737"
                         WIDTH="617"
                         HEIGHT="47">
                  <Shape>
                     <Polygon POINTS="114,737 731,737 731,784 114,784"/>
                  </Shape>
                  <String CONTENT="pax ubi nulla rata est ubi gloria nulla quieta"
                          HPOS="114"
                          VPOS="737"
                          WIDTH="617"
                          HEIGHT="47"/>
               </TextLine>
               <TextLine ID="zone-line_IRHT_P_007089_1-14"
                         BASELINE=""
                         HPOS="122"
                         VPOS="787"
                         WIDTH="537"
                         HEIGHT="49">
                  <Shape>
                     <Polygon POINTS="122,787 659,787 659,836 122,836"/>
                  </Shape>
                  <String CONTENT="et nullus securus honos expertus in alto"
                          HPOS="122"
                          VPOS="787"
                          WIDTH="537"
                          HEIGHT="49"/>
               </TextLine>
               <TextLine ID="zone-line_IRHT_P_007089_1-15"
                         BASELINE=""
                         HPOS="72"
                         VPOS="840"
                         WIDTH="681"
                         HEIGHT="54">
                  <Shape>
                     <Polygon POINTS="72,840 753,840 753,894 72,894"/>
                  </Shape>
                  <String CONTENT="hoc leo conscensu est qui tutior ima tenebat"
                          HPOS="72"
                          VPOS="840"
                          WIDTH="681"
                          HEIGHT="54"/>
               </TextLine>
               <TextLine ID="zone-line_IRHT_P_007089_1-16"
                         BASELINE=""
                         HPOS="70"
                         VPOS="901"
                         WIDTH="696"
                         HEIGHT="52">
                  <Shape>
                     <Polygon POINTS="70,901 766,901 766,953 70,953"/>
                  </Shape>
                  <String CONTENT="hunc in equo cum iam pompam ducendo sederet"
                          HPOS="70"
                          VPOS="901"
                          WIDTH="696"
                          HEIGHT="52"/>
               </TextLine>
               <TextLine ID="zone-line_IRHT_P_007089_1-17"
                         BASELINE=""
                         HPOS="70"
                         VPOS="957"
                         WIDTH="665"
                         HEIGHT="51">
                  <Shape>
                     <Polygon POINTS="70,957 735,957 735,1008 70,1008"/>
                  </Shape>
                  <String CONTENT="appetiit manuum uiolenta iniectio tractum"
                          HPOS="70"
                          VPOS="957"
                          WIDTH="665"
                          HEIGHT="51"/>
               </TextLine>
               <TextLine ID="zone-line_IRHT_P_007089_1-18"
                         BASELINE=""
                         HPOS="78"
                         VPOS="1011"
                         WIDTH="635"
                         HEIGHT="51">
                  <Shape>
                     <Polygon POINTS="78,1011 713,1011 713,1062 78,1062"/>
                  </Shape>
                  <String CONTENT="nequiter et sacra de maiestate reuulsum"
                          HPOS="78"
                          VPOS="1011"
                          WIDTH="635"
                          HEIGHT="51"/>
               </TextLine>
               <TextLine ID="zone-line_IRHT_P_007089_1-19"
                         BASELINE=""
                         HPOS="78"
                         VPOS="1060"
                         WIDTH="682"
                         HEIGHT="59">
                  <Shape>
                     <Polygon POINTS="78,1060 760,1060 760,1119 78,1119"/>
                  </Shape>
                  <String CONTENT="quem predefuncti pape excecare parentes"
                          HPOS="78"
                          VPOS="1060"
                          WIDTH="682"
                          HEIGHT="59"/>
               </TextLine>
               <TextLine ID="zone-line_IRHT_P_007089_1-20"
                         BASELINE=""
                         HPOS="72"
                         VPOS="1114"
                         WIDTH="616"
                         HEIGHT="55">
                  <Shape>
                     <Polygon POINTS="72,1114 688,1114 688,1169 72,1169"/>
                  </Shape>
                  <String CONTENT="excito contra seducte turbine plebis"
                          HPOS="72"
                          VPOS="1114"
                          WIDTH="616"
                          HEIGHT="55"/>
               </TextLine>
               <TextLine ID="zone-line_IRHT_P_007089_1-21"
                         BASELINE=""
                         HPOS="69"
                         VPOS="1162"
                         WIDTH="640"
                         HEIGHT="53">
                  <Shape>
                     <Polygon POINTS="69,1162 709,1162 709,1215 69,1215"/>
                  </Shape>
                  <String CONTENT="presumpsere nec ex oculis ablata lucerna est"
                          HPOS="69"
                          VPOS="1162"
                          WIDTH="640"
                          HEIGHT="53"/>
               </TextLine>
            </TextBlock>
         </PrintSpace>
      </Page>
   </Layout>
</alto>
