<?xml version="1.0" encoding="UTF-8"?>
<alto xmlns="http://www.loc.gov/standards/alto/ns-v4#"
      xmlns:xsi="http://www.w3.org/2001/XMLSchema-instance"
      xmlns:tei="http://www.tei-c.org/ns/1.0"
      xsi:schemaLocation="http://www.loc.gov/standards/alto/ns-v4# ../schema/alto.xsd">
   <Description>
      <MeasurementUnit>pixel</MeasurementUnit>
      <sourceImageInformation>
         <fileName>IRHT_P_005471.tif</fileName>
      </sourceImageInformation>
   </Description>
   <Layout>
      <Page ID="zone-page_IRHT_P_005471"
            PHYSICAL_IMG_NR="0"
            WIDTH="1344"
            HEIGHT="1888">
         <PrintSpace HPOS="0" VPOS="0" WIDTH="1344" HEIGHT="1888">
            <TextBlock HPOS="81"
                       VPOS="70"
                       WIDTH="1221"
                       HEIGHT="1769"
                       ID="zone-col_IRHT_P_005471_1">
               <Shape>
                  <Polygon POINTS="81,70 1302,70 1302,1839 81,1839"/>
               </Shape>
               <TextLine ID="zone-line_IRHT_P_005471_1-1"
                         BASELINE=""
                         HPOS="834"
                         VPOS="107"
                         WIDTH="424"
                         HEIGHT="76">
                  <Shape>
                     <Polygon POINTS="834,107 1258,107 1258,183 834,183"/>
                  </Shape>
                  <String CONTENT="super oblata"
                          HPOS="834"
                          VPOS="107"
                          WIDTH="424"
                          HEIGHT="76"/>
               </TextLine>
               <TextLine ID="zone-line_IRHT_P_005471_1-2"
                         BASELINE=""
                         HPOS="100"
                         VPOS="91"
                         WIDTH="734"
                         HEIGHT="88">
                  <Shape>
                     <Polygon POINTS="100,91 834,91 834,179 100,179"/>
                  </Shape>
                  <String CONTENT="oblata confessoris tui"
                          HPOS="100"
                          VPOS="91"
                          WIDTH="734"
                          HEIGHT="88"/>
               </TextLine>
               <TextLine ID="zone-line_IRHT_P_005471_1-3"
                         BASELINE=""
                         HPOS="232"
                         VPOS="201"
                         WIDTH="1017"
                         HEIGHT="84">
                  <Shape>
                     <Polygon POINTS="232,201 1249,201 1249,285 232,285"/>
                  </Shape>
                  <String CONTENT="columbani honore sint tibi nostra gra"
                          HPOS="232"
                          VPOS="201"
                          WIDTH="1017"
                          HEIGHT="84"/>
               </TextLine>
               <TextLine ID="zone-line_IRHT_P_005471_1-4"
                         BASELINE=""
                         HPOS="219"
                         VPOS="315"
                         WIDTH="994"
                         HEIGHT="86">
                  <Shape>
                     <Polygon POINTS="219,315 1213,315 1213,401 219,401"/>
                  </Shape>
                  <String CONTENT="ta libamina et nostrarum apud te"
                          HPOS="219"
                          VPOS="315"
                          WIDTH="994"
                          HEIGHT="86"/>
               </TextLine>
               <TextLine ID="zone-line_IRHT_P_005471_1-5"
                         BASELINE=""
                         HPOS="227"
                         VPOS="428"
                         WIDTH="1075"
                         HEIGHT="83">
                  <Shape>
                     <Polygon POINTS="227,428 1302,428 1302,511 227,511"/>
                  </Shape>
                  <String CONTENT="supplicationum effectum obtineant p"
                          HPOS="227"
                          VPOS="428"
                          WIDTH="1075"
                          HEIGHT="83"/>
               </TextLine>
               <TextLine ID="zone-line_IRHT_P_005471_1-6"
                         BASELINE=""
                         HPOS="789"
                         VPOS="539"
                         WIDTH="481"
                         HEIGHT="81">
                  <Shape>
                     <Polygon POINTS="789,539 1270,539 1270,620 789,620"/>
                  </Shape>
                  <String CONTENT="ad complendvm"
                          HPOS="789"
                          VPOS="539"
                          WIDTH="481"
                          HEIGHT="81"/>
               </TextLine>
               <TextLine ID="zone-line_IRHT_P_005471_1-7"
                         BASELINE=""
                         HPOS="99"
                         VPOS="494"
                         WIDTH="690"
                         HEIGHT="126">
                  <Shape>
                     <Polygon POINTS="99,494 789,494 789,620 99,620"/>
                  </Shape>
                  <String CONTENT="fac nos quesumus"
                          HPOS="99"
                          VPOS="494"
                          WIDTH="690"
                          HEIGHT="126"/>
               </TextLine>
               <TextLine ID="zone-line_IRHT_P_005471_1-8"
                         BASELINE=""
                         HPOS="222"
                         VPOS="646"
                         WIDTH="1035"
                         HEIGHT="85">
                  <Shape>
                     <Polygon POINTS="222,646 1257,646 1257,731 222,731"/>
                  </Shape>
                  <String CONTENT="domine beati confessoris tui colum"
                          HPOS="222"
                          VPOS="646"
                          WIDTH="1035"
                          HEIGHT="85"/>
               </TextLine>
               <TextLine ID="zone-line_IRHT_P_005471_1-9"
                         BASELINE=""
                         HPOS="224"
                         VPOS="752"
                         WIDTH="994"
                         HEIGHT="87">
                  <Shape>
                     <Polygon POINTS="224,752 1218,752 1218,839 224,839"/>
                  </Shape>
                  <String CONTENT="bani digne sollempnia celebrare"
                          HPOS="224"
                          VPOS="752"
                          WIDTH="994"
                          HEIGHT="87"/>
               </TextLine>
               <TextLine ID="zone-line_IRHT_P_005471_1-10"
                         BASELINE=""
                         HPOS="215"
                         VPOS="866"
                         WIDTH="1054"
                         HEIGHT="85">
                  <Shape>
                     <Polygon POINTS="215,866 1269,866 1269,951 215,951"/>
                  </Shape>
                  <String CONTENT="qui largitatis tuae preuentus munere"
                          HPOS="215"
                          VPOS="866"
                          WIDTH="1054"
                          HEIGHT="85"/>
               </TextLine>
               <TextLine ID="zone-line_IRHT_P_005471_1-11"
                         BASELINE=""
                         HPOS="216"
                         VPOS="979"
                         WIDTH="1045"
                         HEIGHT="89">
                  <Shape>
                     <Polygon POINTS="216,979 1261,979 1261,1068 216,1068"/>
                  </Shape>
                  <String CONTENT="laudabilis uitę cursum glorioso fine"
                          HPOS="216"
                          VPOS="979"
                          WIDTH="1045"
                          HEIGHT="89"/>
               </TextLine>
               <TextLine ID="zone-line_IRHT_P_005471_1-12"
                         BASELINE=""
                         HPOS="210"
                         VPOS="1090"
                         WIDTH="1022"
                         HEIGHT="82">
                  <Shape>
                     <Polygon POINTS="210,1090 1232,1090 1232,1172 210,1172"/>
                  </Shape>
                  <String CONTENT="compleuit p eodem die vigilia"
                          HPOS="210"
                          VPOS="1090"
                          WIDTH="1022"
                          HEIGHT="82"/>
               </TextLine>
               <TextLine ID="zone-line_IRHT_P_005471_1-13"
                         BASELINE=""
                         HPOS="584"
                         VPOS="1196"
                         WIDTH="678"
                         HEIGHT="75">
                  <Shape>
                     <Polygon POINTS="584,1196 1262,1196 1262,1271 584,1271"/>
                  </Shape>
                  <String CONTENT="sancte ceciliae virginis"
                          HPOS="584"
                          VPOS="1196"
                          WIDTH="678"
                          HEIGHT="75"/>
               </TextLine>
               <TextLine ID="zone-line_IRHT_P_005471_1-14"
                         BASELINE=""
                         HPOS="508"
                         VPOS="1304"
                         WIDTH="689"
                         HEIGHT="83">
                  <Shape>
                     <Polygon POINTS="508,1304 1197,1304 1197,1387 508,1387"/>
                  </Shape>
                  <String CONTENT="sanctę ceciliae martiris"
                          HPOS="508"
                          VPOS="1304"
                          WIDTH="689"
                          HEIGHT="83"/>
               </TextLine>
               <TextLine ID="zone-line_IRHT_P_005471_1-15"
                         BASELINE=""
                         HPOS="515"
                         VPOS="1420"
                         WIDTH="705"
                         HEIGHT="82">
                  <Shape>
                     <Polygon POINTS="515,1420 1220,1420 1220,1502 515,1502"/>
                  </Shape>
                  <String CONTENT="tuę quesumus domine"
                          HPOS="515"
                          VPOS="1420"
                          WIDTH="705"
                          HEIGHT="82"/>
               </TextLine>
               <TextLine ID="zone-line_IRHT_P_005471_1-16"
                         BASELINE=""
                         HPOS="515"
                         VPOS="1536"
                         WIDTH="674"
                         HEIGHT="81">
                  <Shape>
                     <Polygon POINTS="515,1536 1189,1536 1189,1617 515,1617"/>
                  </Shape>
                  <String CONTENT="intercessionibus nos fo"
                          HPOS="515"
                          VPOS="1536"
                          WIDTH="674"
                          HEIGHT="81"/>
               </TextLine>
               <TextLine ID="zone-line_IRHT_P_005471_1-17"
                         BASELINE=""
                         HPOS="207"
                         VPOS="1638"
                         WIDTH="1008"
                         HEIGHT="82">
                  <Shape>
                     <Polygon POINTS="207,1638 1215,1638 1215,1720 207,1720"/>
                  </Shape>
                  <String CONTENT="ueas et cuius uenerabilem sollemp"
                          HPOS="207"
                          VPOS="1638"
                          WIDTH="1008"
                          HEIGHT="82"/>
               </TextLine>
               <TextLine ID="zone-line_IRHT_P_005471_1-18"
                         BASELINE=""
                         HPOS="208"
                         VPOS="1756"
                         WIDTH="984"
                         HEIGHT="83">
                  <Shape>
                     <Polygon POINTS="208,1756 1192,1756 1192,1839 208,1839"/>
                  </Shape>
                  <String CONTENT="nitatem nos tribuis preuenire ob"
                          HPOS="208"
                          VPOS="1756"
                          WIDTH="984"
                          HEIGHT="83"/>
               </TextLine>
            </TextBlock>
         </PrintSpace>
      </Page>
   </Layout>
</alto>
