<?xml version="1.0" encoding="UTF-8"?>
<alto xmlns="http://www.loc.gov/standards/alto/ns-v4#"
      xmlns:xsi="http://www.w3.org/2001/XMLSchema-instance"
      xmlns:tei="http://www.tei-c.org/ns/1.0"
      xsi:schemaLocation="http://www.loc.gov/standards/alto/ns-v4# ../schema/alto.xsd">
   <Description>
      <MeasurementUnit>pixel</MeasurementUnit>
      <sourceImageInformation>
         <fileName>IRHT_P_002175.tif</fileName>
      </sourceImageInformation>
   </Description>
   <Layout>
      <Page ID="zone-page_IRHT_P_002175"
            PHYSICAL_IMG_NR="0"
            WIDTH="1332"
            HEIGHT="1843">
         <PrintSpace HPOS="0" VPOS="0" WIDTH="1332" HEIGHT="1843">
            <TextBlock HPOS="67"
                       VPOS="63"
                       WIDTH="1235"
                       HEIGHT="1708"
                       ID="zone-col_IRHT_P_002175_1">
               <Shape>
                  <Polygon POINTS="67,63 1302,63 1302,1771 67,1771"/>
               </Shape>
               <TextLine ID="zone-line_IRHT_P_002175_1-1"
                         BASELINE=""
                         HPOS="225"
                         VPOS="63"
                         WIDTH="1014"
                         HEIGHT="115">
                  <Shape>
                     <Polygon POINTS="225,63 1239,63 1239,178 225,178"/>
                  </Shape>
                  <String CONTENT="ciam in eternu amen"
                          HPOS="225"
                          VPOS="63"
                          WIDTH="1014"
                          HEIGHT="115"/>
               </TextLine>
               <TextLine ID="zone-line_IRHT_P_002175_1-2"
                         BASELINE=""
                         HPOS="205"
                         VPOS="233"
                         WIDTH="298"
                         HEIGHT="106">
                  <Shape>
                     <Polygon POINTS="205,233 503,233 503,339 205,339"/>
                  </Shape>
                  <String CONTENT="amen"
                          HPOS="205"
                          VPOS="233"
                          WIDTH="298"
                          HEIGHT="106"/>
               </TextLine>
               <TextLine ID="zone-line_IRHT_P_002175_1-3"
                         BASELINE=""
                         HPOS="229"
                         VPOS="387"
                         WIDTH="1011"
                         HEIGHT="109">
                  <Shape>
                     <Polygon POINTS="229,387 1240,387 1240,496 229,496"/>
                  </Shape>
                  <String CONTENT="explicit oratio sancti ambrosii"
                          HPOS="229"
                          VPOS="387"
                          WIDTH="1011"
                          HEIGHT="109"/>
               </TextLine>
               <TextLine ID="zone-line_IRHT_P_002175_1-4"
                         BASELINE=""
                         HPOS="214"
                         VPOS="542"
                         WIDTH="1019"
                         HEIGHT="108">
                  <Shape>
                     <Polygon POINTS="214,542 1233,542 1233,650 214,650"/>
                  </Shape>
                  <String CONTENT="que dicitur ante missam"
                          HPOS="214"
                          VPOS="542"
                          WIDTH="1019"
                          HEIGHT="108"/>
               </TextLine>
               <TextLine ID="zone-line_IRHT_P_002175_1-5"
                         BASELINE=""
                         HPOS="199"
                         VPOS="700"
                         WIDTH="1103"
                         HEIGHT="109">
                  <Shape>
                     <Polygon POINTS="199,700 1302,700 1302,809 199,809"/>
                  </Shape>
                  <String CONTENT="orate pro henrico paupere"
                          HPOS="199"
                          VPOS="700"
                          WIDTH="1103"
                          HEIGHT="109"/>
               </TextLine>
               <TextLine ID="zone-line_IRHT_P_002175_1-6"
                         BASELINE=""
                         HPOS="200"
                         VPOS="861"
                         WIDTH="1030"
                         HEIGHT="107">
                  <Shape>
                     <Polygon POINTS="200,861 1230,861 1230,968 200,968"/>
                  </Shape>
                  <String CONTENT="clerico qui compleuit hunc"
                          HPOS="200"
                          VPOS="861"
                          WIDTH="1030"
                          HEIGHT="107"/>
               </TextLine>
               <TextLine ID="zone-line_IRHT_P_002175_1-7"
                         BASELINE=""
                         HPOS="189"
                         VPOS="1019"
                         WIDTH="1023"
                         HEIGHT="105">
                  <Shape>
                     <Polygon POINTS="189,1019 1212,1019 1212,1124 189,1124"/>
                  </Shape>
                  <String CONTENT="librum anno domini m"
                          HPOS="189"
                          VPOS="1019"
                          WIDTH="1023"
                          HEIGHT="105"/>
               </TextLine>
               <TextLine ID="zone-line_IRHT_P_002175_1-8"
                         BASELINE=""
                         HPOS="191"
                         VPOS="1178"
                         WIDTH="1054"
                         HEIGHT="104">
                  <Shape>
                     <Polygon POINTS="191,1178 1245,1178 1245,1282 191,1282"/>
                  </Shape>
                  <String CONTENT="ccc xl viii in crastino fe"
                          HPOS="191"
                          VPOS="1178"
                          WIDTH="1054"
                          HEIGHT="104"/>
               </TextLine>
               <TextLine ID="zone-line_IRHT_P_002175_1-9"
                         BASELINE=""
                         HPOS="182"
                         VPOS="1339"
                         WIDTH="1064"
                         HEIGHT="107">
                  <Shape>
                     <Polygon POINTS="182,1339 1246,1339 1246,1446 182,1446"/>
                  </Shape>
                  <String CONTENT="sti beati martini hyemalis"
                          HPOS="182"
                          VPOS="1339"
                          WIDTH="1064"
                          HEIGHT="107"/>
               </TextLine>
               <TextLine ID="zone-line_IRHT_P_002175_1-10"
                         BASELINE=""
                         HPOS="105"
                         VPOS="1495"
                         WIDTH="1124"
                         HEIGHT="112">
                  <Shape>
                     <Polygon POINTS="105,1495 1229,1495 1229,1607 105,1607"/>
                  </Shape>
                  <String CONTENT="pro domino ludowico decano"
                          HPOS="105"
                          VPOS="1495"
                          WIDTH="1124"
                          HEIGHT="112"/>
               </TextLine>
               <TextLine ID="zone-line_IRHT_P_002175_1-11"
                         BASELINE=""
                         HPOS="186"
                         VPOS="1659"
                         WIDTH="502"
                         HEIGHT="109">
                  <Shape>
                     <Polygon POINTS="186,1659 688,1659 688,1768 186,1768"/>
                  </Shape>
                  <String CONTENT="metensis ecclesie"
                          HPOS="186"
                          VPOS="1659"
                          WIDTH="502"
                          HEIGHT="109"/>
               </TextLine>
            </TextBlock>
         </PrintSpace>
      </Page>
   </Layout>
</alto>
