<?xml version="1.0" encoding="UTF-8"?>
<alto xmlns="http://www.loc.gov/standards/alto/ns-v4#"
      xmlns:xsi="http://www.w3.org/2001/XMLSchema-instance"
      xmlns:tei="http://www.tei-c.org/ns/1.0"
      xsi:schemaLocation="http://www.loc.gov/standards/alto/ns-v4# ../schema/alto.xsd">
   <Description>
      <MeasurementUnit>pixel</MeasurementUnit>
      <sourceImageInformation>
         <fileName>IRHT_P_007404.tif</fileName>
      </sourceImageInformation>
   </Description>
   <Layout>
      <Page ID="zone-page_IRHT_P_007404"
            PHYSICAL_IMG_NR="0"
            WIDTH="1212"
            HEIGHT="1757">
         <PrintSpace HPOS="0" VPOS="0" WIDTH="1212" HEIGHT="1757">
            <TextBlock HPOS="62"
                       VPOS="0"
                       WIDTH="1125"
                       HEIGHT="1726"
                       ID="zone-col_IRHT_P_007404_1">
               <Shape>
                  <Polygon POINTS="62,0 1187,0 1187,1726 62,1726"/>
               </Shape>
               <TextLine ID="zone-line_IRHT_P_007404_1-1"
                         BASELINE=""
                         HPOS="99"
                         VPOS="0"
                         WIDTH="961"
                         HEIGHT="46">
                  <Shape>
                     <Polygon POINTS="99,0 1060,0 1060,46 99,46"/>
                  </Shape>
                  <String CONTENT="incideret et uox inde erupit et sanguis sicut docet ouidius"
                          HPOS="99"
                          VPOS="0"
                          WIDTH="961"
                          HEIGHT="46"/>
               </TextLine>
               <TextLine ID="zone-line_IRHT_P_007404_1-2"
                         BASELINE=""
                         HPOS="88"
                         VPOS="48"
                         WIDTH="980"
                         HEIGHT="47">
                  <Shape>
                     <Polygon POINTS="88,48 1068,48 1068,95 88,95"/>
                  </Shape>
                  <String CONTENT="driades uero sunt quę inter arbores habitant hoc autem ad superiora"
                          HPOS="88"
                          VPOS="48"
                          WIDTH="980"
                          HEIGHT="47"/>
               </TextLine>
               <TextLine ID="zone-line_IRHT_P_007404_1-3"
                         BASELINE=""
                         HPOS="90"
                         VPOS="98"
                         WIDTH="950"
                         HEIGHT="51">
                  <Shape>
                     <Polygon POINTS="90,98 1040,98 1040,149 90,149"/>
                  </Shape>
                  <String CONTENT="pertinet quę dixerat mixtis lustrabo menala nimphis nec"
                          HPOS="90"
                          VPOS="98"
                          WIDTH="950"
                          HEIGHT="51"/>
               </TextLine>
               <TextLine ID="zone-line_IRHT_P_007404_1-4"
                         BASELINE=""
                         HPOS="90"
                         VPOS="152"
                         WIDTH="952"
                         HEIGHT="49">
                  <Shape>
                     <Polygon POINTS="90,152 1042,152 1042,201 90,201"/>
                  </Shape>
                  <String CONTENT="carmina uobis ipsa placent quia dixerat carmina pastoris"
                          HPOS="90"
                          VPOS="152"
                          WIDTH="952"
                          HEIGHT="49"/>
               </TextLine>
               <TextLine ID="zone-line_IRHT_P_007404_1-5"
                         BASELINE=""
                         HPOS="88"
                         VPOS="207"
                         WIDTH="926"
                         HEIGHT="51">
                  <Shape>
                     <Polygon POINTS="88,207 1014,207 1014,258 88,258"/>
                  </Shape>
                  <String CONTENT="siculi modulabor auena ipsę rursus concedite siluę propter"
                          HPOS="88"
                          VPOS="207"
                          WIDTH="926"
                          HEIGHT="51"/>
               </TextLine>
               <TextLine ID="zone-line_IRHT_P_007404_1-6"
                         BASELINE=""
                         HPOS="86"
                         VPOS="265"
                         WIDTH="902"
                         HEIGHT="48">
                  <Shape>
                     <Polygon POINTS="86,265 988,265 988,313 86,313"/>
                  </Shape>
                  <String CONTENT="illud iam mihi per rupes videor lucosque sonantes nec si"
                          HPOS="86"
                          VPOS="265"
                          WIDTH="902"
                          HEIGHT="48"/>
               </TextLine>
               <TextLine ID="zone-line_IRHT_P_007404_1-7"
                         BASELINE=""
                         HPOS="88"
                         VPOS="319"
                         WIDTH="915"
                         HEIGHT="47">
                  <Shape>
                     <Polygon POINTS="88,319 1003,319 1003,366 88,366"/>
                  </Shape>
                  <String CONTENT="frigoribus medium ebrumque bibamus manifeste hoc dicit"
                          HPOS="88"
                          VPOS="319"
                          WIDTH="915"
                          HEIGHT="47"/>
               </TextLine>
               <TextLine ID="zone-line_IRHT_P_007404_1-8"
                         BASELINE=""
                         HPOS="92"
                         VPOS="373"
                         WIDTH="945"
                         HEIGHT="49">
                  <Shape>
                     <Polygon POINTS="92,373 1037,373 1037,422 92,422"/>
                  </Shape>
                  <String CONTENT="amore se carere non posse nec si ebrum tracię fluuium"
                          HPOS="92"
                          VPOS="373"
                          WIDTH="945"
                          HEIGHT="49"/>
               </TextLine>
               <TextLine ID="zone-line_IRHT_P_007404_1-9"
                         BASELINE=""
                         HPOS="92"
                         VPOS="433"
                         WIDTH="914"
                         HEIGHT="46">
                  <Shape>
                     <Polygon POINTS="92,433 1006,433 1006,479 92,479"/>
                  </Shape>
                  <String CONTENT="mediis frigoribus bibat nec estibus nimiis fiunt in ardenti"
                          HPOS="92"
                          VPOS="433"
                          WIDTH="914"
                          HEIGHT="46"/>
               </TextLine>
               <TextLine ID="zone-line_IRHT_P_007404_1-10"
                         BASELINE=""
                         HPOS="87"
                         VPOS="491"
                         WIDTH="977"
                         HEIGHT="49">
                  <Shape>
                     <Polygon POINTS="87,491 1064,491 1064,540 87,540"/>
                  </Shape>
                  <String CONTENT="prouincia dicit autem hoc secundum phisicos qui morbos aut a contrariis"
                          HPOS="87"
                          VPOS="491"
                          WIDTH="977"
                          HEIGHT="49"/>
               </TextLine>
               <TextLine ID="zone-line_IRHT_P_007404_1-11"
                         BASELINE=""
                         HPOS="90"
                         VPOS="551"
                         WIDTH="942"
                         HEIGHT="46">
                  <Shape>
                     <Polygon POINTS="90,551 1032,551 1032,597 90,597"/>
                  </Shape>
                  <String CONTENT="aut a similibus asserunt posse depelli sitionasque niues"
                          HPOS="90"
                          VPOS="551"
                          WIDTH="942"
                          HEIGHT="46"/>
               </TextLine>
               <TextLine ID="zone-line_IRHT_P_007404_1-12"
                         BASELINE=""
                         HPOS="92"
                         VPOS="601"
                         WIDTH="977"
                         HEIGHT="48">
                  <Shape>
                     <Polygon POINTS="92,601 1069,601 1069,649 92,649"/>
                  </Shape>
                  <String CONTENT="siton mons est tracię liber corticis pars interior uersemur"
                          HPOS="92"
                          VPOS="601"
                          WIDTH="977"
                          HEIGHT="48"/>
               </TextLine>
               <TextLine ID="zone-line_IRHT_P_007404_1-13"
                         BASELINE=""
                         HPOS="88"
                         VPOS="658"
                         WIDTH="941"
                         HEIGHT="49">
                  <Shape>
                     <Polygon POINTS="88,658 1029,658 1029,707 88,707"/>
                  </Shape>
                  <String CONTENT="pascamus hec sat erit iam ad musas loquitur gracili"
                          HPOS="88"
                          VPOS="658"
                          WIDTH="941"
                          HEIGHT="49"/>
               </TextLine>
               <TextLine ID="zone-line_IRHT_P_007404_1-14"
                         BASELINE=""
                         HPOS="91"
                         VPOS="720"
                         WIDTH="907"
                         HEIGHT="47">
                  <Shape>
                     <Polygon POINTS="91,720 998,720 998,767 91,767"/>
                  </Shape>
                  <String CONTENT="fiscellam texit ibisco ac si diceret nisi hac reoccupatus"
                          HPOS="91"
                          VPOS="720"
                          WIDTH="907"
                          HEIGHT="47"/>
               </TextLine>
               <TextLine ID="zone-line_IRHT_P_007404_1-15"
                         BASELINE=""
                         HPOS="88"
                         VPOS="777"
                         WIDTH="987"
                         HEIGHT="52">
                  <Shape>
                     <Polygon POINTS="88,777 1075,777 1075,829 88,829"/>
                  </Shape>
                  <String CONTENT="minime canerem allegoricos autem significat se composuisse"
                          HPOS="88"
                          VPOS="777"
                          WIDTH="987"
                          HEIGHT="52"/>
               </TextLine>
               <TextLine ID="zone-line_IRHT_P_007404_1-16"
                         BASELINE=""
                         HPOS="100"
                         VPOS="830"
                         WIDTH="970"
                         HEIGHT="49">
                  <Shape>
                     <Polygon POINTS="100,830 1070,830 1070,879 100,879"/>
                  </Shape>
                  <String CONTENT="hunc libellum tenuissimo stilo quantum uere nouo uiridis"
                          HPOS="100"
                          VPOS="830"
                          WIDTH="970"
                          HEIGHT="49"/>
               </TextLine>
               <TextLine ID="zone-line_IRHT_P_007404_1-17"
                         BASELINE=""
                         HPOS="92"
                         VPOS="895"
                         WIDTH="888"
                         HEIGHT="52">
                  <Shape>
                     <Polygon POINTS="92,895 980,895 980,947 92,947"/>
                  </Shape>
                  <String CONTENT="se subicit alnus amo inquit gallum sed latenter"
                          HPOS="92"
                          VPOS="895"
                          WIDTH="888"
                          HEIGHT="52"/>
               </TextLine>
               <TextLine ID="zone-line_IRHT_P_007404_1-18"
                         BASELINE=""
                         HPOS="96"
                         VPOS="958"
                         WIDTH="906"
                         HEIGHT="47">
                  <Shape>
                     <Polygon POINTS="96,958 1002,958 1002,1005 96,1005"/>
                  </Shape>
                  <String CONTENT="sicut arbores crescunt nam operatio ista hoc significat"
                          HPOS="96"
                          VPOS="958"
                          WIDTH="906"
                          HEIGHT="47"/>
               </TextLine>
               <TextLine ID="zone-line_IRHT_P_007404_1-19"
                         BASELINE=""
                         HPOS="82"
                         VPOS="1012"
                         WIDTH="912"
                         HEIGHT="46">
                  <Shape>
                     <Polygon POINTS="82,1012 994,1012 994,1058 82,1058"/>
                  </Shape>
                  <String CONTENT="propter cęsarem et frugibus umbrę quanto magis hominibus"
                          HPOS="82"
                          VPOS="1012"
                          WIDTH="912"
                          HEIGHT="46"/>
               </TextLine>
               <TextLine ID="zone-line_IRHT_P_007404_1-20"
                         BASELINE=""
                         HPOS="84"
                         VPOS="1064"
                         WIDTH="958"
                         HEIGHT="46">
                  <Shape>
                     <Polygon POINTS="84,1064 1042,1064 1042,1110 84,1110"/>
                  </Shape>
                  <String CONTENT="unde etiam in georgicis et auris optati f p u ite domum"
                          HPOS="84"
                          VPOS="1064"
                          WIDTH="958"
                          HEIGHT="46"/>
               </TextLine>
               <TextLine ID="zone-line_IRHT_P_007404_1-21"
                         BASELINE=""
                         HPOS="83"
                         VPOS="1116"
                         WIDTH="1003"
                         HEIGHT="49">
                  <Shape>
                     <Polygon POINTS="83,1116 1086,1116 1086,1165 83,1165"/>
                  </Shape>
                  <String CONTENT="saturę uenit hesperus ite capellę uerecunde se capellarum"
                          HPOS="83"
                          VPOS="1116"
                          WIDTH="1003"
                          HEIGHT="49"/>
               </TextLine>
               <TextLine ID="zone-line_IRHT_P_007404_1-22"
                         BASELINE=""
                         HPOS="62"
                         VPOS="1178"
                         WIDTH="984"
                         HEIGHT="40">
                  <Shape>
                     <Polygon POINTS="62,1178 1046,1178 1046,1218 62,1218"/>
                  </Shape>
                  <String CONTENT="dicit pastorem idest uilissimorum animalium nam buccolica"
                          HPOS="62"
                          VPOS="1178"
                          WIDTH="984"
                          HEIGHT="40"/>
               </TextLine>
               <TextLine ID="zone-line_IRHT_P_007404_1-23"
                         BASELINE=""
                         HPOS="62"
                         VPOS="1232"
                         WIDTH="962"
                         HEIGHT="47">
                  <Shape>
                     <Polygon POINTS="62,1232 1024,1232 1024,1279 62,1279"/>
                  </Shape>
                  <String CONTENT="scribens debuit se dicere boum esse pastorem sed uitans"
                          HPOS="62"
                          VPOS="1232"
                          WIDTH="962"
                          HEIGHT="47"/>
               </TextLine>
               <TextLine ID="zone-line_IRHT_P_007404_1-24"
                         BASELINE=""
                         HPOS="62"
                         VPOS="1286"
                         WIDTH="996"
                         HEIGHT="47">
                  <Shape>
                     <Polygon POINTS="62,1286 1058,1286 1058,1333 62,1333"/>
                  </Shape>
                  <String CONTENT="arogantiam ultimum se uoluit esse principem in scribendis"
                          HPOS="62"
                          VPOS="1286"
                          WIDTH="996"
                          HEIGHT="47"/>
               </TextLine>
               <TextLine ID="zone-line_IRHT_P_007404_1-25"
                         BASELINE=""
                         HPOS="89"
                         VPOS="1344"
                         WIDTH="222"
                         HEIGHT="50">
                  <Shape>
                     <Polygon POINTS="89,1344 311,1344 311,1394 89,1394"/>
                  </Shape>
                  <String CONTENT="buccolicis"
                          HPOS="89"
                          VPOS="1344"
                          WIDTH="222"
                          HEIGHT="50"/>
               </TextLine>
               <TextLine ID="zone-line_IRHT_P_007404_1-26"
                         BASELINE=""
                         HPOS="738"
                         VPOS="1394"
                         WIDTH="165"
                         HEIGHT="42">
                  <Shape>
                     <Polygon POINTS="738,1394 903,1394 903,1436 738,1436"/>
                  </Shape>
                  <String CONTENT="finis"
                          HPOS="738"
                          VPOS="1394"
                          WIDTH="165"
                          HEIGHT="42"/>
               </TextLine>
               <TextLine ID="zone-line_IRHT_P_007404_1-27"
                         BASELINE=""
                         HPOS="90"
                         VPOS="1561"
                         WIDTH="1088"
                         HEIGHT="49">
                  <Shape>
                     <Polygon POINTS="90,1561 1178,1561 1178,1610 90,1610"/>
                  </Shape>
                  <String CONTENT="uiterbii mcccclv mensis maii nicolao v pontifice maxim"
                          HPOS="90"
                          VPOS="1561"
                          WIDTH="1088"
                          HEIGHT="49"/>
               </TextLine>
               <TextLine ID="zone-line_IRHT_P_007404_1-28"
                         BASELINE=""
                         HPOS="62"
                         VPOS="1610"
                         WIDTH="1125"
                         HEIGHT="59">
                  <Shape>
                     <Polygon POINTS="62,1610 1187,1610 1187,1669 62,1669"/>
                  </Shape>
                  <String CONTENT="sedente ego angelus scarponius scolaris hunc librum"
                          HPOS="62"
                          VPOS="1610"
                          WIDTH="1125"
                          HEIGHT="59"/>
               </TextLine>
               <TextLine ID="zone-line_IRHT_P_007404_1-29"
                         BASELINE=""
                         HPOS="91"
                         VPOS="1672"
                         WIDTH="1005"
                         HEIGHT="54">
                  <Shape>
                     <Polygon POINTS="91,1672 1096,1672 1096,1726 91,1726"/>
                  </Shape>
                  <String CONTENT="scripsi de uassano scilicet ortanensis diocesis"
                          HPOS="91"
                          VPOS="1672"
                          WIDTH="1005"
                          HEIGHT="54"/>
               </TextLine>
            </TextBlock>
         </PrintSpace>
      </Page>
   </Layout>
</alto>
