<?xml version="1.0" encoding="UTF-8"?>
<alto xmlns="http://www.loc.gov/standards/alto/ns-v4#"
      xmlns:xsi="http://www.w3.org/2001/XMLSchema-instance"
      xmlns:tei="http://www.tei-c.org/ns/1.0"
      xsi:schemaLocation="http://www.loc.gov/standards/alto/ns-v4# ../schema/alto.xsd">
   <Description>
      <MeasurementUnit>pixel</MeasurementUnit>
      <sourceImageInformation>
         <fileName>IRHT_P_008382.tif</fileName>
      </sourceImageInformation>
   </Description>
   <Layout>
      <Page ID="zone-page_IRHT_P_008382"
            PHYSICAL_IMG_NR="0"
            WIDTH="1767"
            HEIGHT="1333">
         <PrintSpace HPOS="0" VPOS="0" WIDTH="1767" HEIGHT="1333">
            <TextBlock HPOS="54"
                       VPOS="16"
                       WIDTH="1377"
                       HEIGHT="1297"
                       ID="zone-col_IRHT_P_008382_1">
               <Shape>
                  <Polygon POINTS="54,16 1431,16 1431,1313 54,1313"/>
               </Shape>
               <TextLine ID="zone-line_IRHT_P_008382_1-1"
                         BASELINE=""
                         HPOS="185"
                         VPOS="153"
                         WIDTH="1246"
                         HEIGHT="46">
                  <Shape>
                     <Polygon POINTS="185,153 1431,153 1431,199 185,199"/>
                  </Shape>
                  <String CONTENT="cuncta illuminans os dei lingua ignita sapentiam promens fons iugiter sa"
                          HPOS="185"
                          VPOS="153"
                          WIDTH="1246"
                          HEIGHT="46"/>
               </TextLine>
               <TextLine ID="zone-line_IRHT_P_008382_1-2"
                         BASELINE=""
                         HPOS="189"
                         VPOS="209"
                         WIDTH="1214"
                         HEIGHT="42">
                  <Shape>
                     <Polygon POINTS="189,209 1403,209 1403,251 189,251"/>
                  </Shape>
                  <String CONTENT="nitates emanans qui mare in meabilibus gressibus sanctificasti qui terram"
                          HPOS="189"
                          VPOS="209"
                          WIDTH="1214"
                          HEIGHT="42"/>
               </TextLine>
               <TextLine ID="zone-line_IRHT_P_008382_1-3"
                         BASELINE=""
                         HPOS="196"
                         VPOS="263"
                         WIDTH="1204"
                         HEIGHT="41">
                  <Shape>
                     <Polygon POINTS="196,263 1400,263 1400,304 196,304"/>
                  </Shape>
                  <String CONTENT="purpuream tuo cruore fecisti qui celos commeasti ubi in medio diuine"
                          HPOS="196"
                          VPOS="263"
                          WIDTH="1204"
                          HEIGHT="41"/>
               </TextLine>
               <TextLine ID="zone-line_IRHT_P_008382_1-4"
                         BASELINE=""
                         HPOS="193"
                         VPOS="315"
                         WIDTH="1215"
                         HEIGHT="43">
                  <Shape>
                     <Polygon POINTS="193,315 1408,315 1408,358 193,358"/>
                  </Shape>
                  <String CONTENT="aciei refulges in splendore inmarcessibilis glorie splendes in exul"
                          HPOS="193"
                          VPOS="315"
                          WIDTH="1215"
                          HEIGHT="43"/>
               </TextLine>
               <TextLine ID="zone-line_IRHT_P_008382_1-5"
                         BASELINE=""
                         HPOS="185"
                         VPOS="365"
                         WIDTH="1031"
                         HEIGHT="51">
                  <Shape>
                     <Polygon POINTS="185,365 1216,365 1216,416 185,416"/>
                  </Shape>
                  <String CONTENT="tatione iocunditatis insaciabilis gaudes hec theodorus"
                          HPOS="185"
                          VPOS="365"
                          WIDTH="1031"
                          HEIGHT="51"/>
               </TextLine>
               <TextLine ID="zone-line_IRHT_P_008382_1-6"
                         BASELINE=""
                         HPOS="286"
                         VPOS="417"
                         WIDTH="760"
                         HEIGHT="39">
                  <Shape>
                     <Polygon POINTS="286,417 1046,417 1046,456 286,456"/>
                  </Shape>
                  <String CONTENT="augustinus hoc nomen sortitus est ue propter"
                          HPOS="286"
                          VPOS="417"
                          WIDTH="760"
                          HEIGHT="39"/>
               </TextLine>
               <TextLine ID="zone-line_IRHT_P_008382_1-7"
                         BASELINE=""
                         HPOS="298"
                         VPOS="461"
                         WIDTH="1097"
                         HEIGHT="41">
                  <Shape>
                     <Polygon POINTS="298,461 1395,461 1395,502 298,502"/>
                  </Shape>
                  <String CONTENT="ethi"
                          HPOS="298"
                          VPOS="461"
                          WIDTH="1097"
                          HEIGHT="41"/>
               </TextLine>
               <TextLine ID="zone-line_IRHT_P_008382_1-8"
                         BASELINE=""
                         HPOS="171"
                         VPOS="510"
                         WIDTH="1237"
                         HEIGHT="43">
                  <Shape>
                     <Polygon POINTS="171,510 1408,510 1408,553 171,553"/>
                  </Shape>
                  <String CONTENT="mologiam nominis propter excellentiam dignitatis quoniam sicut imperator au"
                          HPOS="171"
                          VPOS="510"
                          WIDTH="1237"
                          HEIGHT="43"/>
               </TextLine>
               <TextLine ID="zone-line_IRHT_P_008382_1-9"
                         BASELINE=""
                         HPOS="179"
                         VPOS="558"
                         WIDTH="1221"
                         HEIGHT="42">
                  <Shape>
                     <Polygon POINTS="179,558 1400,558 1400,600 179,600"/>
                  </Shape>
                  <String CONTENT="gustus precellebat omnes reges sic et iste excellit omnes doctores secundum quod"
                          HPOS="179"
                          VPOS="558"
                          WIDTH="1221"
                          HEIGHT="42"/>
               </TextLine>
               <TextLine ID="zone-line_IRHT_P_008382_1-10"
                         BASELINE=""
                         HPOS="185"
                         VPOS="609"
                         WIDTH="1212"
                         HEIGHT="41">
                  <Shape>
                     <Polygon POINTS="185,609 1397,609 1397,650 185,650"/>
                  </Shape>
                  <String CONTENT="dicit remigius unde alii doctores comparantur stellis danielis xii qui"
                          HPOS="185"
                          VPOS="609"
                          WIDTH="1212"
                          HEIGHT="41"/>
               </TextLine>
               <TextLine ID="zone-line_IRHT_P_008382_1-11"
                         BASELINE=""
                         HPOS="191"
                         VPOS="658"
                         WIDTH="1222"
                         HEIGHT="41">
                  <Shape>
                     <Polygon POINTS="191,658 1413,658 1413,699 191,699"/>
                  </Shape>
                  <String CONTENT="ad iustiam erudiunt multos sicut stelle et cetera hic autem comparatur soli sicut"
                          HPOS="191"
                          VPOS="658"
                          WIDTH="1222"
                          HEIGHT="41"/>
               </TextLine>
               <TextLine ID="zone-line_IRHT_P_008382_1-12"
                         BASELINE=""
                         HPOS="184"
                         VPOS="707"
                         WIDTH="1218"
                         HEIGHT="40">
                  <Shape>
                     <Polygon POINTS="184,707 1402,707 1402,747 184,747"/>
                  </Shape>
                  <String CONTENT="paulus in epistula que de eo cantatur quasi sol refulgens sic ipse refulsit in"
                          HPOS="184"
                          VPOS="707"
                          WIDTH="1218"
                          HEIGHT="40"/>
               </TextLine>
               <TextLine ID="zone-line_IRHT_P_008382_1-13"
                         BASELINE=""
                         HPOS="187"
                         VPOS="750"
                         WIDTH="1201"
                         HEIGHT="44">
                  <Shape>
                     <Polygon POINTS="187,750 1388,750 1388,794 187,794"/>
                  </Shape>
                  <String CONTENT="templo dei secundo propter feruorem dilectionis quoniam sicut mensis augustus"
                          HPOS="187"
                          VPOS="750"
                          WIDTH="1201"
                          HEIGHT="44"/>
               </TextLine>
               <TextLine ID="zone-line_IRHT_P_008382_1-14"
                         BASELINE=""
                         HPOS="189"
                         VPOS="800"
                         WIDTH="1236"
                         HEIGHT="37">
                  <Shape>
                     <Polygon POINTS="189,800 1425,800 1425,837 189,837"/>
                  </Shape>
                  <String CONTENT="ualde feruet estu caloris sic et ipse ualde incaluit igne diuini"
                          HPOS="189"
                          VPOS="800"
                          WIDTH="1236"
                          HEIGHT="37"/>
               </TextLine>
               <TextLine ID="zone-line_IRHT_P_008382_1-15"
                         BASELINE=""
                         HPOS="193"
                         VPOS="847"
                         WIDTH="1224"
                         HEIGHT="43">
                  <Shape>
                     <Polygon POINTS="193,847 1417,847 1417,890 193,890"/>
                  </Shape>
                  <String CONTENT="amoris unde ipse in libro confessionum de se dicit sagittaueras tu cor"
                          HPOS="193"
                          VPOS="847"
                          WIDTH="1224"
                          HEIGHT="43"/>
               </TextLine>
               <TextLine ID="zone-line_IRHT_P_008382_1-16"
                         BASELINE=""
                         HPOS="196"
                         VPOS="902"
                         WIDTH="1228"
                         HEIGHT="42">
                  <Shape>
                     <Polygon POINTS="196,902 1424,902 1424,944 196,944"/>
                  </Shape>
                  <String CONTENT="meum caritate tua et cetera item ibidem aliquando intromittis me in affectum"
                          HPOS="196"
                          VPOS="902"
                          WIDTH="1228"
                          HEIGHT="42"/>
               </TextLine>
               <TextLine ID="zone-line_IRHT_P_008382_1-17"
                         BASELINE=""
                         HPOS="185"
                         VPOS="949"
                         WIDTH="1235"
                         HEIGHT="45">
                  <Shape>
                     <Polygon POINTS="185,949 1420,949 1420,994 185,994"/>
                  </Shape>
                  <String CONTENT="multum inusitatum introrsus nescio ad quam dulcedinem que si perficiatur"
                          HPOS="185"
                          VPOS="949"
                          WIDTH="1235"
                          HEIGHT="45"/>
               </TextLine>
               <TextLine ID="zone-line_IRHT_P_008382_1-18"
                         BASELINE=""
                         HPOS="195"
                         VPOS="1003"
                         WIDTH="1181"
                         HEIGHT="37">
                  <Shape>
                     <Polygon POINTS="195,1003 1376,1003 1376,1040 195,1040"/>
                  </Shape>
                  <String CONTENT="in me nescio quid erit quod uita ista non erit tercio propter ethy"
                          HPOS="195"
                          VPOS="1003"
                          WIDTH="1181"
                          HEIGHT="37"/>
               </TextLine>
               <TextLine ID="zone-line_IRHT_P_008382_1-19"
                         BASELINE=""
                         HPOS="193"
                         VPOS="1051"
                         WIDTH="1204"
                         HEIGHT="44">
                  <Shape>
                     <Polygon POINTS="193,1051 1397,1051 1397,1095 193,1095"/>
                  </Shape>
                  <String CONTENT="mologiam nominis dicitur enim augustinus ab augeo et astim"
                          HPOS="193"
                          VPOS="1051"
                          WIDTH="1204"
                          HEIGHT="44"/>
               </TextLine>
               <TextLine ID="zone-line_IRHT_P_008382_1-20"
                         BASELINE=""
                         HPOS="195"
                         VPOS="1105"
                         WIDTH="1199"
                         HEIGHT="41">
                  <Shape>
                     <Polygon POINTS="195,1105 1394,1105 1394,1146 195,1146"/>
                  </Shape>
                  <String CONTENT="quod est ciuitas et ana quod est sursum inde augustinus quasi augens su"
                          HPOS="195"
                          VPOS="1105"
                          WIDTH="1199"
                          HEIGHT="41"/>
               </TextLine>
               <TextLine ID="zone-line_IRHT_P_008382_1-21"
                         BASELINE=""
                         HPOS="194"
                         VPOS="1159"
                         WIDTH="1229"
                         HEIGHT="43">
                  <Shape>
                     <Polygon POINTS="194,1159 1423,1159 1423,1202 194,1202"/>
                  </Shape>
                  <String CONTENT="pernam ciuitatem unde de eo cantatur qui preualuit amplificare"
                          HPOS="194"
                          VPOS="1159"
                          WIDTH="1229"
                          HEIGHT="43"/>
               </TextLine>
               <TextLine ID="zone-line_IRHT_P_008382_1-22"
                         BASELINE=""
                         HPOS="198"
                         VPOS="1216"
                         WIDTH="1220"
                         HEIGHT="45">
                  <Shape>
                     <Polygon POINTS="198,1216 1418,1216 1418,1261 198,1261"/>
                  </Shape>
                  <String CONTENT="ciuitatem et cetera ue ut dicitur in glosario augustinus dicitur magnificus"
                          HPOS="198"
                          VPOS="1216"
                          WIDTH="1220"
                          HEIGHT="45"/>
               </TextLine>
               <TextLine ID="zone-line_IRHT_P_008382_1-23"
                         BASELINE=""
                         HPOS="185"
                         VPOS="1264"
                         WIDTH="1206"
                         HEIGHT="49">
                  <Shape>
                     <Polygon POINTS="185,1264 1391,1264 1391,1313 185,1313"/>
                  </Shape>
                  <String CONTENT="felix preclarus in doctrina fuit enim magnificus in uita"
                          HPOS="185"
                          VPOS="1264"
                          WIDTH="1206"
                          HEIGHT="49"/>
               </TextLine>
            </TextBlock>
         </PrintSpace>
      </Page>
   </Layout>
</alto>
