<?xml version="1.0" encoding="UTF-8"?>
<alto xmlns="http://www.loc.gov/standards/alto/ns-v4#"
      xmlns:xsi="http://www.w3.org/2001/XMLSchema-instance"
      xmlns:tei="http://www.tei-c.org/ns/1.0"
      xsi:schemaLocation="http://www.loc.gov/standards/alto/ns-v4# ../schema/alto.xsd">
   <Description>
      <MeasurementUnit>pixel</MeasurementUnit>
      <sourceImageInformation>
         <fileName>IRHT_P_007208.tif</fileName>
      </sourceImageInformation>
   </Description>
   <Layout>
      <Page ID="zone-page_IRHT_P_007208"
            PHYSICAL_IMG_NR="0"
            WIDTH="1723"
            HEIGHT="1213">
         <PrintSpace HPOS="0" VPOS="0" WIDTH="1723" HEIGHT="1213">
            <TextBlock HPOS="239"
                       VPOS="1"
                       WIDTH="1250"
                       HEIGHT="1185"
                       ID="zone-col_IRHT_P_007208_1">
               <Shape>
                  <Polygon POINTS="239,1 1489,1 1489,1186 239,1186"/>
               </Shape>
               <TextLine ID="zone-line_IRHT_P_007208_1-1"
                         BASELINE=""
                         HPOS="300"
                         VPOS="33"
                         WIDTH="1189"
                         HEIGHT="42">
                  <Shape>
                     <Polygon POINTS="300,33 1489,33 1489,75 300,75"/>
                  </Shape>
                  <String CONTENT="rigritarum getulorumque passim uagantium ne littora qui infe"
                          HPOS="300"
                          VPOS="33"
                          WIDTH="1189"
                          HEIGHT="42"/>
               </TextLine>
               <TextLine ID="zone-line_IRHT_P_007208_1-2"
                         BASELINE=""
                         HPOS="294"
                         VPOS="93"
                         WIDTH="1152"
                         HEIGHT="47">
                  <Shape>
                     <Polygon POINTS="294,93 1446,93 1446,140 294,140"/>
                  </Shape>
                  <String CONTENT="cunda sunt purpura et murice efficacissimis ad tingendum et"
                          HPOS="294"
                          VPOS="93"
                          WIDTH="1152"
                          HEIGHT="47"/>
               </TextLine>
               <TextLine ID="zone-line_IRHT_P_007208_1-3"
                         BASELINE=""
                         HPOS="294"
                         VPOS="150"
                         WIDTH="1148"
                         HEIGHT="50">
                  <Shape>
                     <Polygon POINTS="294,150 1442,150 1442,200 294,200"/>
                  </Shape>
                  <String CONTENT="ubique que intinxere clarissima reliqua est ora mauritanię"
                          HPOS="294"
                          VPOS="150"
                          WIDTH="1148"
                          HEIGHT="50"/>
               </TextLine>
               <TextLine ID="zone-line_IRHT_P_007208_1-4"
                         BASELINE=""
                         HPOS="288"
                         VPOS="212"
                         WIDTH="1145"
                         HEIGHT="48">
                  <Shape>
                     <Polygon POINTS="288,212 1433,212 1433,260 288,260"/>
                  </Shape>
                  <String CONTENT="exterior et in finem sui fastigantis se africę nouissimus"
                          HPOS="288"
                          VPOS="212"
                          WIDTH="1145"
                          HEIGHT="48"/>
               </TextLine>
               <TextLine ID="zone-line_IRHT_P_007208_1-5"
                         BASELINE=""
                         HPOS="281"
                         VPOS="276"
                         WIDTH="1172"
                         HEIGHT="47">
                  <Shape>
                     <Polygon POINTS="281,276 1453,276 1453,323 281,323"/>
                  </Shape>
                  <String CONTENT="angulus iisdem opibus sed minus diues cęterum solo ditior"
                          HPOS="281"
                          VPOS="276"
                          WIDTH="1172"
                          HEIGHT="47"/>
               </TextLine>
               <TextLine ID="zone-line_IRHT_P_007208_1-6"
                         BASELINE=""
                         HPOS="290"
                         VPOS="338"
                         WIDTH="1171"
                         HEIGHT="47">
                  <Shape>
                     <Polygon POINTS="290,338 1461,338 1461,385 290,385"/>
                  </Shape>
                  <String CONTENT="et adeo est fertilis ut frugum genera non cum serantur modo be"
                          HPOS="290"
                          VPOS="338"
                          WIDTH="1171"
                          HEIGHT="47"/>
               </TextLine>
               <TextLine ID="zone-line_IRHT_P_007208_1-7"
                         BASELINE=""
                         HPOS="290"
                         VPOS="394"
                         WIDTH="1134"
                         HEIGHT="52">
                  <Shape>
                     <Polygon POINTS="290,394 1424,394 1424,446 290,446"/>
                  </Shape>
                  <String CONTENT="nignissime procreet sed quedam profundat etiam nota hic an"
                          HPOS="290"
                          VPOS="394"
                          WIDTH="1134"
                          HEIGHT="52"/>
               </TextLine>
               <TextLine ID="zone-line_IRHT_P_007208_1-8"
                         BASELINE=""
                         HPOS="287"
                         VPOS="454"
                         WIDTH="1158"
                         HEIGHT="53">
                  <Shape>
                     <Polygon POINTS="287,454 1445,454 1445,507 287,507"/>
                  </Shape>
                  <String CONTENT="theus regnasse dicitur et signum quod fabulę prorsus osten"
                          HPOS="287"
                          VPOS="454"
                          WIDTH="1158"
                          HEIGHT="53"/>
               </TextLine>
               <TextLine ID="zone-line_IRHT_P_007208_1-9"
                         BASELINE=""
                         HPOS="278"
                         VPOS="510"
                         WIDTH="1163"
                         HEIGHT="61">
                  <Shape>
                     <Polygon POINTS="278,510 1441,510 1441,571 278,571"/>
                  </Shape>
                  <String CONTENT="ditur clarum collis modicus resupini hominis imagine iacentis"
                          HPOS="278"
                          VPOS="510"
                          WIDTH="1163"
                          HEIGHT="61"/>
               </TextLine>
               <TextLine ID="zone-line_IRHT_P_007208_1-10"
                         BASELINE=""
                         HPOS="288"
                         VPOS="567"
                         WIDTH="1139"
                         HEIGHT="61">
                  <Shape>
                     <Polygon POINTS="288,567 1427,567 1427,628 288,628"/>
                  </Shape>
                  <String CONTENT="illius ut incolę ferunt tumulus unde ubi aliqua pars erupta"
                          HPOS="288"
                          VPOS="567"
                          WIDTH="1139"
                          HEIGHT="61"/>
               </TextLine>
               <TextLine ID="zone-line_IRHT_P_007208_1-11"
                         BASELINE=""
                         HPOS="280"
                         VPOS="630"
                         WIDTH="1157"
                         HEIGHT="61">
                  <Shape>
                     <Polygon POINTS="280,630 1437,630 1437,691 280,691"/>
                  </Shape>
                  <String CONTENT="est solent imbres spargi et donec effossa repleantur eueniunt"
                          HPOS="280"
                          VPOS="630"
                          WIDTH="1157"
                          HEIGHT="61"/>
               </TextLine>
               <TextLine ID="zone-line_IRHT_P_007208_1-12"
                         BASELINE=""
                         HPOS="279"
                         VPOS="701"
                         WIDTH="1169"
                         HEIGHT="48">
                  <Shape>
                     <Polygon POINTS="279,701 1448,701 1448,749 279,749"/>
                  </Shape>
                  <String CONTENT="hominum pars siluas frequentant minus quam quos modo diximus ua"
                          HPOS="279"
                          VPOS="701"
                          WIDTH="1169"
                          HEIGHT="48"/>
               </TextLine>
               <TextLine ID="zone-line_IRHT_P_007208_1-13"
                         BASELINE=""
                         HPOS="277"
                         VPOS="767"
                         WIDTH="1148"
                         HEIGHT="44">
                  <Shape>
                     <Polygon POINTS="277,767 1425,767 1425,811 277,811"/>
                  </Shape>
                  <String CONTENT="gi pars in urbibus agunt quarum ut inter paruas opulentissimę habentur"
                          HPOS="277"
                          VPOS="767"
                          WIDTH="1148"
                          HEIGHT="44"/>
               </TextLine>
               <TextLine ID="zone-line_IRHT_P_007208_1-14"
                         BASELINE=""
                         HPOS="283"
                         VPOS="824"
                         WIDTH="1158"
                         HEIGHT="43">
                  <Shape>
                     <Polygon POINTS="283,824 1441,824 1441,867 283,867"/>
                  </Shape>
                  <String CONTENT="procul a mari gilodano dulbritania propius autem sola"
                          HPOS="283"
                          VPOS="824"
                          WIDTH="1158"
                          HEIGHT="43"/>
               </TextLine>
               <TextLine ID="zone-line_IRHT_P_007208_1-15"
                         BASELINE=""
                         HPOS="278"
                         VPOS="881"
                         WIDTH="1136"
                         HEIGHT="51">
                  <Shape>
                     <Polygon POINTS="278,881 1414,881 1414,932 278,932"/>
                  </Shape>
                  <String CONTENT="et lixio flumini limo proxima ultra est colonia et"
                          HPOS="278"
                          VPOS="881"
                          WIDTH="1136"
                          HEIGHT="51"/>
               </TextLine>
               <TextLine ID="zone-line_IRHT_P_007208_1-16"
                         BASELINE=""
                         HPOS="273"
                         VPOS="939"
                         WIDTH="1146"
                         HEIGHT="52">
                  <Shape>
                     <Polygon POINTS="273,939 1419,939 1419,991 273,991"/>
                  </Shape>
                  <String CONTENT="fluuius gna et unde initium fecimus ampelusia in"
                          HPOS="273"
                          VPOS="939"
                          WIDTH="1146"
                          HEIGHT="52"/>
               </TextLine>
               <TextLine ID="zone-line_IRHT_P_007208_1-17"
                         BASELINE=""
                         HPOS="271"
                         VPOS="998"
                         WIDTH="1162"
                         HEIGHT="55">
                  <Shape>
                     <Polygon POINTS="271,998 1433,998 1433,1053 271,1053"/>
                  </Shape>
                  <String CONTENT="nostrum iam fretum uergens promontorium operis huius atque"
                          HPOS="271"
                          VPOS="998"
                          WIDTH="1162"
                          HEIGHT="55"/>
               </TextLine>
               <TextLine ID="zone-line_IRHT_P_007208_1-18"
                         BASELINE=""
                         HPOS="264"
                         VPOS="1060"
                         WIDTH="859"
                         HEIGHT="61">
                  <Shape>
                     <Polygon POINTS="264,1060 1123,1060 1123,1121 264,1121"/>
                  </Shape>
                  <String CONTENT="atlantici littoris terminus τέλος"
                          HPOS="264"
                          VPOS="1060"
                          WIDTH="859"
                          HEIGHT="61"/>
               </TextLine>
               <TextLine ID="zone-line_IRHT_P_007208_1-19"
                         BASELINE=""
                         HPOS="463"
                         VPOS="1139"
                         WIDTH="540"
                         HEIGHT="41">
                  <Shape>
                     <Polygon POINTS="463,1139 1003,1139 1003,1180 463,1180"/>
                  </Shape>
                  <String CONTENT="xxiiii aprilis 1450"
                          HPOS="463"
                          VPOS="1139"
                          WIDTH="540"
                          HEIGHT="41"/>
               </TextLine>
            </TextBlock>
            <TextBlock HPOS="1490"
                       VPOS="408"
                       WIDTH="230"
                       HEIGHT="647"
                       ID="zone-col_IRHT_P_007208_2">
               <Shape>
                  <Polygon POINTS="1490,408 1720,408 1720,1055 1490,1055"/>
               </Shape>
               <TextLine ID="zone-line_IRHT_P_007208_2-1"
                         BASELINE=""
                         HPOS="1536"
                         VPOS="408"
                         WIDTH="184"
                         HEIGHT="68">
                  <Shape>
                     <Polygon POINTS="1536,408 1720,408 1720,476 1536,476"/>
                  </Shape>
                  <String CONTENT="antheus"
                          HPOS="1536"
                          VPOS="408"
                          WIDTH="184"
                          HEIGHT="68"/>
               </TextLine>
               <TextLine ID="zone-line_IRHT_P_007208_2-2"
                         BASELINE=""
                         HPOS="1513"
                         VPOS="571"
                         WIDTH="206"
                         HEIGHT="33">
                  <Shape>
                     <Polygon POINTS="1513,571 1719,571 1719,604 1513,604"/>
                  </Shape>
                  <String CONTENT="anthei tu"
                          HPOS="1513"
                          VPOS="571"
                          WIDTH="206"
                          HEIGHT="33"/>
               </TextLine>
               <TextLine ID="zone-line_IRHT_P_007208_2-3"
                         BASELINE=""
                         HPOS="1566"
                         VPOS="611"
                         WIDTH="66"
                         HEIGHT="32">
                  <Shape>
                     <Polygon POINTS="1566,611 1632,611 1632,643 1566,643"/>
                  </Shape>
                  <String CONTENT="lus" HPOS="1566" VPOS="611" WIDTH="66" HEIGHT="32"/>
               </TextLine>
               <TextLine ID="zone-line_IRHT_P_007208_2-4"
                         BASELINE=""
                         HPOS="1505"
                         VPOS="931"
                         WIDTH="185"
                         HEIGHT="57">
                  <Shape>
                     <Polygon POINTS="1505,931 1690,931 1690,988 1505,988"/>
                  </Shape>
                  <String CONTENT="gna fl"
                          HPOS="1505"
                          VPOS="931"
                          WIDTH="185"
                          HEIGHT="57"/>
               </TextLine>
               <TextLine ID="zone-line_IRHT_P_007208_2-5"
                         BASELINE=""
                         HPOS="1490"
                         VPOS="998"
                         WIDTH="213"
                         HEIGHT="57">
                  <Shape>
                     <Polygon POINTS="1490,998 1703,998 1703,1055 1490,1055"/>
                  </Shape>
                  <String CONTENT="ampelusia"
                          HPOS="1490"
                          VPOS="998"
                          WIDTH="213"
                          HEIGHT="57"/>
               </TextLine>
            </TextBlock>
         </PrintSpace>
      </Page>
   </Layout>
</alto>
