<?xml version="1.0" encoding="UTF-8"?>
<alto xmlns="http://www.loc.gov/standards/alto/ns-v4#"
      xmlns:xsi="http://www.w3.org/2001/XMLSchema-instance"
      xmlns:tei="http://www.tei-c.org/ns/1.0"
      xsi:schemaLocation="http://www.loc.gov/standards/alto/ns-v4# ../schema/alto.xsd">
   <Description>
      <MeasurementUnit>pixel</MeasurementUnit>
      <sourceImageInformation>
         <fileName>IRHT_P_006920.tif</fileName>
      </sourceImageInformation>
   </Description>
   <Layout>
      <Page ID="zone-page_IRHT_P_006920"
            PHYSICAL_IMG_NR="0"
            WIDTH="1207"
            HEIGHT="1736">
         <PrintSpace HPOS="0" VPOS="0" WIDTH="1207" HEIGHT="1736">
            <TextBlock HPOS="145"
                       VPOS="55"
                       WIDTH="1010"
                       HEIGHT="1642"
                       ID="zone-col_IRHT_P_006920_1">
               <Shape>
                  <Polygon POINTS="145,55 1155,55 1155,1697 145,1697"/>
               </Shape>
               <TextLine ID="zone-line_IRHT_P_006920_1-1"
                         BASELINE=""
                         HPOS="175"
                         VPOS="55"
                         WIDTH="938"
                         HEIGHT="71">
                  <Shape>
                     <Polygon POINTS="175,55 1113,55 1113,126 175,126"/>
                  </Shape>
                  <String CONTENT="ciscentis domini iniutam necem interfectus et huic maior"
                          HPOS="175"
                          VPOS="55"
                          WIDTH="938"
                          HEIGHT="71"/>
               </TextLine>
               <TextLine ID="zone-line_IRHT_P_006920_1-2"
                         BASELINE=""
                         HPOS="180"
                         VPOS="105"
                         WIDTH="945"
                         HEIGHT="75">
                  <Shape>
                     <Polygon POINTS="180,105 1125,105 1125,180 180,180"/>
                  </Shape>
                  <String CONTENT="utroque hanibal imperator amilcaris filius succedit siquidem"
                          HPOS="180"
                          VPOS="105"
                          WIDTH="945"
                          HEIGHT="75"/>
               </TextLine>
               <TextLine ID="zone-line_IRHT_P_006920_1-3"
                         BASELINE=""
                         HPOS="184"
                         VPOS="158"
                         WIDTH="931"
                         HEIGHT="78">
                  <Shape>
                     <Polygon POINTS="184,158 1115,158 1115,236 184,236"/>
                  </Shape>
                  <String CONTENT="res gestas utriusque supergressus uniuersam hyspaniam domuit"
                          HPOS="184"
                          VPOS="158"
                          WIDTH="931"
                          HEIGHT="78"/>
               </TextLine>
               <TextLine ID="zone-line_IRHT_P_006920_1-4"
                         BASELINE=""
                         HPOS="164"
                         VPOS="215"
                         WIDTH="967"
                         HEIGHT="72">
                  <Shape>
                     <Polygon POINTS="164,215 1131,215 1131,287 164,287"/>
                  </Shape>
                  <String CONTENT="inde romanis illato bello ytaliam per annos sexdecim uariis cla"
                          HPOS="164"
                          VPOS="215"
                          WIDTH="967"
                          HEIGHT="72"/>
               </TextLine>
               <TextLine ID="zone-line_IRHT_P_006920_1-5"
                         BASELINE=""
                         HPOS="174"
                         VPOS="273"
                         WIDTH="938"
                         HEIGHT="65">
                  <Shape>
                     <Polygon POINTS="174,273 1112,273 1112,338 174,338"/>
                  </Shape>
                  <String CONTENT="dibus fatigauit cum interea romani missis in hyspania"
                          HPOS="174"
                          VPOS="273"
                          WIDTH="938"
                          HEIGHT="65"/>
               </TextLine>
               <TextLine ID="zone-line_IRHT_P_006920_1-6"
                         BASELINE=""
                         HPOS="170"
                         VPOS="335"
                         WIDTH="963"
                         HEIGHT="59">
                  <Shape>
                     <Polygon POINTS="170,335 1133,335 1133,394 170,394"/>
                  </Shape>
                  <String CONTENT="scipionibus primo poenos prouincia expulerunt postea cum"
                          HPOS="170"
                          VPOS="335"
                          WIDTH="963"
                          HEIGHT="59"/>
               </TextLine>
               <TextLine ID="zone-line_IRHT_P_006920_1-7"
                         BASELINE=""
                         HPOS="180"
                         VPOS="389"
                         WIDTH="949"
                         HEIGHT="59">
                  <Shape>
                     <Polygon POINTS="180,389 1129,389 1129,448 180,448"/>
                  </Shape>
                  <String CONTENT="ipsis hyspanis grauia bella gesserunt nec prius perdomite"
                          HPOS="180"
                          VPOS="389"
                          WIDTH="949"
                          HEIGHT="59"/>
               </TextLine>
               <TextLine ID="zone-line_IRHT_P_006920_1-8"
                         BASELINE=""
                         HPOS="178"
                         VPOS="450"
                         WIDTH="936"
                         HEIGHT="53">
                  <Shape>
                     <Polygon POINTS="178,450 1114,450 1114,503 178,503"/>
                  </Shape>
                  <String CONTENT="prouincie iugumque hyspani accipere potuerunt quam cesar"
                          HPOS="178"
                          VPOS="450"
                          WIDTH="936"
                          HEIGHT="53"/>
               </TextLine>
               <TextLine ID="zone-line_IRHT_P_006920_1-9"
                         BASELINE=""
                         HPOS="182"
                         VPOS="501"
                         WIDTH="959"
                         HEIGHT="55">
                  <Shape>
                     <Polygon POINTS="182,501 1141,501 1141,556 182,556"/>
                  </Shape>
                  <String CONTENT="augustus perdomito orbe uictricia ad eos arma transtulit"
                          HPOS="182"
                          VPOS="501"
                          WIDTH="959"
                          HEIGHT="55"/>
               </TextLine>
               <TextLine ID="zone-line_IRHT_P_006920_1-10"
                         BASELINE=""
                         HPOS="179"
                         VPOS="559"
                         WIDTH="951"
                         HEIGHT="56">
                  <Shape>
                     <Polygon POINTS="179,559 1130,559 1130,615 179,615"/>
                  </Shape>
                  <String CONTENT="populumque ferum ac barbarum legibus ad cultiorem uite"
                          HPOS="179"
                          VPOS="559"
                          WIDTH="951"
                          HEIGHT="56"/>
               </TextLine>
               <TextLine ID="zone-line_IRHT_P_006920_1-11"
                         BASELINE=""
                         HPOS="176"
                         VPOS="610"
                         WIDTH="778"
                         HEIGHT="57">
                  <Shape>
                     <Polygon POINTS="176,610 954,610 954,667 176,667"/>
                  </Shape>
                  <String CONTENT="usum traductum in formam prouincie redegit"
                          HPOS="176"
                          VPOS="610"
                          WIDTH="778"
                          HEIGHT="57"/>
               </TextLine>
               <TextLine ID="zone-line_IRHT_P_006920_1-12"
                         BASELINE=""
                         HPOS="316"
                         VPOS="766"
                         WIDTH="682"
                         HEIGHT="79">
                  <Shape>
                     <Polygon POINTS="316,766 998,766 998,845 316,845"/>
                  </Shape>
                  <String CONTENT="deo gratias"
                          HPOS="316"
                          VPOS="766"
                          WIDTH="682"
                          HEIGHT="79"/>
               </TextLine>
               <TextLine ID="zone-line_IRHT_P_006920_1-13"
                         BASELINE=""
                         HPOS="156"
                         VPOS="988"
                         WIDTH="959"
                         HEIGHT="73">
                  <Shape>
                     <Polygon POINTS="156,988 1115,988 1115,1061 156,1061"/>
                  </Shape>
                  <String CONTENT="hispani iustini"
                          HPOS="156"
                          VPOS="988"
                          WIDTH="959"
                          HEIGHT="73"/>
               </TextLine>
               <TextLine ID="zone-line_IRHT_P_006920_1-14"
                         BASELINE=""
                         HPOS="159"
                         VPOS="1093"
                         WIDTH="935"
                         HEIGHT="72">
                  <Shape>
                     <Polygon POINTS="159,1093 1094,1093 1094,1165 159,1165"/>
                  </Shape>
                  <String CONTENT="xxxxiiiior uolumi"
                          HPOS="159"
                          VPOS="1093"
                          WIDTH="935"
                          HEIGHT="72"/>
               </TextLine>
               <TextLine ID="zone-line_IRHT_P_006920_1-15"
                         BASELINE=""
                         HPOS="156"
                         VPOS="1196"
                         WIDTH="938"
                         HEIGHT="89">
                  <Shape>
                     <Polygon POINTS="156,1196 1094,1196 1094,1285 156,1285"/>
                  </Shape>
                  <String CONTENT="num trogi pompei"
                          HPOS="156"
                          VPOS="1196"
                          WIDTH="938"
                          HEIGHT="89"/>
               </TextLine>
               <TextLine ID="zone-line_IRHT_P_006920_1-16"
                         BASELINE=""
                         HPOS="154"
                         VPOS="1313"
                         WIDTH="996"
                         HEIGHT="78">
                  <Shape>
                     <Polygon POINTS="154,1313 1150,1313 1150,1391 154,1391"/>
                  </Shape>
                  <String CONTENT="abreviatoris liber"
                          HPOS="154"
                          VPOS="1313"
                          WIDTH="996"
                          HEIGHT="78"/>
               </TextLine>
               <TextLine ID="zone-line_IRHT_P_006920_1-17"
                         BASELINE=""
                         HPOS="164"
                         VPOS="1420"
                         WIDTH="470"
                         HEIGHT="63">
                  <Shape>
                     <Polygon POINTS="164,1420 634,1420 634,1483 164,1483"/>
                  </Shape>
                  <String CONTENT="explicit"
                          HPOS="164"
                          VPOS="1420"
                          WIDTH="470"
                          HEIGHT="63"/>
               </TextLine>
               <TextLine ID="zone-line_IRHT_P_006920_1-18"
                         BASELINE=""
                         HPOS="170"
                         VPOS="1525"
                         WIDTH="985"
                         HEIGHT="78">
                  <Shape>
                     <Polygon POINTS="170,1525 1155,1525 1155,1603 170,1603"/>
                  </Shape>
                  <String CONTENT="scriptum per me dominicum macthei de reate manu propria"
                          HPOS="170"
                          VPOS="1525"
                          WIDTH="985"
                          HEIGHT="78"/>
               </TextLine>
               <TextLine ID="zone-line_IRHT_P_006920_1-19"
                         BASELINE=""
                         HPOS="145"
                         VPOS="1631"
                         WIDTH="791"
                         HEIGHT="66">
                  <Shape>
                     <Polygon POINTS="145,1631 936,1631 936,1697 145,1697"/>
                  </Shape>
                  <String CONTENT="reate mccccliii iiii kalendas maii"
                          HPOS="145"
                          VPOS="1631"
                          WIDTH="791"
                          HEIGHT="66"/>
               </TextLine>
            </TextBlock>
         </PrintSpace>
      </Page>
   </Layout>
</alto>
