<?xml version="1.0" encoding="UTF-8"?>
<alto xmlns="http://www.loc.gov/standards/alto/ns-v4#"
      xmlns:xsi="http://www.w3.org/2001/XMLSchema-instance"
      xmlns:tei="http://www.tei-c.org/ns/1.0"
      xsi:schemaLocation="http://www.loc.gov/standards/alto/ns-v4# ../schema/alto.xsd">
   <Description>
      <MeasurementUnit>pixel</MeasurementUnit>
      <sourceImageInformation>
         <fileName>IRHT_P_001177.tif</fileName>
      </sourceImageInformation>
   </Description>
   <Layout>
      <Page ID="zone-page_IRHT_P_001177"
            PHYSICAL_IMG_NR="0"
            WIDTH="1340"
            HEIGHT="1813">
         <PrintSpace HPOS="0" VPOS="0" WIDTH="1340" HEIGHT="1813">
            <TextBlock HPOS="240"
                       VPOS="5"
                       WIDTH="1019"
                       HEIGHT="1764"
                       ID="zone-col_IRHT_P_001177_1">
               <Shape>
                  <Polygon POINTS="240,5 1259,5 1259,1769 240,1769"/>
               </Shape>
               <TextLine ID="zone-line_IRHT_P_001177_1-1"
                         BASELINE=""
                         HPOS="248"
                         VPOS="104"
                         WIDTH="940"
                         HEIGHT="137">
                  <Shape>
                     <Polygon POINTS="248,104 1188,104 1188,241 248,241"/>
                  </Shape>
                  <String CONTENT="explicit dies quartus"
                          HPOS="248"
                          VPOS="104"
                          WIDTH="940"
                          HEIGHT="137"/>
               </TextLine>
               <TextLine ID="zone-line_IRHT_P_001177_1-2"
                         BASELINE=""
                         HPOS="737"
                         VPOS="337"
                         WIDTH="457"
                         HEIGHT="81">
                  <Shape>
                     <Polygon POINTS="737,337 1194,337 1194,418 737,418"/>
                  </Shape>
                  <String CONTENT="incipit liber quintus"
                          HPOS="737"
                          VPOS="337"
                          WIDTH="457"
                          HEIGHT="81"/>
               </TextLine>
               <TextLine ID="zone-line_IRHT_P_001177_1-3"
                         BASELINE=""
                         HPOS="832"
                         VPOS="490"
                         WIDTH="369"
                         HEIGHT="79">
                  <Shape>
                     <Polygon POINTS="832,490 1201,490 1201,569 832,569"/>
                  </Shape>
                  <String CONTENT="qvi vinde"
                          HPOS="832"
                          VPOS="490"
                          WIDTH="369"
                          HEIGHT="79"/>
               </TextLine>
               <TextLine ID="zone-line_IRHT_P_001177_1-4"
                         BASELINE=""
                         HPOS="691"
                         VPOS="651"
                         WIDTH="499"
                         HEIGHT="79">
                  <Shape>
                     <Polygon POINTS="691,651 1190,651 1190,730 691,730"/>
                  </Shape>
                  <String CONTENT="miam col"
                          HPOS="691"
                          VPOS="651"
                          WIDTH="499"
                          HEIGHT="79"/>
               </TextLine>
               <TextLine ID="zone-line_IRHT_P_001177_1-5"
                         BASELINE=""
                         HPOS="274"
                         VPOS="735"
                         WIDTH="901"
                         HEIGHT="70">
                  <Shape>
                     <Polygon POINTS="274,735 1175,735 1175,805 274,805"/>
                  </Shape>
                  <String CONTENT="ligit uasa prius quibus uinum"
                          HPOS="274"
                          VPOS="735"
                          WIDTH="901"
                          HEIGHT="70"/>
               </TextLine>
               <TextLine ID="zone-line_IRHT_P_001177_1-6"
                         BASELINE=""
                         HPOS="273"
                         VPOS="813"
                         WIDTH="932"
                         HEIGHT="71">
                  <Shape>
                     <Polygon POINTS="273,813 1205,813 1205,884 273,884"/>
                  </Shape>
                  <String CONTENT="infunditur mundare consueuit ne sor"
                          HPOS="273"
                          VPOS="813"
                          WIDTH="932"
                          HEIGHT="71"/>
               </TextLine>
               <TextLine ID="zone-line_IRHT_P_001177_1-7"
                         BASELINE=""
                         HPOS="279"
                         VPOS="898"
                         WIDTH="926"
                         HEIGHT="70">
                  <Shape>
                     <Polygon POINTS="279,898 1205,898 1205,968 279,968"/>
                  </Shape>
                  <String CONTENT="des aliqua uini gratiam decoloret quid enim"
                          HPOS="279"
                          VPOS="898"
                          WIDTH="926"
                          HEIGHT="70"/>
               </TextLine>
               <TextLine ID="zone-line_IRHT_P_001177_1-8"
                         BASELINE=""
                         HPOS="268"
                         VPOS="978"
                         WIDTH="908"
                         HEIGHT="67">
                  <Shape>
                     <Polygon POINTS="268,978 1176,978 1176,1045 268,1045"/>
                  </Shape>
                  <String CONTENT="prodest ponerę uitęm ordine fodere quot"
                          HPOS="268"
                          VPOS="978"
                          WIDTH="908"
                          HEIGHT="67"/>
               </TextLine>
               <TextLine ID="zone-line_IRHT_P_001177_1-9"
                         BASELINE=""
                         HPOS="272"
                         VPOS="1060"
                         WIDTH="915"
                         HEIGHT="67">
                  <Shape>
                     <Polygon POINTS="272,1060 1187,1060 1187,1127 272,1127"/>
                  </Shape>
                  <String CONTENT="annis aut aratris sulcos ducere putare"
                          HPOS="272"
                          VPOS="1060"
                          WIDTH="915"
                          HEIGHT="67"/>
               </TextLine>
               <TextLine ID="zone-line_IRHT_P_001177_1-10"
                         BASELINE=""
                         HPOS="267"
                         VPOS="1145"
                         WIDTH="920"
                         HEIGHT="63">
                  <Shape>
                     <Polygon POINTS="267,1145 1187,1145 1187,1208 267,1208"/>
                  </Shape>
                  <String CONTENT="subrigere adiungere ulmis et quodam"
                          HPOS="267"
                          VPOS="1145"
                          WIDTH="920"
                          HEIGHT="63"/>
               </TextLine>
               <TextLine ID="zone-line_IRHT_P_001177_1-11"
                         BASELINE=""
                         HPOS="269"
                         VPOS="1220"
                         WIDTH="907"
                         HEIGHT="65">
                  <Shape>
                     <Polygon POINTS="269,1220 1176,1220 1176,1285 269,1285"/>
                  </Shape>
                  <String CONTENT="conubio copulare si tanto labore uina"
                          HPOS="269"
                          VPOS="1220"
                          WIDTH="907"
                          HEIGHT="65"/>
               </TextLine>
               <TextLine ID="zone-line_IRHT_P_001177_1-12"
                         BASELINE=""
                         HPOS="271"
                         VPOS="1302"
                         WIDTH="902"
                         HEIGHT="64">
                  <Shape>
                     <Polygon POINTS="271,1302 1173,1302 1173,1366 271,1366"/>
                  </Shape>
                  <String CONTENT="quesita in uase coacescant matutinos"
                          HPOS="271"
                          VPOS="1302"
                          WIDTH="902"
                          HEIGHT="64"/>
               </TextLine>
               <TextLine ID="zone-line_IRHT_P_001177_1-13"
                         BASELINE=""
                         HPOS="276"
                         VPOS="1376"
                         WIDTH="926"
                         HEIGHT="66">
                  <Shape>
                     <Polygon POINTS="276,1376 1202,1376 1202,1442 276,1442"/>
                  </Shape>
                  <String CONTENT="quoque solis ortus si quis spectare desiderat"
                          HPOS="276"
                          VPOS="1376"
                          WIDTH="926"
                          HEIGHT="66"/>
               </TextLine>
               <TextLine ID="zone-line_IRHT_P_001177_1-14"
                         BASELINE=""
                         HPOS="275"
                         VPOS="1452"
                         WIDTH="890"
                         HEIGHT="65">
                  <Shape>
                     <Polygon POINTS="275,1452 1165,1452 1165,1517 275,1517"/>
                  </Shape>
                  <String CONTENT="emundat oculos suos nequid pulueris"
                          HPOS="275"
                          VPOS="1452"
                          WIDTH="890"
                          HEIGHT="65"/>
               </TextLine>
               <TextLine ID="zone-line_IRHT_P_001177_1-15"
                         BASELINE=""
                         HPOS="268"
                         VPOS="1533"
                         WIDTH="927"
                         HEIGHT="68">
                  <Shape>
                     <Polygon POINTS="268,1533 1195,1533 1195,1601 268,1601"/>
                  </Shape>
                  <String CONTENT="nequid purgamentorum oculis eius insideat quo tu"
                          HPOS="268"
                          VPOS="1533"
                          WIDTH="927"
                          HEIGHT="68"/>
               </TextLine>
               <TextLine ID="zone-line_IRHT_P_001177_1-16"
                         BASELINE=""
                         HPOS="264"
                         VPOS="1614"
                         WIDTH="923"
                         HEIGHT="67">
                  <Shape>
                     <Polygon POINTS="264,1614 1187,1614 1187,1681 264,1681"/>
                  </Shape>
                  <String CONTENT="endis hebetetur optutus neue aliqua caligo"
                          HPOS="264"
                          VPOS="1614"
                          WIDTH="923"
                          HEIGHT="67"/>
               </TextLine>
               <TextLine ID="zone-line_IRHT_P_001177_1-17"
                         BASELINE=""
                         HPOS="257"
                         VPOS="1696"
                         WIDTH="898"
                         HEIGHT="73">
                  <Shape>
                     <Polygon POINTS="257,1696 1155,1696 1155,1769 257,1769"/>
                  </Shape>
                  <String CONTENT="nebulosa corporeos uisus spectantis ob"
                          HPOS="257"
                          VPOS="1696"
                          WIDTH="898"
                          HEIGHT="73"/>
               </TextLine>
            </TextBlock>
         </PrintSpace>
      </Page>
   </Layout>
</alto>
