<?xml version="1.0" encoding="UTF-8"?>
<alto xmlns="http://www.loc.gov/standards/alto/ns-v4#"
      xmlns:xsi="http://www.w3.org/2001/XMLSchema-instance"
      xmlns:tei="http://www.tei-c.org/ns/1.0"
      xsi:schemaLocation="http://www.loc.gov/standards/alto/ns-v4# ../schema/alto.xsd">
   <Description>
      <MeasurementUnit>pixel</MeasurementUnit>
      <sourceImageInformation>
         <fileName>IRHT_P_007033.tif</fileName>
      </sourceImageInformation>
   </Description>
   <Layout>
      <Page ID="zone-page_IRHT_P_007033"
            PHYSICAL_IMG_NR="0"
            WIDTH="1755"
            HEIGHT="1212">
         <PrintSpace HPOS="0" VPOS="0" WIDTH="1755" HEIGHT="1212">
            <TextBlock HPOS="17"
                       VPOS="0"
                       WIDTH="1666"
                       HEIGHT="1193"
                       ID="zone-col_IRHT_P_007033_1">
               <Shape>
                  <Polygon POINTS="17,0 1683,0 1683,1193 17,1193"/>
               </Shape>
               <TextLine ID="zone-line_IRHT_P_007033_1-1"
                         BASELINE=""
                         HPOS="205"
                         VPOS="59"
                         WIDTH="1433"
                         HEIGHT="62">
                  <Shape>
                     <Polygon POINTS="205,59 1638,59 1638,121 205,121"/>
                  </Shape>
                  <String CONTENT="illum sed se asidione procreatum verum postquam a sillana uiolencia cesa"
                          HPOS="205"
                          VPOS="59"
                          WIDTH="1433"
                          HEIGHT="62"/>
               </TextLine>
               <TextLine ID="zone-line_IRHT_P_007033_1-2"
                         BASELINE=""
                         HPOS="201"
                         VPOS="142"
                         WIDTH="1418"
                         HEIGHT="66">
                  <Shape>
                     <Polygon POINTS="201,142 1619,142 1619,208 201,208"/>
                  </Shape>
                  <String CONTENT="riana equitas reduxit gubernacula romani imperii iustiore principe"
                          HPOS="201"
                          VPOS="142"
                          WIDTH="1418"
                          HEIGHT="66"/>
               </TextLine>
               <TextLine ID="zone-line_IRHT_P_007033_1-3"
                         BASELINE=""
                         HPOS="208"
                         VPOS="212"
                         WIDTH="1412"
                         HEIGHT="79">
                  <Shape>
                     <Polygon POINTS="208,212 1620,212 1620,291 208,291"/>
                  </Shape>
                  <String CONTENT="optinente in publica custodia spiritum posuit eodem preside rei publice"
                          HPOS="208"
                          VPOS="212"
                          WIDTH="1412"
                          HEIGHT="79"/>
               </TextLine>
               <TextLine ID="zone-line_IRHT_P_007033_1-4"
                         BASELINE=""
                         HPOS="197"
                         VPOS="312"
                         WIDTH="1448"
                         HEIGHT="65">
                  <Shape>
                     <Polygon POINTS="197,312 1645,312 1645,377 197,377"/>
                  </Shape>
                  <String CONTENT="in consimili mendacio muliebris temeritas repressa est siquidem cum se"
                          HPOS="197"
                          VPOS="312"
                          WIDTH="1448"
                          HEIGHT="65"/>
               </TextLine>
               <TextLine ID="zone-line_IRHT_P_007033_1-5"
                         BASELINE=""
                         HPOS="192"
                         VPOS="396"
                         WIDTH="1449"
                         HEIGHT="57">
                  <Shape>
                     <Polygon POINTS="192,396 1641,396 1641,453 192,453"/>
                  </Shape>
                  <String CONTENT="pro rubria quedam perinde ac falso credita esset incendio perpeti nichil ad se"
                          HPOS="192"
                          VPOS="396"
                          WIDTH="1449"
                          HEIGHT="57"/>
               </TextLine>
               <TextLine ID="zone-line_IRHT_P_007033_1-6"
                         BASELINE=""
                         HPOS="198"
                         VPOS="476"
                         WIDTH="1481"
                         HEIGHT="59">
                  <Shape>
                     <Polygon POINTS="198,476 1679,476 1679,535 198,535"/>
                  </Shape>
                  <String CONTENT="pertinentibus bonis insereret neque ei aut splendidi testes aut cohortis augusti"
                          HPOS="198"
                          VPOS="476"
                          WIDTH="1481"
                          HEIGHT="59"/>
               </TextLine>
               <TextLine ID="zone-line_IRHT_P_007033_1-7"
                         BASELINE=""
                         HPOS="200"
                         VPOS="555"
                         WIDTH="1483"
                         HEIGHT="63">
                  <Shape>
                     <Polygon POINTS="200,555 1683,555 1683,618 200,618"/>
                  </Shape>
                  <String CONTENT="fauor deesset propter inexpungnabilem cesaris constanciam irrita propositi"
                          HPOS="200"
                          VPOS="555"
                          WIDTH="1483"
                          HEIGHT="63"/>
               </TextLine>
               <TextLine ID="zone-line_IRHT_P_007033_1-8"
                         BASELINE=""
                         HPOS="201"
                         VPOS="638"
                         WIDTH="1459"
                         HEIGHT="62">
                  <Shape>
                     <Polygon POINTS="201,638 1660,638 1660,700 201,700"/>
                  </Shape>
                  <String CONTENT="nefarii abiit idem barbarum quendam propter eximiam similitudi"
                          HPOS="201"
                          VPOS="638"
                          WIDTH="1459"
                          HEIGHT="62"/>
               </TextLine>
               <TextLine ID="zone-line_IRHT_P_007033_1-9"
                         BASELINE=""
                         HPOS="201"
                         VPOS="737"
                         WIDTH="1435"
                         HEIGHT="39">
                  <Shape>
                     <Polygon POINTS="201,737 1636,737 1636,776 201,776"/>
                  </Shape>
                  <String CONTENT="nem capadocie regnum affectantem tamquam ariathes esset quem a m"
                          HPOS="201"
                          VPOS="737"
                          WIDTH="1435"
                          HEIGHT="39"/>
               </TextLine>
               <TextLine ID="zone-line_IRHT_P_007033_1-10"
                         BASELINE=""
                         HPOS="181"
                         VPOS="806"
                         WIDTH="1460"
                         HEIGHT="56">
                  <Shape>
                     <Polygon POINTS="181,806 1641,806 1641,862 181,862"/>
                  </Shape>
                  <String CONTENT="antonio interemptum luce clarius erat quamquam pene tocius orientis ciuita"
                          HPOS="181"
                          VPOS="806"
                          WIDTH="1460"
                          HEIGHT="56"/>
               </TextLine>
               <TextLine ID="zone-line_IRHT_P_007033_1-11"
                         BASELINE=""
                         HPOS="193"
                         VPOS="887"
                         WIDTH="1437"
                         HEIGHT="58">
                  <Shape>
                     <Polygon POINTS="193,887 1630,887 1630,945 193,945"/>
                  </Shape>
                  <String CONTENT="tium et gentium credula suffragacione fultum caput dementer imperio in"
                          HPOS="193"
                          VPOS="887"
                          WIDTH="1437"
                          HEIGHT="58"/>
               </TextLine>
               <TextLine ID="zone-line_IRHT_P_007033_1-12"
                         BASELINE=""
                         HPOS="191"
                         VPOS="973"
                         WIDTH="792"
                         HEIGHT="56">
                  <Shape>
                     <Polygon POINTS="191,973 983,973 983,1029 191,1029"/>
                  </Shape>
                  <String CONTENT="minens iusto impendi supplicio coegit"
                          HPOS="191"
                          VPOS="973"
                          WIDTH="792"
                          HEIGHT="56"/>
               </TextLine>
               <TextLine ID="zone-line_IRHT_P_007033_1-13"
                         BASELINE=""
                         HPOS="203"
                         VPOS="1063"
                         WIDTH="1440"
                         HEIGHT="43">
                  <Shape>
                     <Polygon POINTS="203,1063 1643,1063 1643,1106 203,1106"/>
                  </Shape>
                  <String CONTENT="explicit ualerius maximus anno m ccccmo tercio circa festum assumpti maria"
                          HPOS="203"
                          VPOS="1063"
                          WIDTH="1440"
                          HEIGHT="43"/>
               </TextLine>
               <TextLine ID="zone-line_IRHT_P_007033_1-14"
                         BASELINE=""
                         HPOS="201"
                         VPOS="1135"
                         WIDTH="859"
                         HEIGHT="58">
                  <Shape>
                     <Polygon POINTS="201,1135 1060,1135 1060,1193 201,1193"/>
                  </Shape>
                  <String CONTENT="fili mandata data que sunt congrua laudi"
                          HPOS="201"
                          VPOS="1135"
                          WIDTH="859"
                          HEIGHT="58"/>
               </TextLine>
            </TextBlock>
         </PrintSpace>
      </Page>
   </Layout>
</alto>
