<?xml version="1.0" encoding="UTF-8"?>
<alto xmlns="http://www.loc.gov/standards/alto/ns-v4#"
      xmlns:xsi="http://www.w3.org/2001/XMLSchema-instance"
      xmlns:tei="http://www.tei-c.org/ns/1.0"
      xsi:schemaLocation="http://www.loc.gov/standards/alto/ns-v4# ../schema/alto.xsd">
   <Description>
      <MeasurementUnit>pixel</MeasurementUnit>
      <sourceImageInformation>
         <fileName>IRHT_P_002307.tif</fileName>
      </sourceImageInformation>
   </Description>
   <Layout>
      <Page ID="zone-page_IRHT_P_002307"
            PHYSICAL_IMG_NR="0"
            WIDTH="1413"
            HEIGHT="1836">
         <PrintSpace HPOS="0" VPOS="0" WIDTH="1413" HEIGHT="1836">
            <TextBlock HPOS="290"
                       VPOS="16"
                       WIDTH="1023"
                       HEIGHT="1732"
                       ID="zone-col_IRHT_P_002307_1">
               <Shape>
                  <Polygon POINTS="290,16 1313,16 1313,1748 290,1748"/>
               </Shape>
               <TextLine ID="zone-line_IRHT_P_002307_1-1"
                         BASELINE=""
                         HPOS="330"
                         VPOS="86"
                         WIDTH="897"
                         HEIGHT="55">
                  <Shape>
                     <Polygon POINTS="330,86 1227,86 1227,141 330,141"/>
                  </Shape>
                  <String CONTENT="faciem rubore uestiet aut pallore confundet"
                          HPOS="330"
                          VPOS="86"
                          WIDTH="897"
                          HEIGHT="55"/>
               </TextLine>
               <TextLine ID="zone-line_IRHT_P_002307_1-2"
                         BASELINE=""
                         HPOS="326"
                         VPOS="156"
                         WIDTH="878"
                         HEIGHT="61">
                  <Shape>
                     <Polygon POINTS="326,156 1204,156 1204,217 326,217"/>
                  </Shape>
                  <String CONTENT="cuius labia contrahentur aut salient toxica"
                          HPOS="326"
                          VPOS="156"
                          WIDTH="878"
                          HEIGHT="61"/>
               </TextLine>
               <TextLine ID="zone-line_IRHT_P_002307_1-3"
                         BASELINE=""
                         HPOS="331"
                         VPOS="238"
                         WIDTH="882"
                         HEIGHT="53">
                  <Shape>
                     <Polygon POINTS="331,238 1213,238 1213,291 331,291"/>
                  </Shape>
                  <String CONTENT="bitur lingua genua trement manus proteruiet"
                          HPOS="331"
                          VPOS="238"
                          WIDTH="882"
                          HEIGHT="53"/>
               </TextLine>
               <TextLine ID="zone-line_IRHT_P_002307_1-4"
                         BASELINE=""
                         HPOS="334"
                         VPOS="306"
                         WIDTH="871"
                         HEIGHT="52">
                  <Shape>
                     <Polygon POINTS="334,306 1205,306 1205,358 334,358"/>
                  </Shape>
                  <String CONTENT="se ipsum nugis nostris conuincet obnoxium in"
                          HPOS="334"
                          VPOS="306"
                          WIDTH="871"
                          HEIGHT="52"/>
               </TextLine>
               <TextLine ID="zone-line_IRHT_P_002307_1-5"
                         BASELINE=""
                         HPOS="335"
                         VPOS="373"
                         WIDTH="883"
                         HEIGHT="56">
                  <Shape>
                     <Polygon POINTS="335,373 1218,373 1218,429 335,429"/>
                  </Shape>
                  <String CONTENT="quibus fuit propositi semper a nugis ad bona tran"
                          HPOS="335"
                          VPOS="373"
                          WIDTH="883"
                          HEIGHT="56"/>
               </TextLine>
               <TextLine ID="zone-line_IRHT_P_002307_1-6"
                         BASELINE=""
                         HPOS="330"
                         VPOS="444"
                         WIDTH="906"
                         HEIGHT="56">
                  <Shape>
                     <Polygon POINTS="330,444 1236,444 1236,500 330,500"/>
                  </Shape>
                  <String CONTENT="sire seria et ad id quod decet aut prodest resti"
                          HPOS="330"
                          VPOS="444"
                          WIDTH="906"
                          HEIGHT="56"/>
               </TextLine>
               <TextLine ID="zone-line_IRHT_P_002307_1-7"
                         BASELINE=""
                         HPOS="315"
                         VPOS="517"
                         WIDTH="911"
                         HEIGHT="56">
                  <Shape>
                     <Polygon POINTS="315,517 1226,517 1226,573 315,573"/>
                  </Shape>
                  <String CONTENT="tuere uitam qui autem iustum reprehensioni lo"
                          HPOS="315"
                          VPOS="517"
                          WIDTH="911"
                          HEIGHT="56"/>
               </TextLine>
               <TextLine ID="zone-line_IRHT_P_002307_1-8"
                         BASELINE=""
                         HPOS="329"
                         VPOS="589"
                         WIDTH="929"
                         HEIGHT="49">
                  <Shape>
                     <Polygon POINTS="329,589 1258,589 1258,638 329,638"/>
                  </Shape>
                  <String CONTENT="cum uiderit ea ex caritate licenter utatur et de emen"
                          HPOS="329"
                          VPOS="589"
                          WIDTH="929"
                          HEIGHT="49"/>
               </TextLine>
               <TextLine ID="zone-line_IRHT_P_002307_1-9"
                         BASELINE=""
                         HPOS="335"
                         VPOS="647"
                         WIDTH="877"
                         HEIGHT="56">
                  <Shape>
                     <Polygon POINTS="335,647 1212,647 1212,703 335,703"/>
                  </Shape>
                  <String CONTENT="datione mea acquirat sibi et possideat pre"
                          HPOS="335"
                          VPOS="647"
                          WIDTH="877"
                          HEIGHT="56"/>
               </TextLine>
               <TextLine ID="zone-line_IRHT_P_002307_1-10"
                         BASELINE=""
                         HPOS="333"
                         VPOS="715"
                         WIDTH="898"
                         HEIGHT="54">
                  <Shape>
                     <Polygon POINTS="333,715 1231,715 1231,769 333,769"/>
                  </Shape>
                  <String CONTENT="mium uite scio enim quia in multiloquio"
                          HPOS="333"
                          VPOS="715"
                          WIDTH="898"
                          HEIGHT="54"/>
               </TextLine>
               <TextLine ID="zone-line_IRHT_P_002307_1-11"
                         BASELINE=""
                         HPOS="329"
                         VPOS="778"
                         WIDTH="908"
                         HEIGHT="55">
                  <Shape>
                     <Polygon POINTS="329,778 1237,778 1237,833 329,833"/>
                  </Shape>
                  <String CONTENT="peccatum non deest sed inuito et in caritate dei ex"
                          HPOS="329"
                          VPOS="778"
                          WIDTH="908"
                          HEIGHT="55"/>
               </TextLine>
               <TextLine ID="zone-line_IRHT_P_002307_1-12"
                         BASELINE=""
                         HPOS="335"
                         VPOS="848"
                         WIDTH="884"
                         HEIGHT="58">
                  <Shape>
                     <Polygon POINTS="335,848 1219,848 1219,906 335,906"/>
                  </Shape>
                  <String CONTENT="hortor lectorem quo mei memor in orationibus"
                          HPOS="335"
                          VPOS="848"
                          WIDTH="884"
                          HEIGHT="58"/>
               </TextLine>
               <TextLine ID="zone-line_IRHT_P_002307_1-13"
                         BASELINE=""
                         HPOS="343"
                         VPOS="915"
                         WIDTH="893"
                         HEIGHT="52">
                  <Shape>
                     <Polygon POINTS="343,915 1236,915 1236,967 343,967"/>
                  </Shape>
                  <String CONTENT="suis impetret ut filius dei uiui et uirginis"
                          HPOS="343"
                          VPOS="915"
                          WIDTH="893"
                          HEIGHT="52"/>
               </TextLine>
               <TextLine ID="zone-line_IRHT_P_002307_1-14"
                         BASELINE=""
                         HPOS="334"
                         VPOS="981"
                         WIDTH="890"
                         HEIGHT="53">
                  <Shape>
                     <Polygon POINTS="334,981 1224,981 1224,1034 334,1034"/>
                  </Shape>
                  <String CONTENT="intemerate deus homo manifestet se ipsum"
                          HPOS="334"
                          VPOS="981"
                          WIDTH="890"
                          HEIGHT="53"/>
               </TextLine>
               <TextLine ID="zone-line_IRHT_P_002307_1-15"
                         BASELINE=""
                         HPOS="335"
                         VPOS="1050"
                         WIDTH="902"
                         HEIGHT="52">
                  <Shape>
                     <Polygon POINTS="335,1050 1237,1050 1237,1102 335,1102"/>
                  </Shape>
                  <String CONTENT="et palam faciat uiam qua nobis incedendum"
                          HPOS="335"
                          VPOS="1050"
                          WIDTH="902"
                          HEIGHT="52"/>
               </TextLine>
               <TextLine ID="zone-line_IRHT_P_002307_1-16"
                         BASELINE=""
                         HPOS="339"
                         VPOS="1127"
                         WIDTH="903"
                         HEIGHT="54">
                  <Shape>
                     <Polygon POINTS="339,1127 1242,1127 1242,1181 339,1181"/>
                  </Shape>
                  <String CONTENT="est in beneplacito suo et dirigat in eo gressus"
                          HPOS="339"
                          VPOS="1127"
                          WIDTH="903"
                          HEIGHT="54"/>
               </TextLine>
               <TextLine ID="zone-line_IRHT_P_002307_1-17"
                         BASELINE=""
                         HPOS="332"
                         VPOS="1202"
                         WIDTH="354"
                         HEIGHT="51">
                  <Shape>
                     <Polygon POINTS="332,1202 686,1202 686,1253 332,1253"/>
                  </Shape>
                  <String CONTENT="nostros amen"
                          HPOS="332"
                          VPOS="1202"
                          WIDTH="354"
                          HEIGHT="51"/>
               </TextLine>
               <TextLine ID="zone-line_IRHT_P_002307_1-18"
                         BASELINE=""
                         HPOS="349"
                         VPOS="1290"
                         WIDTH="220"
                         HEIGHT="53">
                  <Shape>
                     <Polygon POINTS="349,1290 569,1290 569,1343 349,1343"/>
                  </Shape>
                  <String CONTENT="que autem"
                          HPOS="349"
                          VPOS="1290"
                          WIDTH="220"
                          HEIGHT="53"/>
               </TextLine>
               <TextLine ID="zone-line_IRHT_P_002307_1-19"
                         BASELINE=""
                         HPOS="319"
                         VPOS="1480"
                         WIDTH="994"
                         HEIGHT="60">
                  <Shape>
                     <Polygon POINTS="319,1480 1313,1480 1313,1540 319,1540"/>
                  </Shape>
                  <String CONTENT="liber sancte marie pontiniaci"
                          HPOS="319"
                          VPOS="1480"
                          WIDTH="994"
                          HEIGHT="60"/>
               </TextLine>
               <TextLine ID="zone-line_IRHT_P_002307_1-20"
                         BASELINE=""
                         HPOS="335"
                         VPOS="1686"
                         WIDTH="841"
                         HEIGHT="62">
                  <Shape>
                     <Polygon POINTS="335,1686 1176,1686 1176,1748 335,1748"/>
                  </Shape>
                  <String CONTENT="finito libro reddantur iura magistro"
                          HPOS="335"
                          VPOS="1686"
                          WIDTH="841"
                          HEIGHT="62"/>
               </TextLine>
            </TextBlock>
         </PrintSpace>
      </Page>
   </Layout>
</alto>
