<?xml version="1.0" encoding="UTF-8"?>
<alto xmlns="http://www.loc.gov/standards/alto/ns-v4#"
      xmlns:xsi="http://www.w3.org/2001/XMLSchema-instance"
      xmlns:tei="http://www.tei-c.org/ns/1.0"
      xsi:schemaLocation="http://www.loc.gov/standards/alto/ns-v4# ../schema/alto.xsd">
   <Description>
      <MeasurementUnit>pixel</MeasurementUnit>
      <sourceImageInformation>
         <fileName>IRHT_P_001189.tif</fileName>
      </sourceImageInformation>
   </Description>
   <Layout>
      <Page ID="zone-page_IRHT_P_001189"
            PHYSICAL_IMG_NR="0"
            WIDTH="1800"
            HEIGHT="1315">
         <PrintSpace HPOS="0" VPOS="0" WIDTH="1800" HEIGHT="1315">
            <TextBlock HPOS="65"
                       VPOS="23"
                       WIDTH="1664"
                       HEIGHT="1263"
                       ID="zone-col_IRHT_P_001189_1">
               <Shape>
                  <Polygon POINTS="65,23 1729,23 1729,1286 65,1286"/>
               </Shape>
               <TextLine ID="zone-line_IRHT_P_001189_1-1"
                         BASELINE=""
                         HPOS="285"
                         VPOS="165"
                         WIDTH="1444"
                         HEIGHT="114">
                  <Shape>
                     <Polygon POINTS="285,165 1729,165 1729,279 285,279"/>
                  </Shape>
                  <String CONTENT="explicit tercia propositio incipit quarta"
                          HPOS="285"
                          VPOS="165"
                          WIDTH="1444"
                          HEIGHT="114"/>
               </TextLine>
               <TextLine ID="zone-line_IRHT_P_001189_1-2"
                         BASELINE=""
                         HPOS="473"
                         VPOS="270"
                         WIDTH="1160"
                         HEIGHT="105">
                  <Shape>
                     <Polygon POINTS="473,270 1633,270 1633,375 473,375"/>
                  </Shape>
                  <String CONTENT="quarta propositio est aduersarii"
                          HPOS="473"
                          VPOS="270"
                          WIDTH="1160"
                          HEIGHT="105"/>
               </TextLine>
               <TextLine ID="zone-line_IRHT_P_001189_1-3"
                         BASELINE=""
                         HPOS="493"
                         VPOS="369"
                         WIDTH="1202"
                         HEIGHT="104">
                  <Shape>
                     <Polygon POINTS="493,369 1695,369 1695,473 493,473"/>
                  </Shape>
                  <String CONTENT="quę et extrema duos esse ordines ouium"
                          HPOS="493"
                          VPOS="369"
                          WIDTH="1202"
                          HEIGHT="104"/>
               </TextLine>
               <TextLine ID="zone-line_IRHT_P_001189_1-4"
                         BASELINE=""
                         HPOS="517"
                         VPOS="469"
                         WIDTH="1176"
                         HEIGHT="104">
                  <Shape>
                     <Polygon POINTS="517,469 1693,469 1693,573 517,573"/>
                  </Shape>
                  <String CONTENT="et hircorum alterum iustorum alterum"
                          HPOS="517"
                          VPOS="469"
                          WIDTH="1176"
                          HEIGHT="104"/>
               </TextLine>
               <TextLine ID="zone-line_IRHT_P_001189_1-5"
                         BASELINE=""
                         HPOS="305"
                         VPOS="552"
                         WIDTH="1394"
                         HEIGHT="106">
                  <Shape>
                     <Polygon POINTS="305,552 1699,552 1699,658 305,658"/>
                  </Shape>
                  <String CONTENT="peccatorum alios stare a dextris alios a sinistris"
                          HPOS="305"
                          VPOS="552"
                          WIDTH="1394"
                          HEIGHT="106"/>
               </TextLine>
               <TextLine ID="zone-line_IRHT_P_001189_1-6"
                         BASELINE=""
                         HPOS="305"
                         VPOS="639"
                         WIDTH="1410"
                         HEIGHT="112">
                  <Shape>
                     <Polygon POINTS="305,639 1715,639 1715,751 305,751"/>
                  </Shape>
                  <String CONTENT="et audire iustos venite benedicti patris mei"
                          HPOS="305"
                          VPOS="639"
                          WIDTH="1410"
                          HEIGHT="112"/>
               </TextLine>
               <TextLine ID="zone-line_IRHT_P_001189_1-7"
                         BASELINE=""
                         HPOS="299"
                         VPOS="733"
                         WIDTH="1396"
                         HEIGHT="121">
                  <Shape>
                     <Polygon POINTS="299,733 1695,733 1695,854 299,854"/>
                  </Shape>
                  <String CONTENT="possidete paratum uobis regnum a constitutione"
                          HPOS="299"
                          VPOS="733"
                          WIDTH="1396"
                          HEIGHT="121"/>
               </TextLine>
               <TextLine ID="zone-line_IRHT_P_001189_1-8"
                         BASELINE=""
                         HPOS="303"
                         VPOS="823"
                         WIDTH="1415"
                         HEIGHT="121">
                  <Shape>
                     <Polygon POINTS="303,823 1718,823 1718,944 303,944"/>
                  </Shape>
                  <String CONTENT="mundi peccatoribus uero dici discedite a me ma"
                          HPOS="303"
                          VPOS="823"
                          WIDTH="1415"
                          HEIGHT="121"/>
               </TextLine>
               <TextLine ID="zone-line_IRHT_P_001189_1-9"
                         BASELINE=""
                         HPOS="316"
                         VPOS="919"
                         WIDTH="1379"
                         HEIGHT="102">
                  <Shape>
                     <Polygon POINTS="316,919 1695,919 1695,1021 316,1021"/>
                  </Shape>
                  <String CONTENT="ledicti in ignem ęternum qui paratus est diabolo et an"
                          HPOS="316"
                          VPOS="919"
                          WIDTH="1379"
                          HEIGHT="102"/>
               </TextLine>
               <TextLine ID="zone-line_IRHT_P_001189_1-10"
                         BASELINE=""
                         HPOS="317"
                         VPOS="1001"
                         WIDTH="1402"
                         HEIGHT="104">
                  <Shape>
                     <Polygon POINTS="317,1001 1719,1001 1719,1105 317,1105"/>
                  </Shape>
                  <String CONTENT="gelis eius arborem bonam non posse fructus malos"
                          HPOS="317"
                          VPOS="1001"
                          WIDTH="1402"
                          HEIGHT="104"/>
               </TextLine>
               <TextLine ID="zone-line_IRHT_P_001189_1-11"
                         BASELINE=""
                         HPOS="312"
                         VPOS="1085"
                         WIDTH="1369"
                         HEIGHT="111">
                  <Shape>
                     <Polygon POINTS="312,1085 1681,1085 1681,1196 312,1196"/>
                  </Shape>
                  <String CONTENT="facere nec malam bonos unde et saluator loquitur"
                          HPOS="312"
                          VPOS="1085"
                          WIDTH="1369"
                          HEIGHT="111"/>
               </TextLine>
               <TextLine ID="zone-line_IRHT_P_001189_1-12"
                         BASELINE=""
                         HPOS="297"
                         VPOS="1175"
                         WIDTH="1402"
                         HEIGHT="111">
                  <Shape>
                     <Polygon POINTS="297,1175 1699,1175 1699,1286 297,1286"/>
                  </Shape>
                  <String CONTENT="ad iudeos uos de patre diabolo estis et concu"
                          HPOS="297"
                          VPOS="1175"
                          WIDTH="1402"
                          HEIGHT="111"/>
               </TextLine>
            </TextBlock>
         </PrintSpace>
      </Page>
   </Layout>
</alto>
