<?xml version="1.0" encoding="UTF-8"?>
<alto xmlns="http://www.loc.gov/standards/alto/ns-v4#"
      xmlns:xsi="http://www.w3.org/2001/XMLSchema-instance"
      xmlns:tei="http://www.tei-c.org/ns/1.0"
      xsi:schemaLocation="http://www.loc.gov/standards/alto/ns-v4# ../schema/alto.xsd">
   <Description>
      <MeasurementUnit>pixel</MeasurementUnit>
      <sourceImageInformation>
         <fileName>IRHT_P_007378.tif</fileName>
      </sourceImageInformation>
   </Description>
   <Layout>
      <Page ID="zone-page_IRHT_P_007378"
            PHYSICAL_IMG_NR="0"
            WIDTH="1760"
            HEIGHT="1223">
         <PrintSpace HPOS="0" VPOS="0" WIDTH="1760" HEIGHT="1223">
            <TextBlock HPOS="20"
                       VPOS="0"
                       WIDTH="1738"
                       HEIGHT="1167"
                       ID="zone-col_IRHT_P_007378_1">
               <Shape>
                  <Polygon POINTS="20,0 1758,0 1758,1167 20,1167"/>
               </Shape>
               <TextLine ID="zone-line_IRHT_P_007378_1-1"
                         BASELINE=""
                         HPOS="98"
                         VPOS="63"
                         WIDTH="1660"
                         HEIGHT="52">
                  <Shape>
                     <Polygon POINTS="98,63 1758,63 1758,115 98,115"/>
                  </Shape>
                  <String CONTENT="acidisse aliquem immo credunt pectora brachia et uultum ipsu"
                          HPOS="98"
                          VPOS="63"
                          WIDTH="1660"
                          HEIGHT="52"/>
               </TextLine>
               <TextLine ID="zone-line_IRHT_P_007378_1-2"
                         BASELINE=""
                         HPOS="41"
                         VPOS="136"
                         WIDTH="1708"
                         HEIGHT="55">
                  <Shape>
                     <Polygon POINTS="41,136 1749,136 1749,191 41,191"/>
                  </Shape>
                  <String CONTENT="genus cibi et ex hoc auctor exclamando dicit ergo quid diceret picta"
                          HPOS="41"
                          VPOS="136"
                          WIDTH="1708"
                          HEIGHT="55"/>
               </TextLine>
               <TextLine ID="zone-line_IRHT_P_007378_1-3"
                         BASELINE=""
                         HPOS="41"
                         VPOS="208"
                         WIDTH="1717"
                         HEIGHT="57">
                  <Shape>
                     <Polygon POINTS="41,208 1758,208 1758,265 41,265"/>
                  </Shape>
                  <String CONTENT="ue quo non fugeret si uident hec monstra qui abstinuit cunctis"
                          HPOS="41"
                          VPOS="208"
                          WIDTH="1717"
                          HEIGHT="57"/>
               </TextLine>
               <TextLine ID="zone-line_IRHT_P_007378_1-4"
                         BASELINE=""
                         HPOS="39"
                         VPOS="281"
                         WIDTH="1713"
                         HEIGHT="51">
                  <Shape>
                     <Polygon POINTS="39,281 1752,281 1752,332 39,332"/>
                  </Shape>
                  <String CONTENT="bus tanquam ab homine nec indulsit uentri omne legumen quasi dica"
                          HPOS="39"
                          VPOS="281"
                          WIDTH="1713"
                          HEIGHT="51"/>
               </TextLine>
               <TextLine ID="zone-line_IRHT_P_007378_1-5"
                         BASELINE=""
                         HPOS="40"
                         VPOS="352"
                         WIDTH="1718"
                         HEIGHT="56">
                  <Shape>
                     <Polygon POINTS="40,352 1758,352 1758,408 40,408"/>
                  </Shape>
                  <String CONTENT="tagoras credebat esse magnum nephas nom comedere homin"
                          HPOS="40"
                          VPOS="352"
                          WIDTH="1718"
                          HEIGHT="56"/>
               </TextLine>
               <TextLine ID="zone-line_IRHT_P_007378_1-6"
                         BASELINE=""
                         HPOS="40"
                         VPOS="430"
                         WIDTH="1716"
                         HEIGHT="61">
                  <Shape>
                     <Polygon POINTS="40,430 1756,430 1756,491 40,491"/>
                  </Shape>
                  <String CONTENT="egiptii sed manducare animalia et omnia legumina quod fortius est in i"
                          HPOS="40"
                          VPOS="430"
                          WIDTH="1716"
                          HEIGHT="61"/>
               </TextLine>
               <TextLine ID="zone-line_IRHT_P_007378_1-7"
                         BASELINE=""
                         HPOS="38"
                         VPOS="502"
                         WIDTH="605"
                         HEIGHT="63">
                  <Shape>
                     <Polygon POINTS="38,502 643,502 643,565 38,565"/>
                  </Shape>
                  <String CONTENT="ingerere retardabat"
                          HPOS="38"
                          VPOS="502"
                          WIDTH="605"
                          HEIGHT="63"/>
               </TextLine>
               <TextLine ID="zone-line_IRHT_P_007378_1-8"
                         BASELINE=""
                         HPOS="44"
                         VPOS="723"
                         WIDTH="1110"
                         HEIGHT="67">
                  <Shape>
                     <Polygon POINTS="44,723 1154,723 1154,790 44,790"/>
                  </Shape>
                  <String CONTENT="finito libro sit laus et gloria christo amen"
                          HPOS="44"
                          VPOS="723"
                          WIDTH="1110"
                          HEIGHT="67"/>
               </TextLine>
               <TextLine ID="zone-line_IRHT_P_007378_1-9"
                         BASELINE=""
                         HPOS="53"
                         VPOS="862"
                         WIDTH="1701"
                         HEIGHT="73">
                  <Shape>
                     <Polygon POINTS="53,862 1754,862 1754,935 53,935"/>
                  </Shape>
                  <String CONTENT="iste liber qui senatorius uocatur fuit scriptus per me nicolaum olim de per"
                          HPOS="53"
                          VPOS="862"
                          WIDTH="1701"
                          HEIGHT="73"/>
               </TextLine>
               <TextLine ID="zone-line_IRHT_P_007378_1-10"
                         BASELINE=""
                         HPOS="47"
                         VPOS="945"
                         WIDTH="1712"
                         HEIGHT="63">
                  <Shape>
                     <Polygon POINTS="47,945 1759,945 1759,1008 47,1008"/>
                  </Shape>
                  <String CONTENT="anno domini millesimo ccc vii indictione v tempore domini clementis p"
                          HPOS="47"
                          VPOS="945"
                          WIDTH="1712"
                          HEIGHT="63"/>
               </TextLine>
               <TextLine ID="zone-line_IRHT_P_007378_1-11"
                         BASELINE=""
                         HPOS="49"
                         VPOS="1021"
                         WIDTH="1700"
                         HEIGHT="68">
                  <Shape>
                     <Polygon POINTS="49,1021 1749,1021 1749,1089 49,1089"/>
                  </Shape>
                  <String CONTENT="anno eius secundo mensis aprelis die xix et fuit compilatus quo ad lecti"
                          HPOS="49"
                          VPOS="1021"
                          WIDTH="1700"
                          HEIGHT="68"/>
               </TextLine>
               <TextLine ID="zone-line_IRHT_P_007378_1-12"
                         BASELINE=""
                         HPOS="40"
                         VPOS="1094"
                         WIDTH="1704"
                         HEIGHT="73">
                  <Shape>
                     <Polygon POINTS="40,1094 1744,1094 1744,1167 40,1167"/>
                  </Shape>
                  <String CONTENT="nobilem et illustrem uirum dominum gentilem de filiis ursi tempore sui senatus"
                          HPOS="40"
                          VPOS="1094"
                          WIDTH="1704"
                          HEIGHT="73"/>
               </TextLine>
            </TextBlock>
         </PrintSpace>
      </Page>
   </Layout>
</alto>
