<?xml version="1.0" encoding="UTF-8"?>
<alto xmlns="http://www.loc.gov/standards/alto/ns-v4#"
      xmlns:xsi="http://www.w3.org/2001/XMLSchema-instance"
      xmlns:tei="http://www.tei-c.org/ns/1.0"
      xsi:schemaLocation="http://www.loc.gov/standards/alto/ns-v4# ../schema/alto.xsd">
   <Description>
      <MeasurementUnit>pixel</MeasurementUnit>
      <sourceImageInformation>
         <fileName>IRHT_P_007084.tif</fileName>
      </sourceImageInformation>
   </Description>
   <Layout>
      <Page ID="zone-page_IRHT_P_007084"
            PHYSICAL_IMG_NR="0"
            WIDTH="1216"
            HEIGHT="1713">
         <PrintSpace HPOS="0" VPOS="0" WIDTH="1216" HEIGHT="1713">
            <TextBlock HPOS="194"
                       VPOS="0"
                       WIDTH="955"
                       HEIGHT="1595"
                       ID="zone-col_IRHT_P_007084_1">
               <Shape>
                  <Polygon POINTS="194,0 1149,0 1149,1595 194,1595"/>
               </Shape>
               <TextLine ID="zone-line_IRHT_P_007084_1-1"
                         BASELINE=""
                         HPOS="234"
                         VPOS="37"
                         WIDTH="915"
                         HEIGHT="61">
                  <Shape>
                     <Polygon POINTS="234,37 1149,37 1149,98 234,98"/>
                  </Shape>
                  <String CONTENT="rissimum imperatorem"
                          HPOS="234"
                          VPOS="37"
                          WIDTH="915"
                          HEIGHT="61"/>
               </TextLine>
               <TextLine ID="zone-line_IRHT_P_007084_1-2"
                         BASELINE=""
                         HPOS="228"
                         VPOS="108"
                         WIDTH="914"
                         HEIGHT="57">
                  <Shape>
                     <Polygon POINTS="228,108 1142,108 1142,165 228,165"/>
                  </Shape>
                  <String CONTENT="ac illustrissimum prin"
                          HPOS="228"
                          VPOS="108"
                          WIDTH="914"
                          HEIGHT="57"/>
               </TextLine>
               <TextLine ID="zone-line_IRHT_P_007084_1-3"
                         BASELINE=""
                         HPOS="232"
                         VPOS="178"
                         WIDTH="906"
                         HEIGHT="63">
                  <Shape>
                     <Polygon POINTS="232,178 1138,178 1138,241 232,241"/>
                  </Shape>
                  <String CONTENT="cipem comitem francis"
                          HPOS="232"
                          VPOS="178"
                          WIDTH="906"
                          HEIGHT="63"/>
               </TextLine>
               <TextLine ID="zone-line_IRHT_P_007084_1-4"
                         BASELINE=""
                         HPOS="214"
                         VPOS="252"
                         WIDTH="850"
                         HEIGHT="59">
                  <Shape>
                     <Polygon POINTS="214,252 1064,252 1064,311 214,311"/>
                  </Shape>
                  <String CONTENT="cum sfortiam viceco"
                          HPOS="214"
                          VPOS="252"
                          WIDTH="850"
                          HEIGHT="59"/>
               </TextLine>
               <TextLine ID="zone-line_IRHT_P_007084_1-5"
                         BASELINE=""
                         HPOS="560"
                         VPOS="326"
                         WIDTH="294"
                         HEIGHT="55">
                  <Shape>
                     <Polygon POINTS="560,326 854,326 854,381 560,381"/>
                  </Shape>
                  <String CONTENT="mitem"
                          HPOS="560"
                          VPOS="326"
                          WIDTH="294"
                          HEIGHT="55"/>
               </TextLine>
               <TextLine ID="zone-line_IRHT_P_007084_1-6"
                         BASELINE=""
                         HPOS="224"
                         VPOS="392"
                         WIDTH="916"
                         HEIGHT="62">
                  <Shape>
                     <Polygon POINTS="224,392 1140,392 1140,454 224,454"/>
                  </Shape>
                  <String CONTENT="francisci aleardi ueronensis lau"
                          HPOS="224"
                          VPOS="392"
                          WIDTH="916"
                          HEIGHT="62"/>
               </TextLine>
               <TextLine ID="zone-line_IRHT_P_007084_1-7"
                         BASELINE=""
                         HPOS="881"
                         VPOS="467"
                         WIDTH="170"
                         HEIGHT="57">
                  <Shape>
                     <Polygon POINTS="881,467 1051,467 1051,524 881,524"/>
                  </Shape>
                  <String CONTENT="datio"
                          HPOS="881"
                          VPOS="467"
                          WIDTH="170"
                          HEIGHT="57"/>
               </TextLine>
               <TextLine ID="zone-line_IRHT_P_007084_1-8"
                         BASELINE=""
                         HPOS="596"
                         VPOS="539"
                         WIDTH="522"
                         HEIGHT="53">
                  <Shape>
                     <Polygon POINTS="596,539 1118,539 1118,592 596,592"/>
                  </Shape>
                  <String CONTENT="non dubito fore per mul"
                          HPOS="596"
                          VPOS="539"
                          WIDTH="522"
                          HEIGHT="53"/>
               </TextLine>
               <TextLine ID="zone-line_IRHT_P_007084_1-9"
                         BASELINE=""
                         HPOS="594"
                         VPOS="602"
                         WIDTH="500"
                         HEIGHT="62">
                  <Shape>
                     <Polygon POINTS="594,602 1094,602 1094,664 594,664"/>
                  </Shape>
                  <String CONTENT="tos princeps illustrissi"
                          HPOS="594"
                          VPOS="602"
                          WIDTH="500"
                          HEIGHT="62"/>
               </TextLine>
               <TextLine ID="zone-line_IRHT_P_007084_1-10"
                         BASELINE=""
                         HPOS="592"
                         VPOS="672"
                         WIDTH="510"
                         HEIGHT="67">
                  <Shape>
                     <Polygon POINTS="592,672 1102,672 1102,739 592,739"/>
                  </Shape>
                  <String CONTENT="me qui rerum tuarum"
                          HPOS="592"
                          VPOS="672"
                          WIDTH="510"
                          HEIGHT="67"/>
               </TextLine>
               <TextLine ID="zone-line_IRHT_P_007084_1-11"
                         BASELINE=""
                         HPOS="574"
                         VPOS="744"
                         WIDTH="533"
                         HEIGHT="62">
                  <Shape>
                     <Polygon POINTS="574,744 1107,744 1107,806 574,806"/>
                  </Shape>
                  <String CONTENT="magnitudinem admi"
                          HPOS="574"
                          VPOS="744"
                          WIDTH="533"
                          HEIGHT="62"/>
               </TextLine>
               <TextLine ID="zone-line_IRHT_P_007084_1-12"
                         BASELINE=""
                         HPOS="600"
                         VPOS="809"
                         WIDTH="514"
                         HEIGHT="67">
                  <Shape>
                     <Polygon POINTS="600,809 1114,809 1114,876 600,876"/>
                  </Shape>
                  <String CONTENT="rati pręstanti ingenio"
                          HPOS="600"
                          VPOS="809"
                          WIDTH="514"
                          HEIGHT="67"/>
               </TextLine>
               <TextLine ID="zone-line_IRHT_P_007084_1-13"
                         BASELINE=""
                         HPOS="599"
                         VPOS="881"
                         WIDTH="502"
                         HEIGHT="69">
                  <Shape>
                     <Polygon POINTS="599,881 1101,881 1101,950 599,950"/>
                  </Shape>
                  <String CONTENT="uiri litteris et monu"
                          HPOS="599"
                          VPOS="881"
                          WIDTH="502"
                          HEIGHT="69"/>
               </TextLine>
               <TextLine ID="zone-line_IRHT_P_007084_1-14"
                         BASELINE=""
                         HPOS="223"
                         VPOS="945"
                         WIDTH="877"
                         HEIGHT="80">
                  <Shape>
                     <Polygon POINTS="223,945 1100,945 1100,1025 223,1025"/>
                  </Shape>
                  <String CONTENT="mentis suis eas mandare et illustrare"
                          HPOS="223"
                          VPOS="945"
                          WIDTH="877"
                          HEIGHT="80"/>
               </TextLine>
               <TextLine ID="zone-line_IRHT_P_007084_1-15"
                         BASELINE=""
                         HPOS="218"
                         VPOS="1016"
                         WIDTH="882"
                         HEIGHT="77">
                  <Shape>
                     <Polygon POINTS="218,1016 1100,1016 1100,1093 218,1093"/>
                  </Shape>
                  <String CONTENT="conabuntur partim ut gratiam tuam"
                          HPOS="218"
                          VPOS="1016"
                          WIDTH="882"
                          HEIGHT="77"/>
               </TextLine>
               <TextLine ID="zone-line_IRHT_P_007084_1-16"
                         BASELINE=""
                         HPOS="221"
                         VPOS="1087"
                         WIDTH="872"
                         HEIGHT="75">
                  <Shape>
                     <Polygon POINTS="221,1087 1093,1087 1093,1162 221,1162"/>
                  </Shape>
                  <String CONTENT="quam uel summis opibus uel amplissimis"
                          HPOS="221"
                          VPOS="1087"
                          WIDTH="872"
                          HEIGHT="75"/>
               </TextLine>
               <TextLine ID="zone-line_IRHT_P_007084_1-17"
                         BASELINE=""
                         HPOS="216"
                         VPOS="1160"
                         WIDTH="894"
                         HEIGHT="77">
                  <Shape>
                     <Polygon POINTS="216,1160 1110,1160 1110,1237 216,1237"/>
                  </Shape>
                  <String CONTENT="diuitiis merito anteponant facilius con"
                          HPOS="216"
                          VPOS="1160"
                          WIDTH="894"
                          HEIGHT="77"/>
               </TextLine>
               <TextLine ID="zone-line_IRHT_P_007084_1-18"
                         BASELINE=""
                         HPOS="212"
                         VPOS="1232"
                         WIDTH="890"
                         HEIGHT="75">
                  <Shape>
                     <Polygon POINTS="212,1232 1102,1232 1102,1307 212,1307"/>
                  </Shape>
                  <String CONTENT="sequantur partim ut in tuis rebus"
                          HPOS="212"
                          VPOS="1232"
                          WIDTH="890"
                          HEIGHT="75"/>
               </TextLine>
               <TextLine ID="zone-line_IRHT_P_007084_1-19"
                         BASELINE=""
                         HPOS="221"
                         VPOS="1291"
                         WIDTH="901"
                         HEIGHT="82">
                  <Shape>
                     <Polygon POINTS="221,1291 1122,1291 1122,1373 221,1373"/>
                  </Shape>
                  <String CONTENT="mendandis uel ingenia sua exerceant"
                          HPOS="221"
                          VPOS="1291"
                          WIDTH="901"
                          HEIGHT="82"/>
               </TextLine>
               <TextLine ID="zone-line_IRHT_P_007084_1-20"
                         BASELINE=""
                         HPOS="217"
                         VPOS="1365"
                         WIDTH="888"
                         HEIGHT="79">
                  <Shape>
                     <Polygon POINTS="217,1365 1105,1365 1105,1444 217,1444"/>
                  </Shape>
                  <String CONTENT="uel in te collaudando materiam nacti"
                          HPOS="217"
                          VPOS="1365"
                          WIDTH="888"
                          HEIGHT="79"/>
               </TextLine>
               <TextLine ID="zone-line_IRHT_P_007084_1-21"
                         BASELINE=""
                         HPOS="207"
                         VPOS="1435"
                         WIDTH="874"
                         HEIGHT="89">
                  <Shape>
                     <Polygon POINTS="207,1435 1081,1435 1081,1524 207,1524"/>
                  </Shape>
                  <String CONTENT="copiosissimam nomen suum quoque"
                          HPOS="207"
                          VPOS="1435"
                          WIDTH="874"
                          HEIGHT="89"/>
               </TextLine>
               <TextLine ID="zone-line_IRHT_P_007084_1-22"
                         BASELINE=""
                         HPOS="208"
                         VPOS="1507"
                         WIDTH="902"
                         HEIGHT="88">
                  <Shape>
                     <Polygon POINTS="208,1507 1110,1507 1110,1595 208,1595"/>
                  </Shape>
                  <String CONTENT="immortalitati transmittant denique non"
                          HPOS="208"
                          VPOS="1507"
                          WIDTH="902"
                          HEIGHT="88"/>
               </TextLine>
            </TextBlock>
         </PrintSpace>
      </Page>
   </Layout>
</alto>
