<?xml version="1.0" encoding="UTF-8"?>
<alto xmlns="http://www.loc.gov/standards/alto/ns-v4#"
      xmlns:xsi="http://www.w3.org/2001/XMLSchema-instance"
      xmlns:tei="http://www.tei-c.org/ns/1.0"
      xsi:schemaLocation="http://www.loc.gov/standards/alto/ns-v4# ../schema/alto.xsd">
   <Description>
      <MeasurementUnit>pixel</MeasurementUnit>
      <sourceImageInformation>
         <fileName>IRHT_P_007486.tif</fileName>
      </sourceImageInformation>
   </Description>
   <Layout>
      <Page ID="zone-page_IRHT_P_007486"
            PHYSICAL_IMG_NR="0"
            WIDTH="1762"
            HEIGHT="1239">
         <PrintSpace HPOS="0" VPOS="0" WIDTH="1762" HEIGHT="1239">
            <TextBlock HPOS="14"
                       VPOS="0"
                       WIDTH="1656"
                       HEIGHT="1188"
                       ID="zone-col_IRHT_P_007486_1">
               <Shape>
                  <Polygon POINTS="14,0 1670,0 1670,1188 14,1188"/>
               </Shape>
               <TextLine ID="zone-line_IRHT_P_007486_1-1"
                         BASELINE=""
                         HPOS="490"
                         VPOS="114"
                         WIDTH="1150"
                         HEIGHT="65">
                  <Shape>
                     <Polygon POINTS="490,114 1640,114 1640,179 490,179"/>
                  </Shape>
                  <String CONTENT="m t c epistolarum ad atticum l xiii in"
                          HPOS="490"
                          VPOS="114"
                          WIDTH="1150"
                          HEIGHT="65"/>
               </TextLine>
               <TextLine ID="zone-line_IRHT_P_007486_1-2"
                         BASELINE=""
                         HPOS="755"
                         VPOS="257"
                         WIDTH="467"
                         HEIGHT="66">
                  <Shape>
                     <Polygon POINTS="755,257 1222,257 1222,323 755,323"/>
                  </Shape>
                  <String CONTENT="cipit feliciter"
                          HPOS="755"
                          VPOS="257"
                          WIDTH="467"
                          HEIGHT="66"/>
               </TextLine>
               <TextLine ID="zone-line_IRHT_P_007486_1-3"
                         BASELINE=""
                         HPOS="472"
                         VPOS="401"
                         WIDTH="1166"
                         HEIGHT="69">
                  <Shape>
                     <Polygon POINTS="472,401 1638,401 1638,470 472,470"/>
                  </Shape>
                  <String CONTENT="cicero attico salutem ad ciceronem ita scripsisti"
                          HPOS="472"
                          VPOS="401"
                          WIDTH="1166"
                          HEIGHT="69"/>
               </TextLine>
               <TextLine ID="zone-line_IRHT_P_007486_1-4"
                         BASELINE=""
                         HPOS="494"
                         VPOS="478"
                         WIDTH="1174"
                         HEIGHT="61">
                  <Shape>
                     <Polygon POINTS="494,478 1668,478 1668,539 494,539"/>
                  </Shape>
                  <String CONTENT="ut neque seuerius neque temperatius scribi potuerit"
                          HPOS="494"
                          VPOS="478"
                          WIDTH="1174"
                          HEIGHT="61"/>
               </TextLine>
               <TextLine ID="zone-line_IRHT_P_007486_1-5"
                         BASELINE=""
                         HPOS="462"
                         VPOS="556"
                         WIDTH="1208"
                         HEIGHT="57">
                  <Shape>
                     <Polygon POINTS="462,556 1670,556 1670,613 462,613"/>
                  </Shape>
                  <String CONTENT="nec magis quam quemad o modum ego maxime uellem"
                          HPOS="462"
                          VPOS="556"
                          WIDTH="1208"
                          HEIGHT="57"/>
               </TextLine>
               <TextLine ID="zone-line_IRHT_P_007486_1-6"
                         BASELINE=""
                         HPOS="479"
                         VPOS="628"
                         WIDTH="1170"
                         HEIGHT="55">
                  <Shape>
                     <Polygon POINTS="479,628 1649,628 1649,683 479,683"/>
                  </Shape>
                  <String CONTENT="prudentissime etiam ad tullios quare aut ista pro"
                          HPOS="479"
                          VPOS="628"
                          WIDTH="1170"
                          HEIGHT="55"/>
               </TextLine>
               <TextLine ID="zone-line_IRHT_P_007486_1-7"
                         BASELINE=""
                         HPOS="486"
                         VPOS="700"
                         WIDTH="1148"
                         HEIGHT="55">
                  <Shape>
                     <Polygon POINTS="486,700 1634,700 1634,755 486,755"/>
                  </Shape>
                  <String CONTENT="ficient aut aliud agamus de pecunia uero uideo"
                          HPOS="486"
                          VPOS="700"
                          WIDTH="1148"
                          HEIGHT="55"/>
               </TextLine>
               <TextLine ID="zone-line_IRHT_P_007486_1-8"
                         BASELINE=""
                         HPOS="483"
                         VPOS="774"
                         WIDTH="1149"
                         HEIGHT="53">
                  <Shape>
                     <Polygon POINTS="483,774 1632,774 1632,827 483,827"/>
                  </Shape>
                  <String CONTENT="a te omnem diligentiam adhiberi uel potius iam"
                          HPOS="483"
                          VPOS="774"
                          WIDTH="1149"
                          HEIGHT="53"/>
               </TextLine>
               <TextLine ID="zone-line_IRHT_P_007486_1-9"
                         BASELINE=""
                         HPOS="481"
                         VPOS="846"
                         WIDTH="1158"
                         HEIGHT="54">
                  <Shape>
                     <Polygon POINTS="481,846 1639,846 1639,900 481,900"/>
                  </Shape>
                  <String CONTENT="adhibitam esse efficis a te hortos habeo nec uero ul"
                          HPOS="481"
                          VPOS="846"
                          WIDTH="1158"
                          HEIGHT="54"/>
               </TextLine>
               <TextLine ID="zone-line_IRHT_P_007486_1-10"
                         BASELINE=""
                         HPOS="479"
                         VPOS="921"
                         WIDTH="1149"
                         HEIGHT="56">
                  <Shape>
                     <Polygon POINTS="479,921 1628,921 1628,977 479,977"/>
                  </Shape>
                  <String CONTENT="lum genus possessionis est quod malim maxi"
                          HPOS="479"
                          VPOS="921"
                          WIDTH="1149"
                          HEIGHT="56"/>
               </TextLine>
               <TextLine ID="zone-line_IRHT_P_007486_1-11"
                         BASELINE=""
                         HPOS="473"
                         VPOS="993"
                         WIDTH="1171"
                         HEIGHT="54">
                  <Shape>
                     <Polygon POINTS="473,993 1644,993 1644,1047 473,1047"/>
                  </Shape>
                  <String CONTENT="me scilicet ob eam causam quae suscepta est cu"
                          HPOS="473"
                          VPOS="993"
                          WIDTH="1171"
                          HEIGHT="54"/>
               </TextLine>
               <TextLine ID="zone-line_IRHT_P_007486_1-12"
                         BASELINE=""
                         HPOS="479"
                         VPOS="1077"
                         WIDTH="1158"
                         HEIGHT="39">
                  <Shape>
                     <Polygon POINTS="479,1077 1637,1077 1637,1116 479,1116"/>
                  </Shape>
                  <String CONTENT="ius festinatione mihi tollis quoniam de estate pol"
                          HPOS="479"
                          VPOS="1077"
                          WIDTH="1158"
                          HEIGHT="39"/>
               </TextLine>
               <TextLine ID="zone-line_IRHT_P_007486_1-13"
                         BASELINE=""
                         HPOS="477"
                         VPOS="1147"
                         WIDTH="1134"
                         HEIGHT="41">
                  <Shape>
                     <Polygon POINTS="477,1147 1611,1147 1611,1188 477,1188"/>
                  </Shape>
                  <String CONTENT="liceris uel potius recipis deinde etiam ad καταβί uitam"
                          HPOS="477"
                          VPOS="1147"
                          WIDTH="1134"
                          HEIGHT="41"/>
               </TextLine>
            </TextBlock>
         </PrintSpace>
      </Page>
   </Layout>
</alto>
