<?xml version="1.0" encoding="UTF-8"?>
<alto xmlns="http://www.loc.gov/standards/alto/ns-v4#"
      xmlns:xsi="http://www.w3.org/2001/XMLSchema-instance"
      xmlns:tei="http://www.tei-c.org/ns/1.0"
      xsi:schemaLocation="http://www.loc.gov/standards/alto/ns-v4# ../schema/alto.xsd">
   <Description>
      <MeasurementUnit>pixel</MeasurementUnit>
      <sourceImageInformation>
         <fileName>IRHT_P_008150.tif</fileName>
      </sourceImageInformation>
   </Description>
   <Layout>
      <Page ID="zone-page_IRHT_P_008150"
            PHYSICAL_IMG_NR="0"
            WIDTH="1734"
            HEIGHT="1309">
         <PrintSpace HPOS="0" VPOS="0" WIDTH="1734" HEIGHT="1309">
            <TextBlock HPOS="49"
                       VPOS="2"
                       WIDTH="867"
                       HEIGHT="1291"
                       ID="zone-col_IRHT_P_008150_1">
               <Shape>
                  <Polygon POINTS="49,2 916,2 916,1293 49,1293"/>
               </Shape>
               <TextLine ID="zone-line_IRHT_P_008150_1-1"
                         BASELINE=""
                         HPOS="457"
                         VPOS="185"
                         WIDTH="402"
                         HEIGHT="50">
                  <Shape>
                     <Polygon POINTS="457,185 859,185 859,235 457,235"/>
                  </Shape>
                  <String CONTENT="super cartam caritati"
                          HPOS="457"
                          VPOS="185"
                          WIDTH="402"
                          HEIGHT="50"/>
               </TextLine>
               <TextLine ID="zone-line_IRHT_P_008150_1-2"
                         BASELINE=""
                         HPOS="169"
                         VPOS="225"
                         WIDTH="705"
                         HEIGHT="77">
                  <Shape>
                     <Polygon POINTS="169,225 874,225 874,302 169,302"/>
                  </Shape>
                  <String CONTENT="antequam abbatie cistercienses flo"
                          HPOS="169"
                          VPOS="225"
                          WIDTH="705"
                          HEIGHT="77"/>
               </TextLine>
               <TextLine ID="zone-line_IRHT_P_008150_1-3"
                         BASELINE=""
                         HPOS="325"
                         VPOS="310"
                         WIDTH="565"
                         HEIGHT="47">
                  <Shape>
                     <Polygon POINTS="325,310 890,310 890,357 325,357"/>
                  </Shape>
                  <String CONTENT="rere inciperent domnus ste"
                          HPOS="325"
                          VPOS="310"
                          WIDTH="565"
                          HEIGHT="47"/>
               </TextLine>
               <TextLine ID="zone-line_IRHT_P_008150_1-4"
                         BASELINE=""
                         HPOS="220"
                         VPOS="377"
                         WIDTH="669"
                         HEIGHT="49">
                  <Shape>
                     <Polygon POINTS="220,377 889,377 889,426 220,426"/>
                  </Shape>
                  <String CONTENT="phanus abbas et fratres sui ordina"
                          HPOS="220"
                          VPOS="377"
                          WIDTH="669"
                          HEIGHT="49"/>
               </TextLine>
               <TextLine ID="zone-line_IRHT_P_008150_1-5"
                         BASELINE=""
                         HPOS="215"
                         VPOS="443"
                         WIDTH="652"
                         HEIGHT="52">
                  <Shape>
                     <Polygon POINTS="215,443 867,443 867,495 215,495"/>
                  </Shape>
                  <String CONTENT="uerunt ut nullo modo abbatie in a"
                          HPOS="215"
                          VPOS="443"
                          WIDTH="652"
                          HEIGHT="52"/>
               </TextLine>
               <TextLine ID="zone-line_IRHT_P_008150_1-6"
                         BASELINE=""
                         HPOS="223"
                         VPOS="513"
                         WIDTH="646"
                         HEIGHT="47">
                  <Shape>
                     <Polygon POINTS="223,513 869,513 869,560 223,560"/>
                  </Shape>
                  <String CONTENT="licuius antistitis diocesi fundarentur"
                          HPOS="223"
                          VPOS="513"
                          WIDTH="646"
                          HEIGHT="47"/>
               </TextLine>
               <TextLine ID="zone-line_IRHT_P_008150_1-7"
                         BASELINE=""
                         HPOS="210"
                         VPOS="578"
                         WIDTH="667"
                         HEIGHT="48">
                  <Shape>
                     <Polygon POINTS="210,578 877,578 877,626 210,626"/>
                  </Shape>
                  <String CONTENT="antequam ipse decretum inter cistercien"
                          HPOS="210"
                          VPOS="578"
                          WIDTH="667"
                          HEIGHT="48"/>
               </TextLine>
               <TextLine ID="zone-line_IRHT_P_008150_1-8"
                         BASELINE=""
                         HPOS="213"
                         VPOS="656"
                         WIDTH="668"
                         HEIGHT="36">
                  <Shape>
                     <Polygon POINTS="213,656 881,656 881,692 213,692"/>
                  </Shape>
                  <String CONTENT="se cenobium et cetera ex eo nata exara"
                          HPOS="213"
                          VPOS="656"
                          WIDTH="668"
                          HEIGHT="36"/>
               </TextLine>
               <TextLine ID="zone-line_IRHT_P_008150_1-9"
                         BASELINE=""
                         HPOS="211"
                         VPOS="724"
                         WIDTH="665"
                         HEIGHT="38">
                  <Shape>
                     <Polygon POINTS="211,724 876,724 876,762 211,762"/>
                  </Shape>
                  <String CONTENT="tum et confirmatum ratum habet propter scan"
                          HPOS="211"
                          VPOS="724"
                          WIDTH="665"
                          HEIGHT="38"/>
               </TextLine>
               <TextLine ID="zone-line_IRHT_P_008150_1-10"
                         BASELINE=""
                         HPOS="220"
                         VPOS="781"
                         WIDTH="639"
                         HEIGHT="47">
                  <Shape>
                     <Polygon POINTS="220,781 859,781 859,828 220,828"/>
                  </Shape>
                  <String CONTENT="dalum inter pontficem et monachos"
                          HPOS="220"
                          VPOS="781"
                          WIDTH="639"
                          HEIGHT="47"/>
               </TextLine>
               <TextLine ID="zone-line_IRHT_P_008150_1-11"
                         BASELINE=""
                         HPOS="207"
                         VPOS="848"
                         WIDTH="665"
                         HEIGHT="47">
                  <Shape>
                     <Polygon POINTS="207,848 872,848 872,895 207,895"/>
                  </Shape>
                  <String CONTENT="deuitandum in hoc ergo decreto predicti"
                          HPOS="207"
                          VPOS="848"
                          WIDTH="665"
                          HEIGHT="47"/>
               </TextLine>
               <TextLine ID="zone-line_IRHT_P_008150_1-12"
                         BASELINE=""
                         HPOS="210"
                         VPOS="908"
                         WIDTH="662"
                         HEIGHT="53">
                  <Shape>
                     <Polygon POINTS="210,908 872,908 872,961 210,961"/>
                  </Shape>
                  <String CONTENT="fratres mutue pacis futurum precauentes"
                          HPOS="210"
                          VPOS="908"
                          WIDTH="662"
                          HEIGHT="53"/>
               </TextLine>
               <TextLine ID="zone-line_IRHT_P_008150_1-13"
                         BASELINE=""
                         HPOS="210"
                         VPOS="982"
                         WIDTH="658"
                         HEIGHT="50">
                  <Shape>
                     <Polygon POINTS="210,982 868,982 868,1032 210,1032"/>
                  </Shape>
                  <String CONTENT="naufragium elucidauerunt et sta"
                          HPOS="210"
                          VPOS="982"
                          WIDTH="658"
                          HEIGHT="50"/>
               </TextLine>
               <TextLine ID="zone-line_IRHT_P_008150_1-14"
                         BASELINE=""
                         HPOS="212"
                         VPOS="1049"
                         WIDTH="684"
                         HEIGHT="50">
                  <Shape>
                     <Polygon POINTS="212,1049 896,1049 896,1099 212,1099"/>
                  </Shape>
                  <String CONTENT="tuerunt suisque posteris reliquerunt quo"
                          HPOS="212"
                          VPOS="1049"
                          WIDTH="684"
                          HEIGHT="50"/>
               </TextLine>
               <TextLine ID="zone-line_IRHT_P_008150_1-15"
                         BASELINE=""
                         HPOS="209"
                         VPOS="1116"
                         WIDTH="669"
                         HEIGHT="48">
                  <Shape>
                     <Polygon POINTS="209,1116 878,1116 878,1164 209,1164"/>
                  </Shape>
                  <String CONTENT="pacto quoue modo immo qua carita"
                          HPOS="209"
                          VPOS="1116"
                          WIDTH="669"
                          HEIGHT="48"/>
               </TextLine>
               <TextLine ID="zone-line_IRHT_P_008150_1-16"
                         BASELINE=""
                         HPOS="205"
                         VPOS="1182"
                         WIDTH="665"
                         HEIGHT="46">
                  <Shape>
                     <Polygon POINTS="205,1182 870,1182 870,1228 205,1228"/>
                  </Shape>
                  <String CONTENT="te monachi eorum per abbatias in diuer"
                          HPOS="205"
                          VPOS="1182"
                          WIDTH="665"
                          HEIGHT="46"/>
               </TextLine>
               <TextLine ID="zone-line_IRHT_P_008150_1-17"
                         BASELINE=""
                         HPOS="217"
                         VPOS="1243"
                         WIDTH="640"
                         HEIGHT="50">
                  <Shape>
                     <Polygon POINTS="217,1243 857,1243 857,1293 217,1293"/>
                  </Shape>
                  <String CONTENT="sis mundi partibus corporibus diui"
                          HPOS="217"
                          VPOS="1243"
                          WIDTH="640"
                          HEIGHT="50"/>
               </TextLine>
            </TextBlock>
            <TextBlock HPOS="949"
                       VPOS="5"
                       WIDTH="736"
                       HEIGHT="1292"
                       ID="zone-col_IRHT_P_008150_2">
               <Shape>
                  <Polygon POINTS="949,5 1685,5 1685,1297 949,1297"/>
               </Shape>
               <TextLine ID="zone-line_IRHT_P_008150_2-1"
                         BASELINE=""
                         HPOS="981"
                         VPOS="243"
                         WIDTH="692"
                         HEIGHT="53">
                  <Shape>
                     <Polygon POINTS="981,243 1673,243 1673,296 981,296"/>
                  </Shape>
                  <String CONTENT="hominum sub regulari disciplina or"
                          HPOS="981"
                          VPOS="243"
                          WIDTH="692"
                          HEIGHT="53"/>
               </TextLine>
               <TextLine ID="zone-line_IRHT_P_008150_2-2"
                         BASELINE=""
                         HPOS="990"
                         VPOS="312"
                         WIDTH="655"
                         HEIGHT="45">
                  <Shape>
                     <Polygon POINTS="990,312 1645,312 1645,357 990,357"/>
                  </Shape>
                  <String CONTENT="dinauerit nullam terrene commo"
                          HPOS="990"
                          VPOS="312"
                          WIDTH="655"
                          HEIGHT="45"/>
               </TextLine>
               <TextLine ID="zone-line_IRHT_P_008150_2-3"
                         BASELINE=""
                         HPOS="994"
                         VPOS="376"
                         WIDTH="648"
                         HEIGHT="52">
                  <Shape>
                     <Polygon POINTS="994,376 1642,376 1642,428 994,428"/>
                  </Shape>
                  <String CONTENT="ditatis seu rerum temporalium exactio"
                          HPOS="994"
                          VPOS="376"
                          WIDTH="648"
                          HEIGHT="52"/>
               </TextLine>
               <TextLine ID="zone-line_IRHT_P_008150_2-4"
                         BASELINE=""
                         HPOS="989"
                         VPOS="445"
                         WIDTH="655"
                         HEIGHT="52">
                  <Shape>
                     <Polygon POINTS="989,445 1644,445 1644,497 989,497"/>
                  </Shape>
                  <String CONTENT="nem imponimus prodesse enim"
                          HPOS="989"
                          VPOS="445"
                          WIDTH="655"
                          HEIGHT="52"/>
               </TextLine>
               <TextLine ID="zone-line_IRHT_P_008150_2-5"
                         BASELINE=""
                         HPOS="986"
                         VPOS="513"
                         WIDTH="699"
                         HEIGHT="50">
                  <Shape>
                     <Polygon POINTS="986,513 1685,513 1685,563 986,563"/>
                  </Shape>
                  <String CONTENT="illis omnibusque sancte ecclesie filiis cupientes"
                          HPOS="986"
                          VPOS="513"
                          WIDTH="699"
                          HEIGHT="50"/>
               </TextLine>
               <TextLine ID="zone-line_IRHT_P_008150_2-6"
                         BASELINE=""
                         HPOS="989"
                         VPOS="579"
                         WIDTH="665"
                         HEIGHT="48">
                  <Shape>
                     <Polygon POINTS="989,579 1654,579 1654,627 989,627"/>
                  </Shape>
                  <String CONTENT="nil quod eos grauet nil quod eorum"
                          HPOS="989"
                          VPOS="579"
                          WIDTH="665"
                          HEIGHT="48"/>
               </TextLine>
               <TextLine ID="zone-line_IRHT_P_008150_2-7"
                         BASELINE=""
                         HPOS="985"
                         VPOS="649"
                         WIDTH="681"
                         HEIGHT="50">
                  <Shape>
                     <Polygon POINTS="985,649 1666,649 1666,699 985,699"/>
                  </Shape>
                  <String CONTENT="substantiam minuat erga eos agere"
                          HPOS="985"
                          VPOS="649"
                          WIDTH="681"
                          HEIGHT="50"/>
               </TextLine>
               <TextLine ID="zone-line_IRHT_P_008150_2-8"
                         BASELINE=""
                         HPOS="984"
                         VPOS="717"
                         WIDTH="701"
                         HEIGHT="51">
                  <Shape>
                     <Polygon POINTS="984,717 1685,717 1685,768 984,768"/>
                  </Shape>
                  <String CONTENT="disponimus ne dum nos habundan"
                          HPOS="984"
                          VPOS="717"
                          WIDTH="701"
                          HEIGHT="51"/>
               </TextLine>
               <TextLine ID="zone-line_IRHT_P_008150_2-9"
                         BASELINE=""
                         HPOS="984"
                         VPOS="782"
                         WIDTH="670"
                         HEIGHT="47">
                  <Shape>
                     <Polygon POINTS="984,782 1654,782 1654,829 984,829"/>
                  </Shape>
                  <String CONTENT="tes de eorum paupertate esse cupimus"
                          HPOS="984"
                          VPOS="782"
                          WIDTH="670"
                          HEIGHT="47"/>
               </TextLine>
               <TextLine ID="zone-line_IRHT_P_008150_2-10"
                         BASELINE=""
                         HPOS="989"
                         VPOS="850"
                         WIDTH="660"
                         HEIGHT="48">
                  <Shape>
                     <Polygon POINTS="989,850 1649,850 1649,898 989,898"/>
                  </Shape>
                  <String CONTENT="auaricie malum quod secundum apostolum y"
                          HPOS="989"
                          VPOS="850"
                          WIDTH="660"
                          HEIGHT="48"/>
               </TextLine>
               <TextLine ID="zone-line_IRHT_P_008150_2-11"
                         BASELINE=""
                         HPOS="989"
                         VPOS="914"
                         WIDTH="666"
                         HEIGHT="48">
                  <Shape>
                     <Polygon POINTS="989,914 1655,914 1655,962 989,962"/>
                  </Shape>
                  <String CONTENT="dolorum seruitus comprobatur euita"
                          HPOS="989"
                          VPOS="914"
                          WIDTH="666"
                          HEIGHT="48"/>
               </TextLine>
               <TextLine ID="zone-line_IRHT_P_008150_2-12"
                         BASELINE=""
                         HPOS="990"
                         VPOS="981"
                         WIDTH="681"
                         HEIGHT="53">
                  <Shape>
                     <Polygon POINTS="990,981 1671,981 1671,1034 990,1034"/>
                  </Shape>
                  <String CONTENT="re non possimus curam tamen animarum illorum"
                          HPOS="990"
                          VPOS="981"
                          WIDTH="681"
                          HEIGHT="53"/>
               </TextLine>
               <TextLine ID="zone-line_IRHT_P_008150_2-13"
                         BASELINE=""
                         HPOS="987"
                         VPOS="1046"
                         WIDTH="664"
                         HEIGHT="52">
                  <Shape>
                     <Polygon POINTS="987,1046 1651,1046 1651,1098 987,1098"/>
                  </Shape>
                  <String CONTENT="gratia caritatis retinere uolumus"
                          HPOS="987"
                          VPOS="1046"
                          WIDTH="664"
                          HEIGHT="52"/>
               </TextLine>
               <TextLine ID="zone-line_IRHT_P_008150_2-14"
                         BASELINE=""
                         HPOS="990"
                         VPOS="1111"
                         WIDTH="681"
                         HEIGHT="52">
                  <Shape>
                     <Polygon POINTS="990,1111 1671,1111 1671,1163 990,1163"/>
                  </Shape>
                  <String CONTENT="ut si quando a sancto proposito et obseruan"
                          HPOS="990"
                          VPOS="1111"
                          WIDTH="681"
                          HEIGHT="52"/>
               </TextLine>
               <TextLine ID="zone-line_IRHT_P_008150_2-15"
                         BASELINE=""
                         HPOS="982"
                         VPOS="1175"
                         WIDTH="668"
                         HEIGHT="53">
                  <Shape>
                     <Polygon POINTS="982,1175 1650,1175 1650,1228 982,1228"/>
                  </Shape>
                  <String CONTENT="tia sancte regule declinare quod absit temp"
                          HPOS="982"
                          VPOS="1175"
                          WIDTH="668"
                          HEIGHT="53"/>
               </TextLine>
               <TextLine ID="zone-line_IRHT_P_008150_2-16"
                         BASELINE=""
                         HPOS="986"
                         VPOS="1240"
                         WIDTH="665"
                         HEIGHT="57">
                  <Shape>
                     <Polygon POINTS="986,1240 1651,1240 1651,1297 986,1297"/>
                  </Shape>
                  <String CONTENT="tauerint per nostram sollicitudinem ad rec"
                          HPOS="986"
                          VPOS="1240"
                          WIDTH="665"
                          HEIGHT="57"/>
               </TextLine>
            </TextBlock>
         </PrintSpace>
      </Page>
   </Layout>
</alto>
