<?xml version="1.0" encoding="UTF-8"?>
<alto xmlns="http://www.loc.gov/standards/alto/ns-v4#"
      xmlns:xsi="http://www.w3.org/2001/XMLSchema-instance"
      xmlns:tei="http://www.tei-c.org/ns/1.0"
      xsi:schemaLocation="http://www.loc.gov/standards/alto/ns-v4# ../schema/alto.xsd">
   <Description>
      <MeasurementUnit>pixel</MeasurementUnit>
      <sourceImageInformation>
         <fileName>IRHT_P_006232.tif</fileName>
      </sourceImageInformation>
   </Description>
   <Layout>
      <Page ID="zone-page_IRHT_P_006232"
            PHYSICAL_IMG_NR="0"
            WIDTH="1743"
            HEIGHT="1258">
         <PrintSpace HPOS="0" VPOS="0" WIDTH="1743" HEIGHT="1258">
            <TextBlock HPOS="234"
                       VPOS="0"
                       WIDTH="1118"
                       HEIGHT="1261"
                       ID="zone-col_IRHT_P_006232_1">
               <Shape>
                  <Polygon POINTS="234,0 1352,0 1352,1261 234,1261"/>
               </Shape>
               <TextLine ID="zone-line_IRHT_P_006232_1-1"
                         BASELINE=""
                         HPOS="366"
                         VPOS="0"
                         WIDTH="924"
                         HEIGHT="48">
                  <Shape>
                     <Polygon POINTS="366,0 1290,0 1290,48 366,48"/>
                  </Shape>
                  <String CONTENT="antonini req uire agapiti uir"
                          HPOS="366"
                          VPOS="0"
                          WIDTH="924"
                          HEIGHT="48"/>
               </TextLine>
               <TextLine ID="zone-line_IRHT_P_006232_1-2"
                         BASELINE=""
                         HPOS="242"
                         VPOS="83"
                         WIDTH="1055"
                         HEIGHT="56">
                  <Shape>
                     <Polygon POINTS="242,83 1297,83 1297,139 242,139"/>
                  </Shape>
                  <String CONTENT="agiulphi req uire malcelli uigilia sancti bertini"
                          HPOS="242"
                          VPOS="83"
                          WIDTH="1055"
                          HEIGHT="56"/>
               </TextLine>
               <TextLine ID="zone-line_IRHT_P_006232_1-3"
                         BASELINE=""
                         HPOS="276"
                         VPOS="154"
                         WIDTH="1049"
                         HEIGHT="73">
                  <Shape>
                     <Polygon POINTS="276,154 1325,154 1325,227 276,227"/>
                  </Shape>
                  <String CONTENT="ut in uigilia sancti iacobi in die sancti bertini"
                          HPOS="276"
                          VPOS="154"
                          WIDTH="1049"
                          HEIGHT="73"/>
               </TextLine>
               <TextLine ID="zone-line_IRHT_P_006232_1-4"
                         BASELINE=""
                         HPOS="969"
                         VPOS="256"
                         WIDTH="281"
                         HEIGHT="58">
                  <Shape>
                     <Polygon POINTS="969,256 1250,256 1250,314 969,314"/>
                  </Shape>
                  <String CONTENT="omnipotens"
                          HPOS="969"
                          VPOS="256"
                          WIDTH="281"
                          HEIGHT="58"/>
               </TextLine>
               <TextLine ID="zone-line_IRHT_P_006232_1-5"
                         BASELINE=""
                         HPOS="963"
                         VPOS="353"
                         WIDTH="310"
                         HEIGHT="57">
                  <Shape>
                     <Polygon POINTS="963,353 1273,353 1273,410 963,410"/>
                  </Shape>
                  <String CONTENT="sempiterne"
                          HPOS="963"
                          VPOS="353"
                          WIDTH="310"
                          HEIGHT="57"/>
               </TextLine>
               <TextLine ID="zone-line_IRHT_P_006232_1-6"
                         BASELINE=""
                         HPOS="957"
                         VPOS="439"
                         WIDTH="364"
                         HEIGHT="55">
                  <Shape>
                     <Polygon POINTS="957,439 1321,439 1321,494 957,494"/>
                  </Shape>
                  <String CONTENT="deus qui mira"
                          HPOS="957"
                          VPOS="439"
                          WIDTH="364"
                          HEIGHT="55"/>
               </TextLine>
               <TextLine ID="zone-line_IRHT_P_006232_1-7"
                         BASELINE=""
                         HPOS="960"
                         VPOS="529"
                         WIDTH="321"
                         HEIGHT="58">
                  <Shape>
                     <Polygon POINTS="960,529 1281,529 1281,587 960,587"/>
                  </Shape>
                  <String CONTENT="biliter fulges"
                          HPOS="960"
                          VPOS="529"
                          WIDTH="321"
                          HEIGHT="58"/>
               </TextLine>
               <TextLine ID="zone-line_IRHT_P_006232_1-8"
                         BASELINE=""
                         HPOS="951"
                         VPOS="618"
                         WIDTH="334"
                         HEIGHT="55">
                  <Shape>
                     <Polygon POINTS="951,618 1285,618 1285,673 951,673"/>
                  </Shape>
                  <String CONTENT="in electis tuis"
                          HPOS="951"
                          VPOS="618"
                          WIDTH="334"
                          HEIGHT="55"/>
               </TextLine>
               <TextLine ID="zone-line_IRHT_P_006232_1-9"
                         BASELINE=""
                         HPOS="950"
                         VPOS="700"
                         WIDTH="338"
                         HEIGHT="57">
                  <Shape>
                     <Polygon POINTS="950,700 1288,700 1288,757 950,757"/>
                  </Shape>
                  <String CONTENT="quos te habi"
                          HPOS="950"
                          VPOS="700"
                          WIDTH="338"
                          HEIGHT="57"/>
               </TextLine>
               <TextLine ID="zone-line_IRHT_P_006232_1-10"
                         BASELINE=""
                         HPOS="949"
                         VPOS="785"
                         WIDTH="338"
                         HEIGHT="55">
                  <Shape>
                     <Polygon POINTS="949,785 1287,785 1287,840 949,840"/>
                  </Shape>
                  <String CONTENT="tatore glorifi"
                          HPOS="949"
                          VPOS="785"
                          WIDTH="338"
                          HEIGHT="55"/>
               </TextLine>
               <TextLine ID="zone-line_IRHT_P_006232_1-11"
                         BASELINE=""
                         HPOS="265"
                         VPOS="865"
                         WIDTH="1033"
                         HEIGHT="64">
                  <Shape>
                     <Polygon POINTS="265,865 1298,865 1298,929 265,929"/>
                  </Shape>
                  <String CONTENT="care uoluisti concede nos quatenus beati patris"
                          HPOS="265"
                          VPOS="865"
                          WIDTH="1033"
                          HEIGHT="64"/>
               </TextLine>
               <TextLine ID="zone-line_IRHT_P_006232_1-12"
                         BASELINE=""
                         HPOS="264"
                         VPOS="957"
                         WIDTH="999"
                         HEIGHT="64">
                  <Shape>
                     <Polygon POINTS="264,957 1263,957 1263,1021 264,1021"/>
                  </Shape>
                  <String CONTENT="nostri bertini ita sollempnia uenerari ut"
                          HPOS="264"
                          VPOS="957"
                          WIDTH="999"
                          HEIGHT="64"/>
               </TextLine>
               <TextLine ID="zone-line_IRHT_P_006232_1-13"
                         BASELINE=""
                         HPOS="260"
                         VPOS="1043"
                         WIDTH="1001"
                         HEIGHT="62">
                  <Shape>
                     <Polygon POINTS="260,1043 1261,1043 1261,1105 260,1105"/>
                  </Shape>
                  <String CONTENT="eius suffragantibus meritis templum tuum"
                          HPOS="260"
                          VPOS="1043"
                          WIDTH="1001"
                          HEIGHT="62"/>
               </TextLine>
               <TextLine ID="zone-line_IRHT_P_006232_1-14"
                         BASELINE=""
                         HPOS="363"
                         VPOS="1128"
                         WIDTH="849"
                         HEIGHT="61">
                  <Shape>
                     <Polygon POINTS="363,1128 1212,1128 1212,1189 363,1189"/>
                  </Shape>
                  <String CONTENT="mereamur fieri per secreta"
                          HPOS="363"
                          VPOS="1128"
                          WIDTH="849"
                          HEIGHT="61"/>
               </TextLine>
               <TextLine ID="zone-line_IRHT_P_006232_1-15"
                         BASELINE=""
                         HPOS="356"
                         VPOS="1205"
                         WIDTH="912"
                         HEIGHT="52">
                  <Shape>
                     <Polygon POINTS="356,1205 1268,1205 1268,1257 356,1257"/>
                  </Shape>
                  <String CONTENT="munera nostra tibi domine deus beati bertini"
                          HPOS="356"
                          VPOS="1205"
                          WIDTH="912"
                          HEIGHT="52"/>
               </TextLine>
            </TextBlock>
         </PrintSpace>
      </Page>
   </Layout>
</alto>
