<?xml version="1.0" encoding="UTF-8"?>
<alto xmlns="http://www.loc.gov/standards/alto/ns-v4#"
      xmlns:xsi="http://www.w3.org/2001/XMLSchema-instance"
      xmlns:tei="http://www.tei-c.org/ns/1.0"
      xsi:schemaLocation="http://www.loc.gov/standards/alto/ns-v4# ../schema/alto.xsd">
   <Description>
      <MeasurementUnit>pixel</MeasurementUnit>
      <sourceImageInformation>
         <fileName>IRHT_P_007137.tif</fileName>
      </sourceImageInformation>
   </Description>
   <Layout>
      <Page ID="zone-page_IRHT_P_007137"
            PHYSICAL_IMG_NR="0"
            WIDTH="1731"
            HEIGHT="1219">
         <PrintSpace HPOS="0" VPOS="0" WIDTH="1731" HEIGHT="1219">
            <TextBlock HPOS="247"
                       VPOS="0"
                       WIDTH="1053"
                       HEIGHT="1209"
                       ID="zone-col_IRHT_P_007137_1">
               <Shape>
                  <Polygon POINTS="247,0 1300,0 1300,1209 247,1209"/>
               </Shape>
               <TextLine ID="zone-line_IRHT_P_007137_1-1"
                         BASELINE=""
                         HPOS="298"
                         VPOS="90"
                         WIDTH="946"
                         HEIGHT="72">
                  <Shape>
                     <Polygon POINTS="298,90 1244,90 1244,162 298,162"/>
                  </Shape>
                  <String CONTENT="nimus prohemialiter dicta sint tanta"
                          HPOS="298"
                          VPOS="90"
                          WIDTH="946"
                          HEIGHT="72"/>
               </TextLine>
               <TextLine ID="zone-line_IRHT_P_007137_1-2"
                         BASELINE=""
                         HPOS="551"
                         VPOS="194"
                         WIDTH="719"
                         HEIGHT="67">
                  <Shape>
                     <Polygon POINTS="551,194 1270,194 1270,261 551,261"/>
                  </Shape>
                  <String CONTENT="dicamus autem resumentes"
                          HPOS="551"
                          VPOS="194"
                          WIDTH="719"
                          HEIGHT="67"/>
               </TextLine>
               <TextLine ID="zone-line_IRHT_P_007137_1-3"
                         BASELINE=""
                         HPOS="542"
                         VPOS="283"
                         WIDTH="726"
                         HEIGHT="74">
                  <Shape>
                     <Polygon POINTS="542,283 1268,283 1268,357 542,357"/>
                  </Shape>
                  <String CONTENT="quoniam omnis cognitio"
                          HPOS="542"
                          VPOS="283"
                          WIDTH="726"
                          HEIGHT="74"/>
               </TextLine>
               <TextLine ID="zone-line_IRHT_P_007137_1-4"
                         BASELINE=""
                         HPOS="305"
                         VPOS="363"
                         WIDTH="958"
                         HEIGHT="87">
                  <Shape>
                     <Polygon POINTS="305,363 1263,363 1263,450 305,450"/>
                  </Shape>
                  <String CONTENT="et electio bonum aliquod desiderat"
                          HPOS="305"
                          VPOS="363"
                          WIDTH="958"
                          HEIGHT="87"/>
               </TextLine>
               <TextLine ID="zone-line_IRHT_P_007137_1-5"
                         BASELINE=""
                         HPOS="312"
                         VPOS="464"
                         WIDTH="961"
                         HEIGHT="78">
                  <Shape>
                     <Polygon POINTS="312,464 1273,464 1273,542 312,542"/>
                  </Shape>
                  <String CONTENT="quid est hoc quod dicimus ciuilem"
                          HPOS="312"
                          VPOS="464"
                          WIDTH="961"
                          HEIGHT="78"/>
               </TextLine>
               <TextLine ID="zone-line_IRHT_P_007137_1-6"
                         BASELINE=""
                         HPOS="314"
                         VPOS="555"
                         WIDTH="940"
                         HEIGHT="83">
                  <Shape>
                     <Polygon POINTS="314,555 1254,555 1254,638 314,638"/>
                  </Shape>
                  <String CONTENT="desiderare et quid est omnium"
                          HPOS="314"
                          VPOS="555"
                          WIDTH="940"
                          HEIGHT="83"/>
               </TextLine>
               <TextLine ID="zone-line_IRHT_P_007137_1-7"
                         BASELINE=""
                         HPOS="312"
                         VPOS="656"
                         WIDTH="988"
                         HEIGHT="84">
                  <Shape>
                     <Polygon POINTS="312,656 1300,656 1300,740 312,740"/>
                  </Shape>
                  <String CONTENT="operatorum summum bonum nomine"
                          HPOS="312"
                          VPOS="656"
                          WIDTH="988"
                          HEIGHT="84"/>
               </TextLine>
               <TextLine ID="zone-line_IRHT_P_007137_1-8"
                         BASELINE=""
                         HPOS="305"
                         VPOS="754"
                         WIDTH="989"
                         HEIGHT="76">
                  <Shape>
                     <Polygon POINTS="305,754 1294,754 1294,830 305,830"/>
                  </Shape>
                  <String CONTENT="quidem iguitur fere a plurimis confessum est"
                          HPOS="305"
                          VPOS="754"
                          WIDTH="989"
                          HEIGHT="76"/>
               </TextLine>
               <TextLine ID="zone-line_IRHT_P_007137_1-9"
                         BASELINE=""
                         HPOS="317"
                         VPOS="844"
                         WIDTH="973"
                         HEIGHT="73">
                  <Shape>
                     <Polygon POINTS="317,844 1290,844 1290,917 317,917"/>
                  </Shape>
                  <String CONTENT="felicitatem enim et multi et ex"
                          HPOS="317"
                          VPOS="844"
                          WIDTH="973"
                          HEIGHT="73"/>
               </TextLine>
               <TextLine ID="zone-line_IRHT_P_007137_1-10"
                         BASELINE=""
                         HPOS="307"
                         VPOS="937"
                         WIDTH="980"
                         HEIGHT="88">
                  <Shape>
                     <Polygon POINTS="307,937 1287,937 1287,1025 307,1025"/>
                  </Shape>
                  <String CONTENT="cellentes dicunt bene uiuere autem"
                          HPOS="307"
                          VPOS="937"
                          WIDTH="980"
                          HEIGHT="88"/>
               </TextLine>
               <TextLine ID="zone-line_IRHT_P_007137_1-11"
                         BASELINE=""
                         HPOS="305"
                         VPOS="1021"
                         WIDTH="978"
                         HEIGHT="90">
                  <Shape>
                     <Polygon POINTS="305,1021 1283,1021 1283,1111 305,1111"/>
                  </Shape>
                  <String CONTENT="et bene operari idem existimant ei quod"
                          HPOS="305"
                          VPOS="1021"
                          WIDTH="978"
                          HEIGHT="90"/>
               </TextLine>
               <TextLine ID="zone-line_IRHT_P_007137_1-12"
                         BASELINE=""
                         HPOS="323"
                         VPOS="1125"
                         WIDTH="969"
                         HEIGHT="72">
                  <Shape>
                     <Polygon POINTS="323,1125 1292,1125 1292,1197 323,1197"/>
                  </Shape>
                  <String CONTENT="est esse felicem de felicitate autem"
                          HPOS="323"
                          VPOS="1125"
                          WIDTH="969"
                          HEIGHT="72"/>
               </TextLine>
            </TextBlock>
         </PrintSpace>
      </Page>
   </Layout>
</alto>
