<?xml version="1.0" encoding="UTF-8"?>
<alto xmlns="http://www.loc.gov/standards/alto/ns-v4#"
      xmlns:xsi="http://www.w3.org/2001/XMLSchema-instance"
      xmlns:tei="http://www.tei-c.org/ns/1.0"
      xsi:schemaLocation="http://www.loc.gov/standards/alto/ns-v4# ../schema/alto.xsd">
   <Description>
      <MeasurementUnit>pixel</MeasurementUnit>
      <sourceImageInformation>
         <fileName>IRHT_P_008301.tif</fileName>
      </sourceImageInformation>
   </Description>
   <Layout>
      <Page ID="zone-page_IRHT_P_008301"
            PHYSICAL_IMG_NR="0"
            WIDTH="1759"
            HEIGHT="1246">
         <PrintSpace HPOS="0" VPOS="0" WIDTH="1759" HEIGHT="1246">
            <TextBlock HPOS="62"
                       VPOS="8"
                       WIDTH="933"
                       HEIGHT="1227"
                       ID="zone-col_IRHT_P_008301_1">
               <Shape>
                  <Polygon POINTS="62,8 995,8 995,1235 62,1235"/>
               </Shape>
               <TextLine ID="zone-line_IRHT_P_008301_1-1"
                         BASELINE=""
                         HPOS="167"
                         VPOS="93"
                         WIDTH="435"
                         HEIGHT="104">
                  <Shape>
                     <Polygon POINTS="167,93 602,93 602,197 167,197"/>
                  </Shape>
                  <String CONTENT="christianus ille uere christianus"
                          HPOS="167"
                          VPOS="93"
                          WIDTH="435"
                          HEIGHT="104"/>
               </TextLine>
               <TextLine ID="zone-line_IRHT_P_008301_1-2"
                         BASELINE=""
                         HPOS="130"
                         VPOS="217"
                         WIDTH="788"
                         HEIGHT="53">
                  <Shape>
                     <Polygon POINTS="130,217 918,217 918,270 130,270"/>
                  </Shape>
                  <String CONTENT="est qui omnibus"
                          HPOS="130"
                          VPOS="217"
                          WIDTH="788"
                          HEIGHT="53"/>
               </TextLine>
               <TextLine ID="zone-line_IRHT_P_008301_1-3"
                         BASELINE=""
                         HPOS="149"
                         VPOS="277"
                         WIDTH="755"
                         HEIGHT="50">
                  <Shape>
                     <Polygon POINTS="149,277 904,277 904,327 149,327"/>
                  </Shape>
                  <String CONTENT="misericordiam facit qui nulla omnino mo"
                          HPOS="149"
                          VPOS="277"
                          WIDTH="755"
                          HEIGHT="50"/>
               </TextLine>
               <TextLine ID="zone-line_IRHT_P_008301_1-4"
                         BASELINE=""
                         HPOS="149"
                         VPOS="335"
                         WIDTH="752"
                         HEIGHT="51">
                  <Shape>
                     <Polygon POINTS="149,335 901,335 901,386 149,386"/>
                  </Shape>
                  <String CONTENT="uetur iniuria qui alienum dolorem tan"
                          HPOS="149"
                          VPOS="335"
                          WIDTH="752"
                          HEIGHT="51"/>
               </TextLine>
               <TextLine ID="zone-line_IRHT_P_008301_1-5"
                         BASELINE=""
                         HPOS="152"
                         VPOS="396"
                         WIDTH="771"
                         HEIGHT="50">
                  <Shape>
                     <Polygon POINTS="152,396 923,396 923,446 152,446"/>
                  </Shape>
                  <String CONTENT="quam proprium sentit cuius mensam nullus"
                          HPOS="152"
                          VPOS="396"
                          WIDTH="771"
                          HEIGHT="50"/>
               </TextLine>
               <TextLine ID="zone-line_IRHT_P_008301_1-6"
                         BASELINE=""
                         HPOS="147"
                         VPOS="455"
                         WIDTH="744"
                         HEIGHT="48">
                  <Shape>
                     <Polygon POINTS="147,455 891,455 891,503 147,503"/>
                  </Shape>
                  <String CONTENT="pauper ignorat qui coram hominibus in"
                          HPOS="147"
                          VPOS="455"
                          WIDTH="744"
                          HEIGHT="48"/>
               </TextLine>
               <TextLine ID="zone-line_IRHT_P_008301_1-7"
                         BASELINE=""
                         HPOS="139"
                         VPOS="513"
                         WIDTH="776"
                         HEIGHT="50">
                  <Shape>
                     <Polygon POINTS="139,513 915,513 915,563 139,563"/>
                  </Shape>
                  <String CONTENT="glorius habetur ut coram deo et ange"
                          HPOS="139"
                          VPOS="513"
                          WIDTH="776"
                          HEIGHT="50"/>
               </TextLine>
               <TextLine ID="zone-line_IRHT_P_008301_1-8"
                         BASELINE=""
                         HPOS="147"
                         VPOS="571"
                         WIDTH="756"
                         HEIGHT="56">
                  <Shape>
                     <Polygon POINTS="147,571 903,571 903,627 147,627"/>
                  </Shape>
                  <String CONTENT="lis glorietur qui terrena contempnit"
                          HPOS="147"
                          VPOS="571"
                          WIDTH="756"
                          HEIGHT="56"/>
               </TextLine>
               <TextLine ID="zone-line_IRHT_P_008301_1-9"
                         BASELINE=""
                         HPOS="137"
                         VPOS="628"
                         WIDTH="785"
                         HEIGHT="63">
                  <Shape>
                     <Polygon POINTS="137,628 922,628 922,691 137,691"/>
                  </Shape>
                  <String CONTENT="ut possit habere celestia qui opprimi"
                          HPOS="137"
                          VPOS="628"
                          WIDTH="785"
                          HEIGHT="63"/>
               </TextLine>
               <TextLine ID="zone-line_IRHT_P_008301_1-10"
                         BASELINE=""
                         HPOS="145"
                         VPOS="695"
                         WIDTH="756"
                         HEIGHT="57">
                  <Shape>
                     <Polygon POINTS="145,695 901,695 901,752 145,752"/>
                  </Shape>
                  <String CONTENT="pauperem se presente non patitur qui"
                          HPOS="145"
                          VPOS="695"
                          WIDTH="756"
                          HEIGHT="57"/>
               </TextLine>
               <TextLine ID="zone-line_IRHT_P_008301_1-11"
                         BASELINE=""
                         HPOS="141"
                         VPOS="756"
                         WIDTH="758"
                         HEIGHT="51">
                  <Shape>
                     <Polygon POINTS="141,756 899,756 899,807 141,807"/>
                  </Shape>
                  <String CONTENT="miseris subuenit qui ad fletum"
                          HPOS="141"
                          VPOS="756"
                          WIDTH="758"
                          HEIGHT="51"/>
               </TextLine>
               <TextLine ID="zone-line_IRHT_P_008301_1-12"
                         BASELINE=""
                         HPOS="148"
                         VPOS="811"
                         WIDTH="761"
                         HEIGHT="56">
                  <Shape>
                     <Polygon POINTS="148,811 909,811 909,867 148,867"/>
                  </Shape>
                  <String CONTENT="fletibus prouocatur alienis quod bene"
                          HPOS="148"
                          VPOS="811"
                          WIDTH="761"
                          HEIGHT="56"/>
               </TextLine>
               <TextLine ID="zone-line_IRHT_P_008301_1-13"
                         BASELINE=""
                         HPOS="147"
                         VPOS="869"
                         WIDTH="748"
                         HEIGHT="54">
                  <Shape>
                     <Polygon POINTS="147,869 895,869 895,923 147,923"/>
                  </Shape>
                  <String CONTENT="faciebat paulus quis infirmatur"
                          HPOS="147"
                          VPOS="869"
                          WIDTH="748"
                          HEIGHT="54"/>
               </TextLine>
               <TextLine ID="zone-line_IRHT_P_008301_1-14"
                         BASELINE=""
                         HPOS="146"
                         VPOS="930"
                         WIDTH="729"
                         HEIGHT="54">
                  <Shape>
                     <Polygon POINTS="146,930 875,930 875,984 146,984"/>
                  </Shape>
                  <String CONTENT="et ego uero infirmor augustinus libro de"
                          HPOS="146"
                          VPOS="930"
                          WIDTH="729"
                          HEIGHT="54"/>
               </TextLine>
               <TextLine ID="zone-line_IRHT_P_008301_1-15"
                         BASELINE=""
                         HPOS="150"
                         VPOS="993"
                         WIDTH="298"
                         HEIGHT="45">
                  <Shape>
                     <Polygon POINTS="150,993 448,993 448,1038 150,1038"/>
                  </Shape>
                  <String CONTENT="uita christana"
                          HPOS="150"
                          VPOS="993"
                          WIDTH="298"
                          HEIGHT="45"/>
               </TextLine>
               <TextLine ID="zone-line_IRHT_P_008301_1-16"
                         BASELINE=""
                         HPOS="97"
                         VPOS="1061"
                         WIDTH="778"
                         HEIGHT="48">
                  <Shape>
                     <Polygon POINTS="97,1061 875,1061 875,1109 97,1109"/>
                  </Shape>
                  <String CONTENT="christiani nomen ille frustra sortitur"
                          HPOS="97"
                          VPOS="1061"
                          WIDTH="778"
                          HEIGHT="48"/>
               </TextLine>
               <TextLine ID="zone-line_IRHT_P_008301_1-17"
                         BASELINE=""
                         HPOS="135"
                         VPOS="1120"
                         WIDTH="779"
                         HEIGHT="45">
                  <Shape>
                     <Polygon POINTS="135,1120 914,1120 914,1165 135,1165"/>
                  </Shape>
                  <String CONTENT="qui christum minime immitatur quid enim"
                          HPOS="135"
                          VPOS="1120"
                          WIDTH="779"
                          HEIGHT="45"/>
               </TextLine>
               <TextLine ID="zone-line_IRHT_P_008301_1-18"
                         BASELINE=""
                         HPOS="184"
                         VPOS="1175"
                         WIDTH="666"
                         HEIGHT="49">
                  <Shape>
                     <Polygon POINTS="184,1175 850,1175 850,1224 184,1224"/>
                  </Shape>
                  <String CONTENT="tibi prodest uocari quod non es et nomen"
                          HPOS="184"
                          VPOS="1175"
                          WIDTH="666"
                          HEIGHT="49"/>
               </TextLine>
            </TextBlock>
            <TextBlock HPOS="995"
                       VPOS="8"
                       WIDTH="761"
                       HEIGHT="1227"
                       ID="zone-col_IRHT_P_008301_2">
               <Shape>
                  <Polygon POINTS="995,8 1756,8 1756,1235 995,1235"/>
               </Shape>
               <TextLine ID="zone-line_IRHT_P_008301_2-1"
                         BASELINE=""
                         HPOS="1137"
                         VPOS="60"
                         WIDTH="617"
                         HEIGHT="42">
                  <Shape>
                     <Polygon POINTS="1137,60 1754,60 1754,102 1137,102"/>
                  </Shape>
                  <String CONTENT="uiuat crux est atque mrty"
                          HPOS="1137"
                          VPOS="60"
                          WIDTH="617"
                          HEIGHT="42"/>
               </TextLine>
               <TextLine ID="zone-line_IRHT_P_008301_2-2"
                         BASELINE=""
                         HPOS="1135"
                         VPOS="110"
                         WIDTH="585"
                         HEIGHT="53">
                  <Shape>
                     <Polygon POINTS="1135,110 1720,110 1720,163 1135,163"/>
                  </Shape>
                  <String CONTENT="magximus in sermone natalis domini"
                          HPOS="1135"
                          VPOS="110"
                          WIDTH="585"
                          HEIGHT="53"/>
               </TextLine>
               <TextLine ID="zone-line_IRHT_P_008301_2-3"
                         BASELINE=""
                         HPOS="1101"
                         VPOS="177"
                         WIDTH="465"
                         HEIGHT="47">
                  <Shape>
                     <Polygon POINTS="1101,177 1566,177 1566,224 1101,224"/>
                  </Shape>
                  <String CONTENT="ubi fides ueritas f"
                          HPOS="1101"
                          VPOS="177"
                          WIDTH="465"
                          HEIGHT="47"/>
               </TextLine>
               <TextLine ID="zone-line_IRHT_P_008301_2-4"
                         BASELINE=""
                         HPOS="1128"
                         VPOS="225"
                         WIDTH="226"
                         HEIGHT="108">
                  <Shape>
                     <Polygon POINTS="1128,225 1354,225 1354,333 1128,333"/>
                  </Shape>
                  <String CONTENT="christus"
                          HPOS="1128"
                          VPOS="225"
                          WIDTH="226"
                          HEIGHT="108"/>
               </TextLine>
               <TextLine ID="zone-line_IRHT_P_008301_2-5"
                         BASELINE=""
                         HPOS="1098"
                         VPOS="350"
                         WIDTH="657"
                         HEIGHT="58">
                  <Shape>
                     <Polygon POINTS="1098,350 1755,350 1755,408 1098,408"/>
                  </Shape>
                  <String CONTENT="a esuriuit christus qui omnes pa"
                          HPOS="1098"
                          VPOS="350"
                          WIDTH="657"
                          HEIGHT="58"/>
               </TextLine>
               <TextLine ID="zone-line_IRHT_P_008301_2-6"
                         BASELINE=""
                         HPOS="1132"
                         VPOS="409"
                         WIDTH="615"
                         HEIGHT="55">
                  <Shape>
                     <Polygon POINTS="1132,409 1747,409 1747,464 1132,464"/>
                  </Shape>
                  <String CONTENT="sitiuit per quem causatur on"
                          HPOS="1132"
                          VPOS="409"
                          WIDTH="615"
                          HEIGHT="55"/>
               </TextLine>
               <TextLine ID="zone-line_IRHT_P_008301_2-7"
                         BASELINE=""
                         HPOS="1137"
                         VPOS="471"
                         WIDTH="616"
                         HEIGHT="47">
                  <Shape>
                     <Polygon POINTS="1137,471 1753,471 1753,518 1137,518"/>
                  </Shape>
                  <String CONTENT="tus et qui spiritualiter panis e"
                          HPOS="1137"
                          VPOS="471"
                          WIDTH="616"
                          HEIGHT="47"/>
               </TextLine>
               <TextLine ID="zone-line_IRHT_P_008301_2-8"
                         BASELINE=""
                         HPOS="1126"
                         VPOS="522"
                         WIDTH="630"
                         HEIGHT="54">
                  <Shape>
                     <Polygon POINTS="1126,522 1756,522 1756,576 1126,576"/>
                  </Shape>
                  <String CONTENT="riencium fonsque sitientium a"
                          HPOS="1126"
                          VPOS="522"
                          WIDTH="630"
                          HEIGHT="54"/>
               </TextLine>
               <TextLine ID="zone-line_IRHT_P_008301_2-9"
                         BASELINE=""
                         HPOS="1127"
                         VPOS="586"
                         WIDTH="623"
                         HEIGHT="55">
                  <Shape>
                     <Polygon POINTS="1127,586 1750,586 1750,641 1127,641"/>
                  </Shape>
                  <String CONTENT="terrestri fatigatus est qui se"
                          HPOS="1127"
                          VPOS="586"
                          WIDTH="623"
                          HEIGHT="55"/>
               </TextLine>
               <TextLine ID="zone-line_IRHT_P_008301_2-10"
                         BASELINE=""
                         HPOS="1127"
                         VPOS="648"
                         WIDTH="629"
                         HEIGHT="60">
                  <Shape>
                     <Polygon POINTS="1127,648 1756,648 1756,708 1127,708"/>
                  </Shape>
                  <String CONTENT="nobis uiam fecit in celum uelu"
                          HPOS="1127"
                          VPOS="648"
                          WIDTH="629"
                          HEIGHT="60"/>
               </TextLine>
               <TextLine ID="zone-line_IRHT_P_008301_2-11"
                         BASELINE=""
                         HPOS="1131"
                         VPOS="711"
                         WIDTH="617"
                         HEIGHT="51">
                  <Shape>
                     <Polygon POINTS="1131,711 1748,711 1748,762 1131,762"/>
                  </Shape>
                  <String CONTENT="mutuit et obsurduit coram"
                          HPOS="1131"
                          VPOS="711"
                          WIDTH="617"
                          HEIGHT="51"/>
               </TextLine>
               <TextLine ID="zone-line_IRHT_P_008301_2-12"
                         BASELINE=""
                         HPOS="1138"
                         VPOS="767"
                         WIDTH="611"
                         HEIGHT="48">
                  <Shape>
                     <Polygon POINTS="1138,767 1749,767 1749,815 1138,815"/>
                  </Shape>
                  <String CONTENT="ciantibus per quem mutus locu"
                          HPOS="1138"
                          VPOS="767"
                          WIDTH="611"
                          HEIGHT="48"/>
               </TextLine>
               <TextLine ID="zone-line_IRHT_P_008301_2-13"
                         BASELINE=""
                         HPOS="1140"
                         VPOS="825"
                         WIDTH="608"
                         HEIGHT="53">
                  <Shape>
                     <Polygon POINTS="1140,825 1748,825 1748,878 1140,878"/>
                  </Shape>
                  <String CONTENT="et surdus audiuit uinctus est"
                          HPOS="1140"
                          VPOS="825"
                          WIDTH="608"
                          HEIGHT="53"/>
               </TextLine>
               <TextLine ID="zone-line_IRHT_P_008301_2-14"
                         BASELINE=""
                         HPOS="1140"
                         VPOS="881"
                         WIDTH="615"
                         HEIGHT="61">
                  <Shape>
                     <Polygon POINTS="1140,881 1755,881 1755,942 1140,942"/>
                  </Shape>
                  <String CONTENT="de infirmitatum uinculis nos sol"
                          HPOS="1140"
                          VPOS="881"
                          WIDTH="615"
                          HEIGHT="61"/>
               </TextLine>
               <TextLine ID="zone-line_IRHT_P_008301_2-15"
                         BASELINE=""
                         HPOS="1134"
                         VPOS="945"
                         WIDTH="616"
                         HEIGHT="55">
                  <Shape>
                     <Polygon POINTS="1134,945 1750,945 1750,1000 1134,1000"/>
                  </Shape>
                  <String CONTENT="flagellatus est qui omni flag"
                          HPOS="1134"
                          VPOS="945"
                          WIDTH="616"
                          HEIGHT="55"/>
               </TextLine>
               <TextLine ID="zone-line_IRHT_P_008301_2-16"
                         BASELINE=""
                         HPOS="1135"
                         VPOS="1006"
                         WIDTH="619"
                         HEIGHT="55">
                  <Shape>
                     <Polygon POINTS="1135,1006 1754,1006 1754,1061 1135,1061"/>
                  </Shape>
                  <String CONTENT="lorum de hominum corporibus expulit"
                          HPOS="1135"
                          VPOS="1006"
                          WIDTH="619"
                          HEIGHT="55"/>
               </TextLine>
               <TextLine ID="zone-line_IRHT_P_008301_2-17"
                         BASELINE=""
                         HPOS="1129"
                         VPOS="1069"
                         WIDTH="618"
                         HEIGHT="50">
                  <Shape>
                     <Polygon POINTS="1129,1069 1747,1069 1747,1119 1129,1119"/>
                  </Shape>
                  <String CONTENT="fixus est qui cruciatus nostros fi"
                          HPOS="1129"
                          VPOS="1069"
                          WIDTH="618"
                          HEIGHT="50"/>
               </TextLine>
               <TextLine ID="zone-line_IRHT_P_008301_2-18"
                         BASELINE=""
                         HPOS="1126"
                         VPOS="1130"
                         WIDTH="629"
                         HEIGHT="60">
                  <Shape>
                     <Polygon POINTS="1126,1130 1755,1130 1755,1190 1126,1190"/>
                  </Shape>
                  <String CONTENT="mortuus est qui mortuos susc"
                          HPOS="1126"
                          VPOS="1130"
                          WIDTH="629"
                          HEIGHT="60"/>
               </TextLine>
               <TextLine ID="zone-line_IRHT_P_008301_2-19"
                         BASELINE=""
                         HPOS="1123"
                         VPOS="1185"
                         WIDTH="632"
                         HEIGHT="51">
                  <Shape>
                     <Polygon POINTS="1123,1185 1755,1185 1755,1236 1123,1236"/>
                  </Shape>
                  <String CONTENT="sed et resurrexit nunquam moritu"
                          HPOS="1123"
                          VPOS="1185"
                          WIDTH="632"
                          HEIGHT="51"/>
               </TextLine>
            </TextBlock>
         </PrintSpace>
      </Page>
   </Layout>
</alto>
