<?xml version="1.0" encoding="UTF-8"?>
<alto xmlns="http://www.loc.gov/standards/alto/ns-v4#"
      xmlns:xsi="http://www.w3.org/2001/XMLSchema-instance"
      xmlns:tei="http://www.tei-c.org/ns/1.0"
      xsi:schemaLocation="http://www.loc.gov/standards/alto/ns-v4# ../schema/alto.xsd">
   <Description>
      <MeasurementUnit>pixel</MeasurementUnit>
      <sourceImageInformation>
         <fileName>IRHT_P_005163.tif</fileName>
      </sourceImageInformation>
   </Description>
   <Layout>
      <Page ID="zone-page_IRHT_P_005163"
            PHYSICAL_IMG_NR="0"
            WIDTH="1380"
            HEIGHT="1854">
         <PrintSpace HPOS="0" VPOS="0" WIDTH="1380" HEIGHT="1854">
            <TextBlock HPOS="137"
                       VPOS="89"
                       WIDTH="1180"
                       HEIGHT="1725"
                       ID="zone-col_IRHT_P_005163_1">
               <Shape>
                  <Polygon POINTS="137,89 1317,89 1317,1814 137,1814"/>
               </Shape>
               <TextLine ID="zone-line_IRHT_P_005163_1-1"
                         BASELINE=""
                         HPOS="276"
                         VPOS="329"
                         WIDTH="1035"
                         HEIGHT="66">
                  <Shape>
                     <Polygon POINTS="276,329 1311,329 1311,395 276,395"/>
                  </Shape>
                  <String CONTENT="cum uomitu precipue in egritudinibus acutis et horis"
                          HPOS="276"
                          VPOS="329"
                          WIDTH="1035"
                          HEIGHT="66"/>
               </TextLine>
               <TextLine ID="zone-line_IRHT_P_005163_1-2"
                         BASELINE=""
                         HPOS="266"
                         VPOS="404"
                         WIDTH="1030"
                         HEIGHT="59">
                  <Shape>
                     <Polygon POINTS="266,404 1296,404 1296,463 266,463"/>
                  </Shape>
                  <String CONTENT="crisis et quandoque est cum communitate neruorum uenientium ad"
                          HPOS="266"
                          VPOS="404"
                          WIDTH="1030"
                          HEIGHT="59"/>
               </TextLine>
               <TextLine ID="zone-line_IRHT_P_005163_1-3"
                         BASELINE=""
                         HPOS="274"
                         VPOS="473"
                         WIDTH="1041"
                         HEIGHT="56">
                  <Shape>
                     <Polygon POINTS="274,473 1315,473 1315,529 274,529"/>
                  </Shape>
                  <String CONTENT="ea a cerebro et nucha cum communitate quam cerebrum habet cum eis"
                          HPOS="274"
                          VPOS="473"
                          WIDTH="1041"
                          HEIGHT="56"/>
               </TextLine>
               <TextLine ID="zone-line_IRHT_P_005163_1-4"
                         BASELINE=""
                         HPOS="807"
                         VPOS="548"
                         WIDTH="470"
                         HEIGHT="52">
                  <Shape>
                     <Polygon POINTS="807,548 1277,548 1277,600 807,600"/>
                  </Shape>
                  <String CONTENT="fen noua de dispositio"
                          HPOS="807"
                          VPOS="548"
                          WIDTH="470"
                          HEIGHT="52"/>
               </TextLine>
               <TextLine ID="zone-line_IRHT_P_005163_1-5"
                         BASELINE=""
                         HPOS="805"
                         VPOS="611"
                         WIDTH="468"
                         HEIGHT="52">
                  <Shape>
                     <Polygon POINTS="805,611 1273,611 1273,663 805,663"/>
                  </Shape>
                  <String CONTENT="nibus gutturis cuius"
                          HPOS="805"
                          VPOS="611"
                          WIDTH="468"
                          HEIGHT="52"/>
               </TextLine>
               <TextLine ID="zone-line_IRHT_P_005163_1-6"
                         BASELINE=""
                         HPOS="816"
                         VPOS="676"
                         WIDTH="479"
                         HEIGHT="49">
                  <Shape>
                     <Polygon POINTS="816,676 1295,676 1295,725 816,725"/>
                  </Shape>
                  <String CONTENT="est unus tractatus con"
                          HPOS="816"
                          VPOS="676"
                          WIDTH="479"
                          HEIGHT="49"/>
               </TextLine>
               <TextLine ID="zone-line_IRHT_P_005163_1-7"
                         BASELINE=""
                         HPOS="807"
                         VPOS="746"
                         WIDTH="499"
                         HEIGHT="47">
                  <Shape>
                     <Polygon POINTS="807,746 1306,746 1306,793 807,793"/>
                  </Shape>
                  <String CONTENT="tinens tresdecim capitu"
                          HPOS="807"
                          VPOS="746"
                          WIDTH="499"
                          HEIGHT="47"/>
               </TextLine>
               <TextLine ID="zone-line_IRHT_P_005163_1-8"
                         BASELINE=""
                         HPOS="805"
                         VPOS="815"
                         WIDTH="492"
                         HEIGHT="50">
                  <Shape>
                     <Polygon POINTS="805,815 1297,815 1297,865 805,865"/>
                  </Shape>
                  <String CONTENT="la capitulum primum est"
                          HPOS="805"
                          VPOS="815"
                          WIDTH="492"
                          HEIGHT="50"/>
               </TextLine>
               <TextLine ID="zone-line_IRHT_P_005163_1-9"
                         BASELINE=""
                         HPOS="812"
                         VPOS="883"
                         WIDTH="490"
                         HEIGHT="50">
                  <Shape>
                     <Polygon POINTS="812,883 1302,883 1302,933 812,933"/>
                  </Shape>
                  <String CONTENT="de anathomia gutturi"
                          HPOS="812"
                          VPOS="883"
                          WIDTH="490"
                          HEIGHT="50"/>
               </TextLine>
               <TextLine ID="zone-line_IRHT_P_005163_1-10"
                         BASELINE=""
                         HPOS="565"
                         VPOS="548"
                         WIDTH="242"
                         HEIGHT="49">
                  <Shape>
                     <Polygon POINTS="565,548 807,548 807,597 565,597"/>
                  </Shape>
                  <String CONTENT="per guttur"
                          HPOS="565"
                          VPOS="548"
                          WIDTH="242"
                          HEIGHT="49"/>
               </TextLine>
               <TextLine ID="zone-line_IRHT_P_005163_1-11"
                         BASELINE=""
                         HPOS="565"
                         VPOS="611"
                         WIDTH="240"
                         HEIGHT="50">
                  <Shape>
                     <Polygon POINTS="565,611 805,611 805,661 565,661"/>
                  </Shape>
                  <String CONTENT="intelligimus"
                          HPOS="565"
                          VPOS="611"
                          WIDTH="240"
                          HEIGHT="50"/>
               </TextLine>
               <TextLine ID="zone-line_IRHT_P_005163_1-12"
                         BASELINE=""
                         HPOS="571"
                         VPOS="676"
                         WIDTH="245"
                         HEIGHT="54">
                  <Shape>
                     <Polygon POINTS="571,676 816,676 816,730 571,730"/>
                  </Shape>
                  <String CONTENT="spatium in quo"
                          HPOS="571"
                          VPOS="676"
                          WIDTH="245"
                          HEIGHT="54"/>
               </TextLine>
               <TextLine ID="zone-line_IRHT_P_005163_1-13"
                         BASELINE=""
                         HPOS="564"
                         VPOS="747"
                         WIDTH="243"
                         HEIGHT="47">
                  <Shape>
                     <Polygon POINTS="564,747 807,747 807,794 564,794"/>
                  </Shape>
                  <String CONTENT="sunt meatus"
                          HPOS="564"
                          VPOS="747"
                          WIDTH="243"
                          HEIGHT="47"/>
               </TextLine>
               <TextLine ID="zone-line_IRHT_P_005163_1-14"
                         BASELINE=""
                         HPOS="267"
                         VPOS="814"
                         WIDTH="538"
                         HEIGHT="50">
                  <Shape>
                     <Polygon POINTS="267,814 805,814 805,864 267,864"/>
                  </Shape>
                  <String CONTENT="hanelitus et cibi et de eo"
                          HPOS="267"
                          VPOS="814"
                          WIDTH="538"
                          HEIGHT="50"/>
               </TextLine>
               <TextLine ID="zone-line_IRHT_P_005163_1-15"
                         BASELINE=""
                         HPOS="253"
                         VPOS="883"
                         WIDTH="559"
                         HEIGHT="50">
                  <Shape>
                     <Polygon POINTS="253,883 812,883 812,933 253,933"/>
                  </Shape>
                  <String CONTENT="sunt additio que est una"
                          HPOS="253"
                          VPOS="883"
                          WIDTH="559"
                          HEIGHT="50"/>
               </TextLine>
               <TextLine ID="zone-line_IRHT_P_005163_1-16"
                         BASELINE=""
                         HPOS="198"
                         VPOS="953"
                         WIDTH="1099"
                         HEIGHT="54">
                  <Shape>
                     <Polygon POINTS="198,953 1297,953 1297,1007 198,1007"/>
                  </Shape>
                  <String CONTENT="et amigdale et galsamathi et tu quidem iam sci"
                          HPOS="198"
                          VPOS="953"
                          WIDTH="1099"
                          HEIGHT="54"/>
               </TextLine>
               <TextLine ID="zone-line_IRHT_P_005163_1-17"
                         BASELINE=""
                         HPOS="185"
                         VPOS="1022"
                         WIDTH="1116"
                         HEIGHT="54">
                  <Shape>
                     <Polygon POINTS="185,1022 1301,1022 1301,1076 185,1076"/>
                  </Shape>
                  <String CONTENT="uisti anathomiam mery et anathomiam epyglotis una"
                          HPOS="185"
                          VPOS="1022"
                          WIDTH="1116"
                          HEIGHT="54"/>
               </TextLine>
               <TextLine ID="zone-line_IRHT_P_005163_1-18"
                         BASELINE=""
                         HPOS="262"
                         VPOS="1091"
                         WIDTH="1034"
                         HEIGHT="51">
                  <Shape>
                     <Polygon POINTS="262,1091 1296,1091 1296,1142 262,1142"/>
                  </Shape>
                  <String CONTENT="uero est substantia carnosa pendens supra supremam par"
                          HPOS="262"
                          VPOS="1091"
                          WIDTH="1034"
                          HEIGHT="51"/>
               </TextLine>
               <TextLine ID="zone-line_IRHT_P_005163_1-19"
                         BASELINE=""
                         HPOS="251"
                         VPOS="1159"
                         WIDTH="1063"
                         HEIGHT="50">
                  <Shape>
                     <Polygon POINTS="251,1159 1314,1159 1314,1209 251,1209"/>
                  </Shape>
                  <String CONTENT="tem epiglotis sicut uelamen et eius quidem iuuamentum"
                          HPOS="251"
                          VPOS="1159"
                          WIDTH="1063"
                          HEIGHT="50"/>
               </TextLine>
               <TextLine ID="zone-line_IRHT_P_005163_1-20"
                         BASELINE=""
                         HPOS="248"
                         VPOS="1227"
                         WIDTH="1069"
                         HEIGHT="50">
                  <Shape>
                     <Polygon POINTS="248,1227 1317,1227 1317,1277 248,1277"/>
                  </Shape>
                  <String CONTENT="est gradatio aeris ut non percutiat suo frigore pulmo"
                          HPOS="248"
                          VPOS="1227"
                          WIDTH="1069"
                          HEIGHT="50"/>
               </TextLine>
               <TextLine ID="zone-line_IRHT_P_005163_1-21"
                         BASELINE=""
                         HPOS="253"
                         VPOS="1295"
                         WIDTH="1048"
                         HEIGHT="59">
                  <Shape>
                     <Polygon POINTS="253,1295 1301,1295 1301,1354 253,1354"/>
                  </Shape>
                  <String CONTENT="nem subito et prohibeat puluerem et fumum et ut"
                          HPOS="253"
                          VPOS="1295"
                          WIDTH="1048"
                          HEIGHT="59"/>
               </TextLine>
               <TextLine ID="zone-line_IRHT_P_005163_1-22"
                         BASELINE=""
                         HPOS="275"
                         VPOS="1368"
                         WIDTH="1023"
                         HEIGHT="51">
                  <Shape>
                     <Polygon POINTS="275,1368 1298,1368 1298,1419 275,1419"/>
                  </Shape>
                  <String CONTENT="sit percutiens uocem qua confortetur et magnifi"
                          HPOS="275"
                          VPOS="1368"
                          WIDTH="1023"
                          HEIGHT="51"/>
               </TextLine>
               <TextLine ID="zone-line_IRHT_P_005163_1-23"
                         BASELINE=""
                         HPOS="279"
                         VPOS="1435"
                         WIDTH="1004"
                         HEIGHT="54">
                  <Shape>
                     <Polygon POINTS="279,1435 1283,1435 1283,1489 279,1489"/>
                  </Shape>
                  <String CONTENT="cetur quasi ipsa sit porta custodiens super exitum uocis"
                          HPOS="279"
                          VPOS="1435"
                          WIDTH="1004"
                          HEIGHT="54"/>
               </TextLine>
               <TextLine ID="zone-line_IRHT_P_005163_1-24"
                         BASELINE=""
                         HPOS="283"
                         VPOS="1505"
                         WIDTH="996"
                         HEIGHT="47">
                  <Shape>
                     <Polygon POINTS="283,1505 1279,1505 1279,1552 283,1552"/>
                  </Shape>
                  <String CONTENT="quantitate sua et propter hoc uocet eius incisio uoci et"
                          HPOS="283"
                          VPOS="1505"
                          WIDTH="996"
                          HEIGHT="47"/>
               </TextLine>
               <TextLine ID="zone-line_IRHT_P_005163_1-25"
                         BASELINE=""
                         HPOS="273"
                         VPOS="1568"
                         WIDTH="1032"
                         HEIGHT="52">
                  <Shape>
                     <Polygon POINTS="273,1568 1305,1568 1305,1620 273,1620"/>
                  </Shape>
                  <String CONTENT="preparat pulmonem ad recipiendum frigus et nocumentum eius"
                          HPOS="273"
                          VPOS="1568"
                          WIDTH="1032"
                          HEIGHT="52"/>
               </TextLine>
               <TextLine ID="zone-line_IRHT_P_005163_1-26"
                         BASELINE=""
                         HPOS="279"
                         VPOS="1633"
                         WIDTH="1027"
                         HEIGHT="56">
                  <Shape>
                     <Polygon POINTS="279,1633 1306,1633 1306,1689 279,1689"/>
                  </Shape>
                  <String CONTENT="et tussim ab eo due uero amigdale sunt due car"
                          HPOS="279"
                          VPOS="1633"
                          WIDTH="1027"
                          HEIGHT="56"/>
               </TextLine>
               <TextLine ID="zone-line_IRHT_P_005163_1-27"
                         BASELINE=""
                         HPOS="275"
                         VPOS="1707"
                         WIDTH="1033"
                         HEIGHT="49">
                  <Shape>
                     <Polygon POINTS="275,1707 1308,1707 1308,1756 275,1756"/>
                  </Shape>
                  <String CONTENT="nes nate in radice lingue tendentes ad superiora ac"
                          HPOS="275"
                          VPOS="1707"
                          WIDTH="1033"
                          HEIGHT="49"/>
               </TextLine>
            </TextBlock>
         </PrintSpace>
      </Page>
   </Layout>
</alto>
