<?xml version="1.0" encoding="UTF-8"?>
<alto xmlns="http://www.loc.gov/standards/alto/ns-v4#"
      xmlns:xsi="http://www.w3.org/2001/XMLSchema-instance"
      xmlns:tei="http://www.tei-c.org/ns/1.0"
      xsi:schemaLocation="http://www.loc.gov/standards/alto/ns-v4# ../schema/alto.xsd">
   <Description>
      <MeasurementUnit>pixel</MeasurementUnit>
      <sourceImageInformation>
         <fileName>IRHT_P_006485.tif</fileName>
      </sourceImageInformation>
   </Description>
   <Layout>
      <Page ID="zone-page_IRHT_P_006485"
            PHYSICAL_IMG_NR="0"
            WIDTH="1695"
            HEIGHT="1245">
         <PrintSpace HPOS="0" VPOS="0" WIDTH="1695" HEIGHT="1245">
            <TextBlock HPOS="73"
                       VPOS="10"
                       WIDTH="1618"
                       HEIGHT="1226"
                       ID="zone-col_IRHT_P_006485_1">
               <Shape>
                  <Polygon POINTS="73,10 1691,10 1691,1236 73,1236"/>
               </Shape>
               <TextLine ID="zone-line_IRHT_P_006485_1-1"
                         BASELINE=""
                         HPOS="73"
                         VPOS="105"
                         WIDTH="1532"
                         HEIGHT="51">
                  <Shape>
                     <Polygon POINTS="73,105 1605,105 1605,156 73,156"/>
                  </Shape>
                  <String CONTENT="si uideris nudum operi eum et pauperem et absque tecto induc in tabernaculum tuum"
                          HPOS="73"
                          VPOS="105"
                          WIDTH="1532"
                          HEIGHT="51"/>
               </TextLine>
               <TextLine ID="zone-line_IRHT_P_006485_1-2"
                         BASELINE=""
                         HPOS="88"
                         VPOS="173"
                         WIDTH="1526"
                         HEIGHT="58">
                  <Shape>
                     <Polygon POINTS="88,173 1614,173 1614,231 88,231"/>
                  </Shape>
                  <String CONTENT="tunc erumpet temporanea lux tua et sanitates tue cito orientur hoc quoque"
                          HPOS="88"
                          VPOS="173"
                          WIDTH="1526"
                          HEIGHT="58"/>
               </TextLine>
               <TextLine ID="zone-line_IRHT_P_006485_1-3"
                         BASELINE=""
                         HPOS="125"
                         VPOS="240"
                         WIDTH="1507"
                         HEIGHT="53">
                  <Shape>
                     <Polygon POINTS="125,240 1632,240 1632,293 125,293"/>
                  </Shape>
                  <String CONTENT="quod scriptum est in lxx misit de bethel sarasar et ebeser rex nullus nostrorum"
                          HPOS="125"
                          VPOS="240"
                          WIDTH="1507"
                          HEIGHT="53"/>
               </TextLine>
               <TextLine ID="zone-line_IRHT_P_006485_1-4"
                         BASELINE=""
                         HPOS="132"
                         VPOS="309"
                         WIDTH="1493"
                         HEIGHT="58">
                  <Shape>
                     <Polygon POINTS="132,309 1625,309 1625,367 132,367"/>
                  </Shape>
                  <String CONTENT="potuit exponere neque enim quod male uersum est ex ebreo ulla ratione ex"
                          HPOS="132"
                          VPOS="309"
                          WIDTH="1493"
                          HEIGHT="58"/>
               </TextLine>
               <TextLine ID="zone-line_IRHT_P_006485_1-5"
                         BASELINE=""
                         HPOS="134"
                         VPOS="365"
                         WIDTH="1453"
                         HEIGHT="73">
                  <Shape>
                     <Polygon POINTS="134,365 1587,365 1587,438 134,438"/>
                  </Shape>
                  <String CONTENT="planari potest quis est enim iste sarasar et ebeser rex aut cuius prouincie aut"
                          HPOS="134"
                          VPOS="365"
                          WIDTH="1453"
                          HEIGHT="73"/>
               </TextLine>
               <TextLine ID="zone-line_IRHT_P_006485_1-6"
                         BASELINE=""
                         HPOS="119"
                         VPOS="429"
                         WIDTH="1507"
                         HEIGHT="70">
                  <Shape>
                     <Polygon POINTS="119,429 1626,429 1626,499 119,499"/>
                  </Shape>
                  <String CONTENT="in qua ue de qua misit bethel aut cuius bethel rex esse poterat ebeser que"
                          HPOS="119"
                          VPOS="429"
                          WIDTH="1507"
                          HEIGHT="70"/>
               </TextLine>
               <TextLine ID="zone-line_IRHT_P_006485_1-7"
                         BASELINE=""
                         HPOS="129"
                         VPOS="495"
                         WIDTH="1497"
                         HEIGHT="63">
                  <Shape>
                     <Polygon POINTS="129,495 1626,495 1626,558 129,558"/>
                  </Shape>
                  <String CONTENT="olim cum iudea fuerat destituta et eo tempore nequaquam uocabatur bethel"
                          HPOS="129"
                          VPOS="495"
                          WIDTH="1497"
                          HEIGHT="63"/>
               </TextLine>
               <TextLine ID="zone-line_IRHT_P_006485_1-8"
                         BASELINE=""
                         HPOS="126"
                         VPOS="564"
                         WIDTH="1510"
                         HEIGHT="60">
                  <Shape>
                     <Polygon POINTS="126,564 1636,564 1636,624 126,624"/>
                  </Shape>
                  <String CONTENT="id est domus domini sed betauen idest domus ydoli hoc quoque quod sequitur ingressa est in men"
                          HPOS="126"
                          VPOS="564"
                          WIDTH="1510"
                          HEIGHT="60"/>
               </TextLine>
               <TextLine ID="zone-line_IRHT_P_006485_1-9"
                         BASELINE=""
                         HPOS="120"
                         VPOS="636"
                         WIDTH="1512"
                         HEIGHT="54">
                  <Shape>
                     <Polygon POINTS="120,636 1632,636 1632,690 120,690"/>
                  </Shape>
                  <String CONTENT="se quinto sanctificatio sicut fecerant iam per multos annos sic conantur ex"
                          HPOS="120"
                          VPOS="636"
                          WIDTH="1512"
                          HEIGHT="54"/>
               </TextLine>
               <TextLine ID="zone-line_IRHT_P_006485_1-10"
                         BASELINE=""
                         HPOS="134"
                         VPOS="706"
                         WIDTH="1508"
                         HEIGHT="56">
                  <Shape>
                     <Polygon POINTS="134,706 1642,706 1642,762 134,762"/>
                  </Shape>
                  <String CONTENT="ponere sanctificationem ingressam uasa templi que a nabucodonosor fu"
                          HPOS="134"
                          VPOS="706"
                          WIDTH="1508"
                          HEIGHT="56"/>
               </TextLine>
               <TextLine ID="zone-line_IRHT_P_006485_1-11"
                         BASELINE=""
                         HPOS="130"
                         VPOS="771"
                         WIDTH="1561"
                         HEIGHT="56">
                  <Shape>
                     <Polygon POINTS="130,771 1691,771 1691,827 130,827"/>
                  </Shape>
                  <String CONTENT="erant sublata in illo tempore restituta de quinti autem et septimi ieiunio"
                          HPOS="130"
                          VPOS="771"
                          WIDTH="1561"
                          HEIGHT="56"/>
               </TextLine>
               <TextLine ID="zone-line_IRHT_P_006485_1-12"
                         BASELINE=""
                         HPOS="126"
                         VPOS="845"
                         WIDTH="1540"
                         HEIGHT="57">
                  <Shape>
                     <Polygon POINTS="126,845 1666,845 1666,902 126,902"/>
                  </Shape>
                  <String CONTENT="temptauerunt referre ad dies ebdomadis sed quia sequitur decimi ieiuni"
                          HPOS="126"
                          VPOS="845"
                          WIDTH="1540"
                          HEIGHT="57"/>
               </TextLine>
               <TextLine ID="zone-line_IRHT_P_006485_1-13"
                         BASELINE=""
                         HPOS="131"
                         VPOS="914"
                         WIDTH="1552"
                         HEIGHT="60">
                  <Shape>
                     <Polygon POINTS="131,914 1683,914 1683,974 131,974"/>
                  </Shape>
                  <String CONTENT="um compulsi sunt ad menses referre et quod sit ipse quinti et septimi decimum"
                          HPOS="131"
                          VPOS="914"
                          WIDTH="1552"
                          HEIGHT="60"/>
               </TextLine>
               <TextLine ID="zone-line_IRHT_P_006485_1-14"
                         BASELINE=""
                         HPOS="121"
                         VPOS="987"
                         WIDTH="1507"
                         HEIGHT="53">
                  <Shape>
                     <Polygon POINTS="121,987 1628,987 1628,1040 121,1040"/>
                  </Shape>
                  <String CONTENT="que mensis ieiunium omnino siluerunt ut de priore simus explanatione"
                          HPOS="121"
                          VPOS="987"
                          WIDTH="1507"
                          HEIGHT="53"/>
               </TextLine>
               <TextLine ID="zone-line_IRHT_P_006485_1-15"
                         BASELINE=""
                         HPOS="119"
                         VPOS="1049"
                         WIDTH="1522"
                         HEIGHT="58">
                  <Shape>
                     <Polygon POINTS="119,1049 1641,1049 1641,1107 119,1107"/>
                  </Shape>
                  <String CONTENT="contenti et non indignemur ad falsos commentantium conatus qui de interpre"
                          HPOS="119"
                          VPOS="1049"
                          WIDTH="1522"
                          HEIGHT="58"/>
               </TextLine>
               <TextLine ID="zone-line_IRHT_P_006485_1-16"
                         BASELINE=""
                         HPOS="124"
                         VPOS="1116"
                         WIDTH="1474"
                         HEIGHT="55">
                  <Shape>
                     <Polygon POINTS="124,1116 1598,1116 1598,1171 124,1171"/>
                  </Shape>
                  <String CONTENT="tationis errore uenerunt et factum est uerbum domini ad zachariam dicens"
                          HPOS="124"
                          VPOS="1116"
                          WIDTH="1474"
                          HEIGHT="55"/>
               </TextLine>
               <TextLine ID="zone-line_IRHT_P_006485_1-17"
                         BASELINE=""
                         HPOS="82"
                         VPOS="1177"
                         WIDTH="1553"
                         HEIGHT="59">
                  <Shape>
                     <Polygon POINTS="82,1177 1635,1177 1635,1236 82,1236"/>
                  </Shape>
                  <String CONTENT="hec dicit dominus exercituum dicens iudicium iustum iudicate et misericordiam et"
                          HPOS="82"
                          VPOS="1177"
                          WIDTH="1553"
                          HEIGHT="59"/>
               </TextLine>
            </TextBlock>
         </PrintSpace>
      </Page>
   </Layout>
</alto>
