<?xml version="1.0" encoding="UTF-8"?>
<alto xmlns="http://www.loc.gov/standards/alto/ns-v4#"
      xmlns:xsi="http://www.w3.org/2001/XMLSchema-instance"
      xmlns:tei="http://www.tei-c.org/ns/1.0"
      xsi:schemaLocation="http://www.loc.gov/standards/alto/ns-v4# ../schema/alto.xsd">
   <Description>
      <MeasurementUnit>pixel</MeasurementUnit>
      <sourceImageInformation>
         <fileName>IRHT_P_004814.tif</fileName>
      </sourceImageInformation>
   </Description>
   <Layout>
      <Page ID="zone-page_IRHT_P_004814"
            PHYSICAL_IMG_NR="0"
            WIDTH="1877"
            HEIGHT="1316">
         <PrintSpace HPOS="0" VPOS="0" WIDTH="1877" HEIGHT="1316">
            <TextBlock HPOS="65"
                       VPOS="60"
                       WIDTH="1767"
                       HEIGHT="1219"
                       ID="zone-col_IRHT_P_004814_1">
               <Shape>
                  <Polygon POINTS="65,60 1832,60 1832,1279 65,1279"/>
               </Shape>
               <TextLine ID="zone-line_IRHT_P_004814_1-1"
                         BASELINE=""
                         HPOS="349"
                         VPOS="117"
                         WIDTH="1459"
                         HEIGHT="58">
                  <Shape>
                     <Polygon POINTS="349,117 1808,117 1808,175 349,175"/>
                  </Shape>
                  <String CONTENT="o mortalium miseranda conditio que semper in arduum labentium"
                          HPOS="349"
                          VPOS="117"
                          WIDTH="1459"
                          HEIGHT="58"/>
               </TextLine>
               <TextLine ID="zone-line_IRHT_P_004814_1-2"
                         BASELINE=""
                         HPOS="356"
                         VPOS="174"
                         WIDTH="1449"
                         HEIGHT="52">
                  <Shape>
                     <Polygon POINTS="356,174 1805,174 1805,226 356,226"/>
                  </Shape>
                  <String CONTENT="inaniter tendis ut lapsu grauiore ruas queris hic fulgentia du"
                          HPOS="356"
                          VPOS="174"
                          WIDTH="1449"
                          HEIGHT="52"/>
               </TextLine>
               <TextLine ID="zone-line_IRHT_P_004814_1-3"
                         BASELINE=""
                         HPOS="331"
                         VPOS="232"
                         WIDTH="1477"
                         HEIGHT="46">
                  <Shape>
                     <Polygon POINTS="331,232 1808,232 1808,278 331,278"/>
                  </Shape>
                  <String CONTENT="nores eximios longosque potentatus ubi nulla potentia potens e"
                          HPOS="331"
                          VPOS="232"
                          WIDTH="1477"
                          HEIGHT="46"/>
               </TextLine>
               <TextLine ID="zone-line_IRHT_P_004814_1-4"
                         BASELINE=""
                         HPOS="296"
                         VPOS="283"
                         WIDTH="1509"
                         HEIGHT="51">
                  <Shape>
                     <Polygon POINTS="296,283 1805,283 1805,334 296,334"/>
                  </Shape>
                  <String CONTENT="uerus honos nullum consistens dyadema sed omnia casus human"
                          HPOS="296"
                          VPOS="283"
                          WIDTH="1509"
                          HEIGHT="51"/>
               </TextLine>
               <TextLine ID="zone-line_IRHT_P_004814_1-5"
                         BASELINE=""
                         HPOS="81"
                         VPOS="337"
                         WIDTH="1739"
                         HEIGHT="61">
                  <Shape>
                     <Polygon POINTS="81,337 1820,337 1820,398 81,398"/>
                  </Shape>
                  <String CONTENT="et quicquid in altum fortuna tulit ruitura leuat respice reges et regna quon"
                          HPOS="81"
                          VPOS="337"
                          WIDTH="1739"
                          HEIGHT="61"/>
               </TextLine>
               <TextLine ID="zone-line_IRHT_P_004814_1-6"
                         BASELINE=""
                         HPOS="80"
                         VPOS="394"
                         WIDTH="1737"
                         HEIGHT="60">
                  <Shape>
                     <Polygon POINTS="80,394 1817,394 1817,454 80,454"/>
                  </Shape>
                  <String CONTENT="peria inter laudantium ora atque mirantium repente corruisse ut detur inte"
                          HPOS="80"
                          VPOS="394"
                          WIDTH="1737"
                          HEIGHT="60"/>
               </TextLine>
               <TextLine ID="zone-line_IRHT_P_004814_1-7"
                         BASELINE=""
                         HPOS="77"
                         VPOS="448"
                         WIDTH="1726"
                         HEIGHT="59">
                  <Shape>
                     <Polygon POINTS="77,448 1803,448 1803,507 77,507"/>
                  </Shape>
                  <String CONTENT="sectantur non ad id quo tendunt euolant sed ad yma dedecorose sepissime"
                          HPOS="77"
                          VPOS="448"
                          WIDTH="1726"
                          HEIGHT="59"/>
               </TextLine>
               <TextLine ID="zone-line_IRHT_P_004814_1-8"
                         BASELINE=""
                         HPOS="83"
                         VPOS="503"
                         WIDTH="1736"
                         HEIGHT="59">
                  <Shape>
                     <Polygon POINTS="83,503 1819,503 1819,562 83,562"/>
                  </Shape>
                  <String CONTENT="iuxta euangelicum dictum qui se exaltat humiliabitur luce xiiii quisquis"
                          HPOS="83"
                          VPOS="503"
                          WIDTH="1736"
                          HEIGHT="59"/>
               </TextLine>
               <TextLine ID="zone-line_IRHT_P_004814_1-9"
                         BASELINE=""
                         HPOS="65"
                         VPOS="567"
                         WIDTH="1755"
                         HEIGHT="48">
                  <Shape>
                     <Polygon POINTS="65,567 1820,567 1820,615 65,615"/>
                  </Shape>
                  <String CONTENT="mes uirtutum esse concupiscit stabili fixoque gradu manere inter radiant"
                          HPOS="65"
                          VPOS="567"
                          WIDTH="1755"
                          HEIGHT="48"/>
               </TextLine>
               <TextLine ID="zone-line_IRHT_P_004814_1-10"
                         BASELINE=""
                         HPOS="77"
                         VPOS="618"
                         WIDTH="1740"
                         HEIGHT="52">
                  <Shape>
                     <Polygon POINTS="77,618 1817,618 1817,670 77,670"/>
                  </Shape>
                  <String CONTENT="choros feliciter collocari normam uirtutum ut hic dux noster fecit discat uni"
                          HPOS="77"
                          VPOS="618"
                          WIDTH="1740"
                          HEIGHT="52"/>
               </TextLine>
               <TextLine ID="zone-line_IRHT_P_004814_1-11"
                         BASELINE=""
                         HPOS="88"
                         VPOS="671"
                         WIDTH="1737"
                         HEIGHT="56">
                  <Shape>
                     <Polygon POINTS="88,671 1825,671 1825,727 88,727"/>
                  </Shape>
                  <String CONTENT="ut inquit tullius in philippicis omnia alia incerta sunt caduca et mobilia"
                          HPOS="88"
                          VPOS="671"
                          WIDTH="1737"
                          HEIGHT="56"/>
               </TextLine>
               <TextLine ID="zone-line_IRHT_P_004814_1-12"
                         BASELINE=""
                         HPOS="81"
                         VPOS="728"
                         WIDTH="1739"
                         HEIGHT="53">
                  <Shape>
                     <Polygon POINTS="81,728 1820,728 1820,781 81,781"/>
                  </Shape>
                  <String CONTENT="est una altissimis infixa radicibus que nulla ui labefactari potest nec dimo"
                          HPOS="81"
                          VPOS="728"
                          WIDTH="1739"
                          HEIGHT="53"/>
               </TextLine>
               <TextLine ID="zone-line_IRHT_P_004814_1-13"
                         BASELINE=""
                         HPOS="80"
                         VPOS="786"
                         WIDTH="1748"
                         HEIGHT="53">
                  <Shape>
                     <Polygon POINTS="80,786 1828,786 1828,839 80,839"/>
                  </Shape>
                  <String CONTENT="quicunque ergo uirtutis uestigia sequetur ut hic dux inclitus merito sibi dicetur qu"
                          HPOS="80"
                          VPOS="786"
                          WIDTH="1748"
                          HEIGHT="53"/>
               </TextLine>
               <TextLine ID="zone-line_IRHT_P_004814_1-14"
                         BASELINE=""
                         HPOS="78"
                         VPOS="842"
                         WIDTH="1754"
                         HEIGHT="51">
                  <Shape>
                     <Polygon POINTS="78,842 1832,842 1832,893 78,893"/>
                  </Shape>
                  <String CONTENT="principio diximus posuit eum ducem uirtutum uniuersarum quod fuit th"
                          HPOS="78"
                          VPOS="842"
                          WIDTH="1754"
                          HEIGHT="51"/>
               </TextLine>
               <TextLine ID="zone-line_IRHT_P_004814_1-15"
                         BASELINE=""
                         HPOS="69"
                         VPOS="897"
                         WIDTH="1746"
                         HEIGHT="54">
                  <Shape>
                     <Polygon POINTS="69,897 1815,897 1815,951 69,951"/>
                  </Shape>
                  <String CONTENT="cuius declaratione potest talis ratio formari quisquis composite mentis in"
                          HPOS="69"
                          VPOS="897"
                          WIDTH="1746"
                          HEIGHT="54"/>
               </TextLine>
               <TextLine ID="zone-line_IRHT_P_004814_1-16"
                         BASELINE=""
                         HPOS="81"
                         VPOS="956"
                         WIDTH="1734"
                         HEIGHT="45">
                  <Shape>
                     <Polygon POINTS="81,956 1815,956 1815,1001 81,1001"/>
                  </Shape>
                  <String CONTENT="presentis eterni ducis signa sequitur animose illum deus ponit ducem uir"
                          HPOS="81"
                          VPOS="956"
                          WIDTH="1734"
                          HEIGHT="45"/>
               </TextLine>
               <TextLine ID="zone-line_IRHT_P_004814_1-17"
                         BASELINE=""
                         HPOS="91"
                         VPOS="1009"
                         WIDTH="1738"
                         HEIGHT="46">
                  <Shape>
                     <Polygon POINTS="91,1009 1829,1009 1829,1055 91,1055"/>
                  </Shape>
                  <String CONTENT="uersarum sed dux noster inclitus mente celo deditus eterni ducis signa mu"
                          HPOS="91"
                          VPOS="1009"
                          WIDTH="1738"
                          HEIGHT="46"/>
               </TextLine>
               <TextLine ID="zone-line_IRHT_P_004814_1-18"
                         BASELINE=""
                         HPOS="85"
                         VPOS="1068"
                         WIDTH="1743"
                         HEIGHT="44">
                  <Shape>
                     <Polygon POINTS="85,1068 1828,1068 1828,1112 85,1112"/>
                  </Shape>
                  <String CONTENT="cutus ergo illum deus posuit ducem uirtutum uniuersarum prima pars an"
                          HPOS="85"
                          VPOS="1068"
                          WIDTH="1743"
                          HEIGHT="44"/>
               </TextLine>
               <TextLine ID="zone-line_IRHT_P_004814_1-19"
                         BASELINE=""
                         HPOS="87"
                         VPOS="1127"
                         WIDTH="1735"
                         HEIGHT="39">
                  <Shape>
                     <Polygon POINTS="87,1127 1822,1127 1822,1166 87,1166"/>
                  </Shape>
                  <String CONTENT="patet per illud apostoli secunde thesalonicenses primo non enim dedit nobis deus"
                          HPOS="87"
                          VPOS="1127"
                          WIDTH="1735"
                          HEIGHT="39"/>
               </TextLine>
               <TextLine ID="zone-line_IRHT_P_004814_1-20"
                         BASELINE=""
                         HPOS="86"
                         VPOS="1176"
                         WIDTH="1738"
                         HEIGHT="46">
                  <Shape>
                     <Polygon POINTS="86,1176 1824,1176 1824,1222 86,1222"/>
                  </Shape>
                  <String CONTENT="timoris sed uirtutis et ecclesiasticus xl uirtutes exaltant cor et hec pauca de prima p"
                          HPOS="86"
                          VPOS="1176"
                          WIDTH="1738"
                          HEIGHT="46"/>
               </TextLine>
               <TextLine ID="zone-line_IRHT_P_004814_1-21"
                         BASELINE=""
                         HPOS="79"
                         VPOS="1226"
                         WIDTH="1743"
                         HEIGHT="51">
                  <Shape>
                     <Polygon POINTS="79,1226 1822,1226 1822,1277 79,1277"/>
                  </Shape>
                  <String CONTENT="detis secunda pars antecedentis que est sed dux noster inclitus et cetera patet per illd io"
                          HPOS="79"
                          VPOS="1226"
                          WIDTH="1743"
                          HEIGHT="51"/>
               </TextLine>
            </TextBlock>
         </PrintSpace>
      </Page>
   </Layout>
</alto>
