<?xml version="1.0" encoding="UTF-8"?>
<alto xmlns="http://www.loc.gov/standards/alto/ns-v4#"
      xmlns:xsi="http://www.w3.org/2001/XMLSchema-instance"
      xmlns:tei="http://www.tei-c.org/ns/1.0"
      xsi:schemaLocation="http://www.loc.gov/standards/alto/ns-v4# ../schema/alto.xsd">
   <Description>
      <MeasurementUnit>pixel</MeasurementUnit>
      <sourceImageInformation>
         <fileName>IRHT_P_004718.tif</fileName>
      </sourceImageInformation>
   </Description>
   <Layout>
      <Page ID="zone-page_IRHT_P_004718"
            PHYSICAL_IMG_NR="0"
            WIDTH="1356"
            HEIGHT="1847">
         <PrintSpace HPOS="0" VPOS="0" WIDTH="1356" HEIGHT="1847">
            <TextBlock HPOS="282"
                       VPOS="67"
                       WIDTH="1029"
                       HEIGHT="1551"
                       ID="zone-col_IRHT_P_004718_1">
               <Shape>
                  <Polygon POINTS="282,67 1311,67 1311,1618 282,1618"/>
               </Shape>
               <TextLine ID="zone-line_IRHT_P_004718_1-1"
                         BASELINE=""
                         HPOS="500"
                         VPOS="67"
                         WIDTH="811"
                         HEIGHT="86">
                  <Shape>
                     <Polygon POINTS="500,67 1311,67 1311,153 500,153"/>
                  </Shape>
                  <String CONTENT="dominica prima in aduentu domini capitulum"
                          HPOS="500"
                          VPOS="67"
                          WIDTH="811"
                          HEIGHT="86"/>
               </TextLine>
               <TextLine ID="zone-line_IRHT_P_004718_1-2"
                         BASELINE=""
                         HPOS="491"
                         VPOS="121"
                         WIDTH="756"
                         HEIGHT="68">
                  <Shape>
                     <Polygon POINTS="491,121 1247,121 1247,189 491,189"/>
                  </Shape>
                  <String CONTENT="super montem excelsum ascende tu"
                          HPOS="491"
                          VPOS="121"
                          WIDTH="756"
                          HEIGHT="68"/>
               </TextLine>
               <TextLine ID="zone-line_IRHT_P_004718_1-3"
                         BASELINE=""
                         HPOS="499"
                         VPOS="165"
                         WIDTH="797"
                         HEIGHT="83">
                  <Shape>
                     <Polygon POINTS="499,165 1296,165 1296,248 499,248"/>
                  </Shape>
                  <String CONTENT="qui euuangelizas syon ex alta in forti"
                          HPOS="499"
                          VPOS="165"
                          WIDTH="797"
                          HEIGHT="83"/>
               </TextLine>
               <TextLine ID="zone-line_IRHT_P_004718_1-4"
                         BASELINE=""
                         HPOS="506"
                         VPOS="221"
                         WIDTH="783"
                         HEIGHT="78">
                  <Shape>
                     <Polygon POINTS="506,221 1289,221 1289,299 506,299"/>
                  </Shape>
                  <String CONTENT="tudine uocem tuam qui euuangelyzas"
                          HPOS="506"
                          VPOS="221"
                          WIDTH="783"
                          HEIGHT="78"/>
               </TextLine>
               <TextLine ID="zone-line_IRHT_P_004718_1-5"
                         BASELINE=""
                         HPOS="502"
                         VPOS="278"
                         WIDTH="787"
                         HEIGHT="84">
                  <Shape>
                     <Polygon POINTS="502,278 1289,278 1289,362 502,362"/>
                  </Shape>
                  <String CONTENT="hierusalem ex alta noli timere dic ciui"
                          HPOS="502"
                          VPOS="278"
                          WIDTH="787"
                          HEIGHT="84"/>
               </TextLine>
               <TextLine ID="zone-line_IRHT_P_004718_1-6"
                         BASELINE=""
                         HPOS="316"
                         VPOS="332"
                         WIDTH="977"
                         HEIGHT="95">
                  <Shape>
                     <Polygon POINTS="316,332 1293,332 1293,427 316,427"/>
                  </Shape>
                  <String CONTENT="tatibus iude ecce deus uester ecce dies ueni"
                          HPOS="316"
                          VPOS="332"
                          WIDTH="977"
                          HEIGHT="95"/>
               </TextLine>
               <TextLine ID="zone-line_IRHT_P_004718_1-7"
                         BASELINE=""
                         HPOS="304"
                         VPOS="387"
                         WIDTH="980"
                         HEIGHT="93">
                  <Shape>
                     <Polygon POINTS="304,387 1284,387 1284,480 304,480"/>
                  </Shape>
                  <String CONTENT="unt dicit dominus et suscitabo dauid germen iustum et"
                          HPOS="304"
                          VPOS="387"
                          WIDTH="980"
                          HEIGHT="93"/>
               </TextLine>
               <TextLine ID="zone-line_IRHT_P_004718_1-8"
                         BASELINE=""
                         HPOS="304"
                         VPOS="445"
                         WIDTH="976"
                         HEIGHT="90">
                  <Shape>
                     <Polygon POINTS="304,445 1280,445 1280,535 304,535"/>
                  </Shape>
                  <String CONTENT="regnabit rex et sapiens erit et faciet iuditium et iustitiam"
                          HPOS="304"
                          VPOS="445"
                          WIDTH="976"
                          HEIGHT="90"/>
               </TextLine>
               <TextLine ID="zone-line_IRHT_P_004718_1-9"
                         BASELINE=""
                         HPOS="308"
                         VPOS="500"
                         WIDTH="936"
                         HEIGHT="82">
                  <Shape>
                     <Polygon POINTS="308,500 1244,500 1244,582 308,582"/>
                  </Shape>
                  <String CONTENT="in terra et hec est nomen quod uocabunt eum dominus"
                          HPOS="308"
                          VPOS="500"
                          WIDTH="936"
                          HEIGHT="82"/>
               </TextLine>
               <TextLine ID="zone-line_IRHT_P_004718_1-10"
                         BASELINE=""
                         HPOS="298"
                         VPOS="559"
                         WIDTH="969"
                         HEIGHT="88">
                  <Shape>
                     <Polygon POINTS="298,559 1267,559 1267,647 298,647"/>
                  </Shape>
                  <String CONTENT="iustus noster in diebus illis saluabitur iuda et isra"
                          HPOS="298"
                          VPOS="559"
                          WIDTH="969"
                          HEIGHT="88"/>
               </TextLine>
               <TextLine ID="zone-line_IRHT_P_004718_1-11"
                         BASELINE=""
                         HPOS="290"
                         VPOS="617"
                         WIDTH="989"
                         HEIGHT="86">
                  <Shape>
                     <Polygon POINTS="290,617 1279,617 1279,703 290,703"/>
                  </Shape>
                  <String CONTENT="hel habitabit confidentes et hoc est nomen ymnus"
                          HPOS="290"
                          VPOS="617"
                          WIDTH="989"
                          HEIGHT="86"/>
               </TextLine>
               <TextLine ID="zone-line_IRHT_P_004718_1-12"
                         BASELINE=""
                         HPOS="437"
                         VPOS="672"
                         WIDTH="830"
                         HEIGHT="83">
                  <Shape>
                     <Polygon POINTS="437,672 1267,672 1267,755 437,755"/>
                  </Shape>
                  <String CONTENT="conditor alme syderum eterna lux credenti"
                          HPOS="437"
                          VPOS="672"
                          WIDTH="830"
                          HEIGHT="83"/>
               </TextLine>
               <TextLine ID="zone-line_IRHT_P_004718_1-13"
                         BASELINE=""
                         HPOS="435"
                         VPOS="727"
                         WIDTH="820"
                         HEIGHT="81">
                  <Shape>
                     <Polygon POINTS="435,727 1255,727 1255,808 435,808"/>
                  </Shape>
                  <String CONTENT="um xpiste redemptor omnium exaudi pre"
                          HPOS="435"
                          VPOS="727"
                          WIDTH="820"
                          HEIGHT="81"/>
               </TextLine>
               <TextLine ID="zone-line_IRHT_P_004718_1-14"
                         BASELINE=""
                         HPOS="412"
                         VPOS="785"
                         WIDTH="856"
                         HEIGHT="78">
                  <Shape>
                     <Polygon POINTS="412,785 1268,785 1268,863 412,863"/>
                  </Shape>
                  <String CONTENT="ces supplicum qui condolens interitu"
                          HPOS="412"
                          VPOS="785"
                          WIDTH="856"
                          HEIGHT="78"/>
               </TextLine>
               <TextLine ID="zone-line_IRHT_P_004718_1-15"
                         BASELINE=""
                         HPOS="292"
                         VPOS="844"
                         WIDTH="932"
                         HEIGHT="63">
                  <Shape>
                     <Polygon POINTS="292,844 1224,844 1224,907 292,907"/>
                  </Shape>
                  <String CONTENT="mortis perire seculum saluasti mundum lan"
                          HPOS="292"
                          VPOS="844"
                          WIDTH="932"
                          HEIGHT="63"/>
               </TextLine>
               <TextLine ID="zone-line_IRHT_P_004718_1-16"
                         BASELINE=""
                         HPOS="292"
                         VPOS="901"
                         WIDTH="938"
                         HEIGHT="47">
                  <Shape>
                     <Polygon POINTS="292,901 1230,901 1230,948 292,948"/>
                  </Shape>
                  <String CONTENT="guidum donans reis remedium vergente mundi"
                          HPOS="292"
                          VPOS="901"
                          WIDTH="938"
                          HEIGHT="47"/>
               </TextLine>
               <TextLine ID="zone-line_IRHT_P_004718_1-17"
                         BASELINE=""
                         HPOS="298"
                         VPOS="949"
                         WIDTH="965"
                         HEIGHT="61">
                  <Shape>
                     <Polygon POINTS="298,949 1263,949 1263,1010 298,1010"/>
                  </Shape>
                  <String CONTENT="uespere uti sponsus de thalamo egressus honestissi"
                          HPOS="298"
                          VPOS="949"
                          WIDTH="965"
                          HEIGHT="61"/>
               </TextLine>
               <TextLine ID="zone-line_IRHT_P_004718_1-18"
                         BASELINE=""
                         HPOS="292"
                         VPOS="1010"
                         WIDTH="964"
                         HEIGHT="57">
                  <Shape>
                     <Polygon POINTS="292,1010 1256,1010 1256,1067 292,1067"/>
                  </Shape>
                  <String CONTENT="ma uirginis matris clausula cuius forti potentie"
                          HPOS="292"
                          VPOS="1010"
                          WIDTH="964"
                          HEIGHT="57"/>
               </TextLine>
               <TextLine ID="zone-line_IRHT_P_004718_1-19"
                         BASELINE=""
                         HPOS="286"
                         VPOS="1067"
                         WIDTH="979"
                         HEIGHT="51">
                  <Shape>
                     <Polygon POINTS="286,1067 1265,1067 1265,1118 286,1118"/>
                  </Shape>
                  <String CONTENT="genu curuantur omnia celestia terrestria nutu"
                          HPOS="286"
                          VPOS="1067"
                          WIDTH="979"
                          HEIGHT="51"/>
               </TextLine>
               <TextLine ID="zone-line_IRHT_P_004718_1-20"
                         BASELINE=""
                         HPOS="296"
                         VPOS="1120"
                         WIDTH="957"
                         HEIGHT="58">
                  <Shape>
                     <Polygon POINTS="296,1120 1253,1120 1253,1178 296,1178"/>
                  </Shape>
                  <String CONTENT="fatentur subdita ocasum sol custodiens luna pallo"
                          HPOS="296"
                          VPOS="1120"
                          WIDTH="957"
                          HEIGHT="58"/>
               </TextLine>
               <TextLine ID="zone-line_IRHT_P_004718_1-21"
                         BASELINE=""
                         HPOS="291"
                         VPOS="1177"
                         WIDTH="938"
                         HEIGHT="53">
                  <Shape>
                     <Polygon POINTS="291,1177 1229,1177 1229,1230 291,1230"/>
                  </Shape>
                  <String CONTENT="rem retinens candor in astris relucens certos ob"
                          HPOS="291"
                          VPOS="1177"
                          WIDTH="938"
                          HEIGHT="53"/>
               </TextLine>
               <TextLine ID="zone-line_IRHT_P_004718_1-22"
                         BASELINE=""
                         HPOS="289"
                         VPOS="1234"
                         WIDTH="962"
                         HEIGHT="52">
                  <Shape>
                     <Polygon POINTS="289,1234 1251,1234 1251,1286 289,1286"/>
                  </Shape>
                  <String CONTENT="seruat limites te deprecamur agye uen"
                          HPOS="289"
                          VPOS="1234"
                          WIDTH="962"
                          HEIGHT="52"/>
               </TextLine>
               <TextLine ID="zone-line_IRHT_P_004718_1-23"
                         BASELINE=""
                         HPOS="285"
                         VPOS="1294"
                         WIDTH="916"
                         HEIGHT="49">
                  <Shape>
                     <Polygon POINTS="285,1294 1201,1294 1201,1343 285,1343"/>
                  </Shape>
                  <String CONTENT="ture iudex seculi conserua nos in tempore"
                          HPOS="285"
                          VPOS="1294"
                          WIDTH="916"
                          HEIGHT="49"/>
               </TextLine>
               <TextLine ID="zone-line_IRHT_P_004718_1-24"
                         BASELINE=""
                         HPOS="288"
                         VPOS="1353"
                         WIDTH="956"
                         HEIGHT="41">
                  <Shape>
                     <Polygon POINTS="288,1353 1244,1353 1244,1394 288,1394"/>
                  </Shape>
                  <String CONTENT="hostis a telo perfidi laus honor uirtus"
                          HPOS="288"
                          VPOS="1353"
                          WIDTH="956"
                          HEIGHT="41"/>
               </TextLine>
               <TextLine ID="zone-line_IRHT_P_004718_1-25"
                         BASELINE=""
                         HPOS="289"
                         VPOS="1407"
                         WIDTH="928"
                         HEIGHT="42">
                  <Shape>
                     <Polygon POINTS="289,1407 1217,1407 1217,1449 289,1449"/>
                  </Shape>
                  <String CONTENT="gloria deo patri et filio una cum sancto spiritu"
                          HPOS="289"
                          VPOS="1407"
                          WIDTH="928"
                          HEIGHT="42"/>
               </TextLine>
               <TextLine ID="zone-line_IRHT_P_004718_1-26"
                         BASELINE=""
                         HPOS="286"
                         VPOS="1464"
                         WIDTH="984"
                         HEIGHT="40">
                  <Shape>
                     <Polygon POINTS="286,1464 1270,1464 1270,1504 286,1504"/>
                  </Shape>
                  <String CONTENT="in sempiterna secula amen horate celi desu"
                          HPOS="286"
                          VPOS="1464"
                          WIDTH="984"
                          HEIGHT="40"/>
               </TextLine>
               <TextLine ID="zone-line_IRHT_P_004718_1-27"
                         BASELINE=""
                         HPOS="282"
                         VPOS="1517"
                         WIDTH="973"
                         HEIGHT="41">
                  <Shape>
                     <Polygon POINTS="282,1517 1255,1517 1255,1558 282,1558"/>
                  </Shape>
                  <String CONTENT="per et nubes pluant iustum aperiatur certa et germinet"
                          HPOS="282"
                          VPOS="1517"
                          WIDTH="973"
                          HEIGHT="41"/>
               </TextLine>
               <TextLine ID="zone-line_IRHT_P_004718_1-28"
                         BASELINE=""
                         HPOS="287"
                         VPOS="1575"
                         WIDTH="993"
                         HEIGHT="43">
                  <Shape>
                     <Polygon POINTS="287,1575 1280,1575 1280,1618 287,1618"/>
                  </Shape>
                  <String CONTENT="saluatorem in euangelio antiphona ecce nomen domini uenit de lon"
                          HPOS="287"
                          VPOS="1575"
                          WIDTH="993"
                          HEIGHT="43"/>
               </TextLine>
            </TextBlock>
         </PrintSpace>
      </Page>
   </Layout>
</alto>
