<?xml version="1.0" encoding="UTF-8"?>
<alto xmlns="http://www.loc.gov/standards/alto/ns-v4#"
      xmlns:xsi="http://www.w3.org/2001/XMLSchema-instance"
      xmlns:tei="http://www.tei-c.org/ns/1.0"
      xsi:schemaLocation="http://www.loc.gov/standards/alto/ns-v4# ../schema/alto.xsd">
   <Description>
      <MeasurementUnit>pixel</MeasurementUnit>
      <sourceImageInformation>
         <fileName>IRHT_P_000736.tif</fileName>
      </sourceImageInformation>
   </Description>
   <Layout>
      <Page ID="zone-page_IRHT_P_000736"
            PHYSICAL_IMG_NR="0"
            WIDTH="1344"
            HEIGHT="1836">
         <PrintSpace HPOS="0" VPOS="0" WIDTH="1344" HEIGHT="1836">
            <TextBlock HPOS="297"
                       VPOS="29"
                       WIDTH="996"
                       HEIGHT="1772"
                       ID="zone-col_IRHT_P_000736_1">
               <Shape>
                  <Polygon POINTS="297,29 1293,29 1293,1801 297,1801"/>
               </Shape>
               <TextLine ID="zone-line_IRHT_P_000736_1-1"
                         BASELINE=""
                         HPOS="909"
                         VPOS="122"
                         WIDTH="342"
                         HEIGHT="64">
                  <Shape>
                     <Polygon POINTS="909,122 1251,122 1251,186 909,186"/>
                  </Shape>
                  <String CONTENT="incipit secundus"
                          HPOS="909"
                          VPOS="122"
                          WIDTH="342"
                          HEIGHT="64"/>
               </TextLine>
               <TextLine ID="zone-line_IRHT_P_000736_1-2"
                         BASELINE=""
                         HPOS="891"
                         VPOS="280"
                         WIDTH="382"
                         HEIGHT="58">
                  <Shape>
                     <Polygon POINTS="891,280 1273,280 1273,338 891,338"/>
                  </Shape>
                  <String CONTENT="post mortem uero ysa"
                          HPOS="891"
                          VPOS="280"
                          WIDTH="382"
                          HEIGHT="58"/>
               </TextLine>
               <TextLine ID="zone-line_IRHT_P_000736_1-3"
                         BASELINE=""
                         HPOS="888"
                         VPOS="358"
                         WIDTH="376"
                         HEIGHT="54">
                  <Shape>
                     <Polygon POINTS="888,358 1264,358 1264,412 888,412"/>
                  </Shape>
                  <String CONTENT="ac filii eius inui"
                          HPOS="888"
                          VPOS="358"
                          WIDTH="376"
                          HEIGHT="54"/>
               </TextLine>
               <TextLine ID="zone-line_IRHT_P_000736_1-4"
                         BASELINE=""
                         HPOS="868"
                         VPOS="432"
                         WIDTH="383"
                         HEIGHT="48">
                  <Shape>
                     <Polygon POINTS="868,432 1251,432 1251,480 868,480"/>
                  </Shape>
                  <String CONTENT="cem habitacula"
                          HPOS="868"
                          VPOS="432"
                          WIDTH="383"
                          HEIGHT="48"/>
               </TextLine>
               <TextLine ID="zone-line_IRHT_P_000736_1-5"
                         BASELINE=""
                         HPOS="880"
                         VPOS="494"
                         WIDTH="380"
                         HEIGHT="56">
                  <Shape>
                     <Polygon POINTS="880,494 1260,494 1260,550 880,550"/>
                  </Shape>
                  <String CONTENT="diuiserunt non"
                          HPOS="880"
                          VPOS="494"
                          WIDTH="380"
                          HEIGHT="56"/>
               </TextLine>
               <TextLine ID="zone-line_IRHT_P_000736_1-6"
                         BASELINE=""
                         HPOS="876"
                         VPOS="570"
                         WIDTH="415"
                         HEIGHT="60">
                  <Shape>
                     <Polygon POINTS="876,570 1291,570 1291,630 876,630"/>
                  </Shape>
                  <String CONTENT="ea que acceperant"
                          HPOS="876"
                          VPOS="570"
                          WIDTH="415"
                          HEIGHT="60"/>
               </TextLine>
               <TextLine ID="zone-line_IRHT_P_000736_1-7"
                         BASELINE=""
                         HPOS="879"
                         VPOS="641"
                         WIDTH="374"
                         HEIGHT="59">
                  <Shape>
                     <Polygon POINTS="879,641 1253,641 1253,700 879,700"/>
                  </Shape>
                  <String CONTENT="et tenuerant sed"
                          HPOS="879"
                          VPOS="641"
                          WIDTH="374"
                          HEIGHT="59"/>
               </TextLine>
               <TextLine ID="zone-line_IRHT_P_000736_1-8"
                         BASELINE=""
                         HPOS="882"
                         VPOS="718"
                         WIDTH="362"
                         HEIGHT="61">
                  <Shape>
                     <Polygon POINTS="882,718 1244,718 1244,779 882,779"/>
                  </Shape>
                  <String CONTENT="esau quidem e"
                          HPOS="882"
                          VPOS="718"
                          WIDTH="362"
                          HEIGHT="61"/>
               </TextLine>
               <TextLine ID="zone-line_IRHT_P_000736_1-9"
                         BASELINE=""
                         HPOS="324"
                         VPOS="777"
                         WIDTH="929"
                         HEIGHT="76">
                  <Shape>
                     <Polygon POINTS="324,777 1253,777 1253,853 324,853"/>
                  </Shape>
                  <String CONTENT="bron ciuitatem fratri dans habitauit"
                          HPOS="324"
                          VPOS="777"
                          WIDTH="929"
                          HEIGHT="76"/>
               </TextLine>
               <TextLine ID="zone-line_IRHT_P_000736_1-10"
                         BASELINE=""
                         HPOS="319"
                         VPOS="855"
                         WIDTH="952"
                         HEIGHT="72">
                  <Shape>
                     <Polygon POINTS="319,855 1271,855 1271,927 319,927"/>
                  </Shape>
                  <String CONTENT="in seir et in idumea regnabat quam re"
                          HPOS="319"
                          VPOS="855"
                          WIDTH="952"
                          HEIGHT="72"/>
               </TextLine>
               <TextLine ID="zone-line_IRHT_P_000736_1-11"
                         BASELINE=""
                         HPOS="317"
                         VPOS="931"
                         WIDTH="930"
                         HEIGHT="66">
                  <Shape>
                     <Polygon POINTS="317,931 1247,931 1247,997 317,997"/>
                  </Shape>
                  <String CONTENT="gionem a semetipso ita uocauit edom"
                          HPOS="317"
                          VPOS="931"
                          WIDTH="930"
                          HEIGHT="66"/>
               </TextLine>
               <TextLine ID="zone-line_IRHT_P_000736_1-12"
                         BASELINE=""
                         HPOS="319"
                         VPOS="1008"
                         WIDTH="948"
                         HEIGHT="67">
                  <Shape>
                     <Polygon POINTS="319,1008 1267,1008 1267,1075 319,1075"/>
                  </Shape>
                  <String CONTENT="enim nominatus est quam nuncupatio"
                          HPOS="319"
                          VPOS="1008"
                          WIDTH="948"
                          HEIGHT="67"/>
               </TextLine>
               <TextLine ID="zone-line_IRHT_P_000736_1-13"
                         BASELINE=""
                         HPOS="311"
                         VPOS="1085"
                         WIDTH="959"
                         HEIGHT="66">
                  <Shape>
                     <Polygon POINTS="311,1085 1270,1085 1270,1151 311,1151"/>
                  </Shape>
                  <String CONTENT="nem huiusmodi uenationis causa sorti"
                          HPOS="311"
                          VPOS="1085"
                          WIDTH="959"
                          HEIGHT="66"/>
               </TextLine>
               <TextLine ID="zone-line_IRHT_P_000736_1-14"
                         BASELINE=""
                         HPOS="319"
                         VPOS="1161"
                         WIDTH="960"
                         HEIGHT="65">
                  <Shape>
                     <Polygon POINTS="319,1161 1279,1161 1279,1226 319,1226"/>
                  </Shape>
                  <String CONTENT="tus est aliquando labore uenationis esu"
                          HPOS="319"
                          VPOS="1161"
                          WIDTH="960"
                          HEIGHT="65"/>
               </TextLine>
               <TextLine ID="zone-line_IRHT_P_000736_1-15"
                         BASELINE=""
                         HPOS="323"
                         VPOS="1232"
                         WIDTH="968"
                         HEIGHT="68">
                  <Shape>
                     <Polygon POINTS="323,1232 1291,1232 1291,1300 323,1300"/>
                  </Shape>
                  <String CONTENT="riens redibat dum adhuc puer esset etate"
                          HPOS="323"
                          VPOS="1232"
                          WIDTH="968"
                          HEIGHT="68"/>
               </TextLine>
               <TextLine ID="zone-line_IRHT_P_000736_1-16"
                         BASELINE=""
                         HPOS="325"
                         VPOS="1309"
                         WIDTH="944"
                         HEIGHT="72">
                  <Shape>
                     <Polygon POINTS="325,1309 1269,1309 1269,1381 325,1381"/>
                  </Shape>
                  <String CONTENT="inueniensque fratrem lentem sibi prepa"
                          HPOS="325"
                          VPOS="1309"
                          WIDTH="944"
                          HEIGHT="72"/>
               </TextLine>
               <TextLine ID="zone-line_IRHT_P_000736_1-17"
                         BASELINE=""
                         HPOS="323"
                         VPOS="1383"
                         WIDTH="912"
                         HEIGHT="76">
                  <Shape>
                     <Polygon POINTS="323,1383 1235,1383 1235,1459 323,1459"/>
                  </Shape>
                  <String CONTENT="rantem ad prandium rubeum colorem"
                          HPOS="323"
                          VPOS="1383"
                          WIDTH="912"
                          HEIGHT="76"/>
               </TextLine>
               <TextLine ID="zone-line_IRHT_P_000736_1-18"
                         BASELINE=""
                         HPOS="325"
                         VPOS="1462"
                         WIDTH="942"
                         HEIGHT="77">
                  <Shape>
                     <Polygon POINTS="325,1462 1267,1462 1267,1539 325,1539"/>
                  </Shape>
                  <String CONTENT="nimis habentem et propterea potius"
                          HPOS="325"
                          VPOS="1462"
                          WIDTH="942"
                          HEIGHT="77"/>
               </TextLine>
               <TextLine ID="zone-line_IRHT_P_000736_1-19"
                         BASELINE=""
                         HPOS="319"
                         VPOS="1541"
                         WIDTH="944"
                         HEIGHT="72">
                  <Shape>
                     <Polygon POINTS="319,1541 1263,1541 1263,1613 319,1613"/>
                  </Shape>
                  <String CONTENT="incitatus rogabat ut ei preberet ad ci"
                          HPOS="319"
                          VPOS="1541"
                          WIDTH="944"
                          HEIGHT="72"/>
               </TextLine>
               <TextLine ID="zone-line_IRHT_P_000736_1-20"
                         BASELINE=""
                         HPOS="321"
                         VPOS="1611"
                         WIDTH="954"
                         HEIGHT="80">
                  <Shape>
                     <Polygon POINTS="321,1611 1275,1611 1275,1691 321,1691"/>
                  </Shape>
                  <String CONTENT="bum qui uendere sibi primatum propter"
                          HPOS="321"
                          VPOS="1611"
                          WIDTH="954"
                          HEIGHT="80"/>
               </TextLine>
               <TextLine ID="zone-line_IRHT_P_000736_1-21"
                         BASELINE=""
                         HPOS="319"
                         VPOS="1696"
                         WIDTH="909"
                         HEIGHT="66">
                  <Shape>
                     <Polygon POINTS="319,1696 1228,1696 1228,1762 319,1762"/>
                  </Shape>
                  <String CONTENT="cibum per eius esuriem cimpulit fratrem"
                          HPOS="319"
                          VPOS="1696"
                          WIDTH="909"
                          HEIGHT="66"/>
               </TextLine>
            </TextBlock>
         </PrintSpace>
      </Page>
   </Layout>
</alto>
