<?xml version="1.0" encoding="UTF-8"?>
<alto xmlns="http://www.loc.gov/standards/alto/ns-v4#"
      xmlns:xsi="http://www.w3.org/2001/XMLSchema-instance"
      xmlns:tei="http://www.tei-c.org/ns/1.0"
      xsi:schemaLocation="http://www.loc.gov/standards/alto/ns-v4# ../schema/alto.xsd">
   <Description>
      <MeasurementUnit>pixel</MeasurementUnit>
      <sourceImageInformation>
         <fileName>IRHT_P_002725.tif</fileName>
      </sourceImageInformation>
   </Description>
   <Layout>
      <Page ID="zone-page_IRHT_P_002725"
            PHYSICAL_IMG_NR="0"
            WIDTH="1781"
            HEIGHT="1305">
         <PrintSpace HPOS="0" VPOS="0" WIDTH="1781" HEIGHT="1305">
            <TextBlock HPOS="226"
                       VPOS="55"
                       WIDTH="1385"
                       HEIGHT="1229"
                       ID="zone-col_IRHT_P_002725_1">
               <Shape>
                  <Polygon POINTS="226,55 1611,55 1611,1284 226,1284"/>
               </Shape>
               <TextLine ID="zone-line_IRHT_P_002725_1-1"
                         BASELINE=""
                         HPOS="331"
                         VPOS="167"
                         WIDTH="1265"
                         HEIGHT="43">
                  <Shape>
                     <Polygon POINTS="331,167 1596,167 1596,210 331,210"/>
                  </Shape>
                  <String CONTENT="29 de qualitate uisionis qua in futuro seculo sancti deum ui"
                          HPOS="331"
                          VPOS="167"
                          WIDTH="1265"
                          HEIGHT="43"/>
               </TextLine>
               <TextLine ID="zone-line_IRHT_P_002725_1-2"
                         BASELINE=""
                         HPOS="298"
                         VPOS="223"
                         WIDTH="190"
                         HEIGHT="42">
                  <Shape>
                     <Polygon POINTS="298,223 488,223 488,265 298,265"/>
                  </Shape>
                  <String CONTENT="debunt"
                          HPOS="298"
                          VPOS="223"
                          WIDTH="190"
                          HEIGHT="42"/>
               </TextLine>
               <TextLine ID="zone-line_IRHT_P_002725_1-3"
                         BASELINE=""
                         HPOS="327"
                         VPOS="277"
                         WIDTH="1253"
                         HEIGHT="50">
                  <Shape>
                     <Polygon POINTS="327,277 1580,277 1580,327 327,327"/>
                  </Shape>
                  <String CONTENT="30 de eterna felicitate ciuitatis dei sabbatoque perpetuo"
                          HPOS="327"
                          VPOS="277"
                          WIDTH="1253"
                          HEIGHT="50"/>
               </TextLine>
               <TextLine ID="zone-line_IRHT_P_002725_1-4"
                         BASELINE=""
                         HPOS="329"
                         VPOS="338"
                         WIDTH="1093"
                         HEIGHT="46">
                  <Shape>
                     <Polygon POINTS="329,338 1422,338 1422,384 329,384"/>
                  </Shape>
                  <String CONTENT="31 de operis consummatione cum gratiarum actione"
                          HPOS="329"
                          VPOS="338"
                          WIDTH="1093"
                          HEIGHT="46"/>
               </TextLine>
               <TextLine ID="zone-line_IRHT_P_002725_1-5"
                         BASELINE=""
                         HPOS="336"
                         VPOS="535"
                         WIDTH="1275"
                         HEIGHT="61">
                  <Shape>
                     <Polygon POINTS="336,535 1611,535 1611,596 336,596"/>
                  </Shape>
                  <String CONTENT="explicit tabula libri de ciuitate dei beati augustini"
                          HPOS="336"
                          VPOS="535"
                          WIDTH="1275"
                          HEIGHT="61"/>
               </TextLine>
               <TextLine ID="zone-line_IRHT_P_002725_1-6"
                         BASELINE=""
                         HPOS="322"
                         VPOS="603"
                         WIDTH="1267"
                         HEIGHT="44">
                  <Shape>
                     <Polygon POINTS="322,603 1589,603 1589,647 322,647"/>
                  </Shape>
                  <String CONTENT="que scripta fuit anno domini m cccc pri marcii die 26"
                          HPOS="322"
                          VPOS="603"
                          WIDTH="1267"
                          HEIGHT="44"/>
               </TextLine>
               <TextLine ID="zone-line_IRHT_P_002725_1-7"
                         BASELINE=""
                         HPOS="319"
                         VPOS="660"
                         WIDTH="1265"
                         HEIGHT="42">
                  <Shape>
                     <Polygon POINTS="319,660 1584,660 1584,702 319,702"/>
                  </Shape>
                  <String CONTENT="uigente scismate et papa benedicto 13 in palatio auinionensis"
                          HPOS="319"
                          VPOS="660"
                          WIDTH="1265"
                          HEIGHT="42"/>
               </TextLine>
               <TextLine ID="zone-line_IRHT_P_002725_1-8"
                         BASELINE=""
                         HPOS="319"
                         VPOS="717"
                         WIDTH="107"
                         HEIGHT="46">
                  <Shape>
                     <Polygon POINTS="319,717 426,717 426,763 319,763"/>
                  </Shape>
                  <String CONTENT="sub" HPOS="319" VPOS="717" WIDTH="107" HEIGHT="46"/>
               </TextLine>
               <TextLine ID="zone-line_IRHT_P_002725_1-9"
                         BASELINE=""
                         HPOS="320"
                         VPOS="783"
                         WIDTH="225"
                         HEIGHT="37">
                  <Shape>
                     <Polygon POINTS="320,783 545,783 545,820 320,820"/>
                  </Shape>
                  <String CONTENT="clau"
                          HPOS="320"
                          VPOS="783"
                          WIDTH="225"
                          HEIGHT="37"/>
               </TextLine>
               <TextLine ID="zone-line_IRHT_P_002725_1-10"
                         BASELINE=""
                         HPOS="326"
                         VPOS="835"
                         WIDTH="196"
                         HEIGHT="40">
                  <Shape>
                     <Polygon POINTS="326,835 522,835 522,875 326,875"/>
                  </Shape>
                  <String CONTENT="sura iam"
                          HPOS="326"
                          VPOS="835"
                          WIDTH="196"
                          HEIGHT="40"/>
               </TextLine>
               <TextLine ID="zone-line_IRHT_P_002725_1-11"
                         BASELINE=""
                         HPOS="324"
                         VPOS="891"
                         WIDTH="99"
                         HEIGHT="44">
                  <Shape>
                     <Polygon POINTS="324,891 423,891 423,935 324,935"/>
                  </Shape>
                  <String CONTENT="per" HPOS="324" VPOS="891" WIDTH="99" HEIGHT="44"/>
               </TextLine>
               <TextLine ID="zone-line_IRHT_P_002725_1-12"
                         BASELINE=""
                         HPOS="327"
                         VPOS="953"
                         WIDTH="94"
                         HEIGHT="45">
                  <Shape>
                     <Polygon POINTS="327,953 421,953 421,998 327,998"/>
                  </Shape>
                  <String CONTENT="bien" HPOS="327" VPOS="953" WIDTH="94" HEIGHT="45"/>
               </TextLine>
               <TextLine ID="zone-line_IRHT_P_002725_1-13"
                         BASELINE=""
                         HPOS="319"
                         VPOS="1012"
                         WIDTH="97"
                         HEIGHT="44">
                  <Shape>
                     <Polygon POINTS="319,1012 416,1012 416,1056 319,1056"/>
                  </Shape>
                  <String CONTENT="nium"
                          HPOS="319"
                          VPOS="1012"
                          WIDTH="97"
                          HEIGHT="44"/>
               </TextLine>
               <TextLine ID="zone-line_IRHT_P_002725_1-14"
                         BASELINE=""
                         HPOS="319"
                         VPOS="1072"
                         WIDTH="93"
                         HEIGHT="50">
                  <Shape>
                     <Polygon POINTS="319,1072 412,1072 412,1122 319,1122"/>
                  </Shape>
                  <String CONTENT="deten"
                          HPOS="319"
                          VPOS="1072"
                          WIDTH="93"
                          HEIGHT="50"/>
               </TextLine>
               <TextLine ID="zone-line_IRHT_P_002725_1-15"
                         BASELINE=""
                         HPOS="328"
                         VPOS="1139"
                         WIDTH="166"
                         HEIGHT="41">
                  <Shape>
                     <Polygon POINTS="328,1139 494,1139 494,1180 328,1180"/>
                  </Shape>
                  <String CONTENT="to pro"
                          HPOS="328"
                          VPOS="1139"
                          WIDTH="166"
                          HEIGHT="41"/>
               </TextLine>
               <TextLine ID="zone-line_IRHT_P_002725_1-16"
                         BASELINE=""
                         HPOS="315"
                         VPOS="1193"
                         WIDTH="183"
                         HEIGHT="44">
                  <Shape>
                     <Polygon POINTS="315,1193 498,1193 498,1237 315,1237"/>
                  </Shape>
                  <String CONTENT="th dolor"
                          HPOS="315"
                          VPOS="1193"
                          WIDTH="183"
                          HEIGHT="44"/>
               </TextLine>
            </TextBlock>
            <TextBlock HPOS="413"
                       VPOS="706"
                       WIDTH="1198"
                       HEIGHT="578"
                       ID="zone-col_IRHT_P_002725_2">
               <Shape>
                  <Polygon POINTS="413,706 1611,706 1611,1284 413,1284"/>
               </Shape>
               <TextLine ID="zone-line_IRHT_P_002725_2-1"
                         BASELINE=""
                         HPOS="423"
                         VPOS="775"
                         WIDTH="917"
                         HEIGHT="45">
                  <Shape>
                     <Polygon POINTS="423,775 1340,775 1340,820 423,820"/>
                  </Shape>
                  <String CONTENT="ce escripst guyllemin cronier"
                          HPOS="423"
                          VPOS="775"
                          WIDTH="917"
                          HEIGHT="45"/>
               </TextLine>
               <TextLine ID="zone-line_IRHT_P_002725_2-2"
                         BASELINE=""
                         HPOS="415"
                         VPOS="881"
                         WIDTH="892"
                         HEIGHT="51">
                  <Shape>
                     <Polygon POINTS="415,881 1307,881 1307,932 415,932"/>
                  </Shape>
                  <String CONTENT="pour des prelats le per premier"
                          HPOS="415"
                          VPOS="881"
                          WIDTH="892"
                          HEIGHT="51"/>
               </TextLine>
               <TextLine ID="zone-line_IRHT_P_002725_2-3"
                         BASELINE=""
                         HPOS="413"
                         VPOS="995"
                         WIDTH="982"
                         HEIGHT="62">
                  <Shape>
                     <Polygon POINTS="413,995 1395,995 1395,1057 413,1057"/>
                  </Shape>
                  <String CONTENT="et se bien son nom weulz scavoir"
                          HPOS="413"
                          VPOS="995"
                          WIDTH="982"
                          HEIGHT="62"/>
               </TextLine>
               <TextLine ID="zone-line_IRHT_P_002725_2-4"
                         BASELINE=""
                         HPOS="424"
                         VPOS="1114"
                         WIDTH="897"
                         HEIGHT="64">
                  <Shape>
                     <Polygon POINTS="424,1114 1321,1114 1321,1178 424,1178"/>
                  </Shape>
                  <String CONTENT="pren le rouge et laysse le noir"
                          HPOS="424"
                          VPOS="1114"
                          WIDTH="897"
                          HEIGHT="64"/>
               </TextLine>
            </TextBlock>
         </PrintSpace>
      </Page>
   </Layout>
</alto>
