<?xml version="1.0" encoding="UTF-8"?>
<alto xmlns="http://www.loc.gov/standards/alto/ns-v4#"
      xmlns:xsi="http://www.w3.org/2001/XMLSchema-instance"
      xmlns:tei="http://www.tei-c.org/ns/1.0"
      xsi:schemaLocation="http://www.loc.gov/standards/alto/ns-v4# ../schema/alto.xsd">
   <Description>
      <MeasurementUnit>pixel</MeasurementUnit>
      <sourceImageInformation>
         <fileName>IRHT_P_003653.tif</fileName>
      </sourceImageInformation>
   </Description>
   <Layout>
      <Page ID="zone-page_IRHT_P_003653"
            PHYSICAL_IMG_NR="0"
            WIDTH="1365"
            HEIGHT="1816">
         <PrintSpace HPOS="0" VPOS="0" WIDTH="1365" HEIGHT="1816">
            <TextBlock HPOS="216"
                       VPOS="82"
                       WIDTH="1039"
                       HEIGHT="1725"
                       ID="zone-col_IRHT_P_003653_1">
               <Shape>
                  <Polygon POINTS="216,82 1255,82 1255,1807 216,1807"/>
               </Shape>
               <TextLine ID="zone-line_IRHT_P_003653_1-1"
                         BASELINE=""
                         HPOS="326"
                         VPOS="82"
                         WIDTH="853"
                         HEIGHT="50">
                  <Shape>
                     <Polygon POINTS="326,82 1179,82 1179,132 326,132"/>
                  </Shape>
                  <String CONTENT="fratrem guillelmum petri de godino baionensis ordinis"
                          HPOS="326"
                          VPOS="82"
                          WIDTH="853"
                          HEIGHT="50"/>
               </TextLine>
               <TextLine ID="zone-line_IRHT_P_003653_1-2"
                         BASELINE=""
                         HPOS="306"
                         VPOS="142"
                         WIDTH="861"
                         HEIGHT="51">
                  <Shape>
                     <Polygon POINTS="306,142 1167,142 1167,193 306,193"/>
                  </Shape>
                  <String CONTENT="fratrum predicatorum magistrum in theologia parisiensem"
                          HPOS="306"
                          VPOS="142"
                          WIDTH="861"
                          HEIGHT="51"/>
               </TextLine>
               <TextLine ID="zone-line_IRHT_P_003653_1-3"
                         BASELINE=""
                         HPOS="272"
                         VPOS="204"
                         WIDTH="898"
                         HEIGHT="47">
                  <Shape>
                     <Polygon POINTS="272,204 1170,204 1170,251 272,251"/>
                  </Shape>
                  <String CONTENT="assumpsit in presbiterium cardinalem tituli"
                          HPOS="272"
                          VPOS="204"
                          WIDTH="898"
                          HEIGHT="47"/>
               </TextLine>
               <TextLine ID="zone-line_IRHT_P_003653_1-4"
                         BASELINE=""
                         HPOS="216"
                         VPOS="264"
                         WIDTH="962"
                         HEIGHT="42">
                  <Shape>
                     <Polygon POINTS="216,264 1178,264 1178,306 216,306"/>
                  </Shape>
                  <String CONTENT="sancte cecilie idem dominus clemens papa vus sabbato in"
                          HPOS="216"
                          VPOS="264"
                          WIDTH="962"
                          HEIGHT="42"/>
               </TextLine>
               <TextLine ID="zone-line_IRHT_P_003653_1-5"
                         BASELINE=""
                         HPOS="223"
                         VPOS="327"
                         WIDTH="955"
                         HEIGHT="45">
                  <Shape>
                     <Polygon POINTS="223,327 1178,327 1178,372 223,372"/>
                  </Shape>
                  <String CONTENT="ieiuniis iiiior temporum in aduentu x kalendas ianu"
                          HPOS="223"
                          VPOS="327"
                          WIDTH="955"
                          HEIGHT="45"/>
               </TextLine>
               <TextLine ID="zone-line_IRHT_P_003653_1-6"
                         BASELINE=""
                         HPOS="224"
                         VPOS="394"
                         WIDTH="917"
                         HEIGHT="44">
                  <Shape>
                     <Polygon POINTS="224,394 1141,394 1141,438 224,438"/>
                  </Shape>
                  <String CONTENT="arii anno domini m ccc xii pontificatus sui"
                          HPOS="224"
                          VPOS="394"
                          WIDTH="917"
                          HEIGHT="44"/>
               </TextLine>
               <TextLine ID="zone-line_IRHT_P_003653_1-7"
                         BASELINE=""
                         HPOS="217"
                         VPOS="460"
                         WIDTH="941"
                         HEIGHT="43">
                  <Shape>
                     <Polygon POINTS="217,460 1158,460 1158,503 217,503"/>
                  </Shape>
                  <String CONTENT="anno viii erat autem tunc lector sacri palacii ubi"
                          HPOS="217"
                          VPOS="460"
                          WIDTH="941"
                          HEIGHT="43"/>
               </TextLine>
               <TextLine ID="zone-line_IRHT_P_003653_1-8"
                         BASELINE=""
                         HPOS="218"
                         VPOS="526"
                         WIDTH="979"
                         HEIGHT="42">
                  <Shape>
                     <Polygon POINTS="218,526 1197,526 1197,568 218,568"/>
                  </Shape>
                  <String CONTENT="legerat iam vi annis fueratque prior prouincialis"
                          HPOS="218"
                          VPOS="526"
                          WIDTH="979"
                          HEIGHT="42"/>
               </TextLine>
               <TextLine ID="zone-line_IRHT_P_003653_1-9"
                         BASELINE=""
                         HPOS="227"
                         VPOS="590"
                         WIDTH="942"
                         HEIGHT="42">
                  <Shape>
                     <Polygon POINTS="227,590 1169,590 1169,632 227,632"/>
                  </Shape>
                  <String CONTENT="in prouincia prouincie ordinis predicatorum primo et in"
                          HPOS="227"
                          VPOS="590"
                          WIDTH="942"
                          HEIGHT="42"/>
               </TextLine>
               <TextLine ID="zone-line_IRHT_P_003653_1-10"
                         BASELINE=""
                         HPOS="217"
                         VPOS="647"
                         WIDTH="970"
                         HEIGHT="53">
                  <Shape>
                     <Polygon POINTS="217,647 1187,647 1187,700 217,700"/>
                  </Shape>
                  <String CONTENT="prouincia tholosana hunc postmodum fecit episcopum car"
                          HPOS="217"
                          VPOS="647"
                          WIDTH="970"
                          HEIGHT="53"/>
               </TextLine>
               <TextLine ID="zone-line_IRHT_P_003653_1-11"
                         BASELINE=""
                         HPOS="223"
                         VPOS="719"
                         WIDTH="948"
                         HEIGHT="43">
                  <Shape>
                     <Polygon POINTS="223,719 1171,719 1171,762 223,762"/>
                  </Shape>
                  <String CONTENT="dinalem sabinencem dominus iohannes papa hic fecit construi to"
                          HPOS="223"
                          VPOS="719"
                          WIDTH="948"
                          HEIGHT="43"/>
               </TextLine>
               <TextLine ID="zone-line_IRHT_P_003653_1-12"
                         BASELINE=""
                         HPOS="216"
                         VPOS="782"
                         WIDTH="970"
                         HEIGHT="53">
                  <Shape>
                     <Polygon POINTS="216,782 1186,782 1186,835 216,835"/>
                  </Shape>
                  <String CONTENT="tam ecclesiam preter capus fratrum predicatorum tholose suis sumptibus"
                          HPOS="216"
                          VPOS="782"
                          WIDTH="970"
                          HEIGHT="53"/>
               </TextLine>
               <TextLine ID="zone-line_IRHT_P_003653_1-13"
                         BASELINE=""
                         HPOS="224"
                         VPOS="842"
                         WIDTH="220"
                         HEIGHT="44">
                  <Shape>
                     <Polygon POINTS="224,842 444,842 444,886 224,886"/>
                  </Shape>
                  <String CONTENT="et expencis"
                          HPOS="224"
                          VPOS="842"
                          WIDTH="220"
                          HEIGHT="44"/>
               </TextLine>
               <TextLine ID="zone-line_IRHT_P_003653_1-14"
                         BASELINE=""
                         HPOS="296"
                         VPOS="902"
                         WIDTH="867"
                         HEIGHT="53">
                  <Shape>
                     <Polygon POINTS="296,902 1163,902 1163,955 296,955"/>
                  </Shape>
                  <String CONTENT="ratrem matheum de urssinis de ciuitate"
                          HPOS="296"
                          VPOS="902"
                          WIDTH="867"
                          HEIGHT="53"/>
               </TextLine>
               <TextLine ID="zone-line_IRHT_P_003653_1-15"
                         BASELINE=""
                         HPOS="296"
                         VPOS="974"
                         WIDTH="876"
                         HEIGHT="44">
                  <Shape>
                     <Polygon POINTS="296,974 1172,974 1172,1018 296,1018"/>
                  </Shape>
                  <String CONTENT="romana magistrum in theulogia parisiensem de cuius"
                          HPOS="296"
                          VPOS="974"
                          WIDTH="876"
                          HEIGHT="44"/>
               </TextLine>
               <TextLine ID="zone-line_IRHT_P_003653_1-16"
                         BASELINE=""
                         HPOS="228"
                         VPOS="1038"
                         WIDTH="946"
                         HEIGHT="46">
                  <Shape>
                     <Polygon POINTS="228,1038 1174,1038 1174,1084 228,1084"/>
                  </Shape>
                  <String CONTENT="ospicio ante longe fuerant assumpti a quidam pape et"
                          HPOS="228"
                          VPOS="1038"
                          WIDTH="946"
                          HEIGHT="46"/>
               </TextLine>
               <TextLine ID="zone-line_IRHT_P_003653_1-17"
                         BASELINE=""
                         HPOS="233"
                         VPOS="1099"
                         WIDTH="944"
                         HEIGHT="43">
                  <Shape>
                     <Polygon POINTS="233,1099 1177,1099 1177,1142 233,1142"/>
                  </Shape>
                  <String CONTENT="eciam inperatores nec non et plures cardinales assump"
                          HPOS="233"
                          VPOS="1099"
                          WIDTH="944"
                          HEIGHT="43"/>
               </TextLine>
               <TextLine ID="zone-line_IRHT_P_003653_1-18"
                         BASELINE=""
                         HPOS="233"
                         VPOS="1152"
                         WIDTH="956"
                         HEIGHT="52">
                  <Shape>
                     <Polygon POINTS="233,1152 1189,1152 1189,1204 233,1204"/>
                  </Shape>
                  <String CONTENT="sit in presbiterum cardinalem tituli sanctorum iohannis et pauli"
                          HPOS="233"
                          VPOS="1152"
                          WIDTH="956"
                          HEIGHT="52"/>
               </TextLine>
               <TextLine ID="zone-line_IRHT_P_003653_1-19"
                         BASELINE=""
                         HPOS="228"
                         VPOS="1213"
                         WIDTH="945"
                         HEIGHT="56">
                  <Shape>
                     <Polygon POINTS="228,1213 1173,1213 1173,1269 228,1269"/>
                  </Shape>
                  <String CONTENT="dominus iohannes papa in ieiuniis iiiior temporum aduentus"
                          HPOS="228"
                          VPOS="1213"
                          WIDTH="945"
                          HEIGHT="56"/>
               </TextLine>
               <TextLine ID="zone-line_IRHT_P_003653_1-20"
                         BASELINE=""
                         HPOS="239"
                         VPOS="1259"
                         WIDTH="941"
                         HEIGHT="58">
                  <Shape>
                     <Polygon POINTS="239,1259 1180,1259 1180,1317 239,1317"/>
                  </Shape>
                  <String CONTENT="xiiii kalendas ianuarii anno domini m ccc xx vii iste fuit"
                          HPOS="239"
                          VPOS="1259"
                          WIDTH="941"
                          HEIGHT="58"/>
               </TextLine>
               <TextLine ID="zone-line_IRHT_P_003653_1-21"
                         BASELINE=""
                         HPOS="231"
                         VPOS="1306"
                         WIDTH="948"
                         HEIGHT="61">
                  <Shape>
                     <Polygon POINTS="231,1306 1179,1306 1179,1367 231,1367"/>
                  </Shape>
                  <String CONTENT="in vii capitulo generali burdegale celebrato anno domini m"
                          HPOS="231"
                          VPOS="1306"
                          WIDTH="948"
                          HEIGHT="61"/>
               </TextLine>
               <TextLine ID="zone-line_IRHT_P_003653_1-22"
                         BASELINE=""
                         HPOS="232"
                         VPOS="1343"
                         WIDTH="978"
                         HEIGHT="74">
                  <Shape>
                     <Polygon POINTS="232,1343 1210,1343 1210,1417 232,1417"/>
                  </Shape>
                  <String CONTENT="ccc xx iiii erat enim prior prouincialis romane prouincie in"
                          HPOS="232"
                          VPOS="1343"
                          WIDTH="978"
                          HEIGHT="74"/>
               </TextLine>
               <TextLine ID="zone-line_IRHT_P_003653_1-23"
                         BASELINE=""
                         HPOS="235"
                         VPOS="1403"
                         WIDTH="584"
                         HEIGHT="60">
                  <Shape>
                     <Polygon POINTS="235,1403 819,1403 819,1463 235,1463"/>
                  </Shape>
                  <String CONTENT="quo capitulo fuit grauiter infirmus"
                          HPOS="235"
                          VPOS="1403"
                          WIDTH="584"
                          HEIGHT="60"/>
               </TextLine>
               <TextLine ID="zone-line_IRHT_P_003653_1-24"
                         BASELINE=""
                         HPOS="276"
                         VPOS="1461"
                         WIDTH="939"
                         HEIGHT="104">
                  <Shape>
                     <Polygon POINTS="276,1461 1215,1461 1215,1565 276,1565"/>
                  </Shape>
                  <String CONTENT="fratrem geraldum de domaro briuensis ordinis"
                          HPOS="276"
                          VPOS="1461"
                          WIDTH="939"
                          HEIGHT="104"/>
               </TextLine>
               <TextLine ID="zone-line_IRHT_P_003653_1-25"
                         BASELINE=""
                         HPOS="290"
                         VPOS="1519"
                         WIDTH="906"
                         HEIGHT="110">
                  <Shape>
                     <Polygon POINTS="290,1519 1196,1519 1196,1629 290,1629"/>
                  </Shape>
                  <String CONTENT="fratrum predicarum magistrum in theologia parisiensem"
                          HPOS="290"
                          VPOS="1519"
                          WIDTH="906"
                          HEIGHT="110"/>
               </TextLine>
               <TextLine ID="zone-line_IRHT_P_003653_1-26"
                         BASELINE=""
                         HPOS="226"
                         VPOS="1578"
                         WIDTH="1012"
                         HEIGHT="135">
                  <Shape>
                     <Polygon POINTS="226,1578 1238,1578 1238,1713 226,1713"/>
                  </Shape>
                  <String CONTENT="assumpsit in presbiterum cardinalem tituli sancte sabine dominus"
                          HPOS="226"
                          VPOS="1578"
                          WIDTH="1012"
                          HEIGHT="135"/>
               </TextLine>
               <TextLine ID="zone-line_IRHT_P_003653_1-27"
                         BASELINE=""
                         HPOS="224"
                         VPOS="1639"
                         WIDTH="1031"
                         HEIGHT="139">
                  <Shape>
                     <Polygon POINTS="224,1639 1255,1639 1255,1778 224,1778"/>
                  </Shape>
                  <String CONTENT="clemens papa vius sa sabbato in ieiuniis iiiior"
                          HPOS="224"
                          VPOS="1639"
                          WIDTH="1031"
                          HEIGHT="139"/>
               </TextLine>
               <TextLine ID="zone-line_IRHT_P_003653_1-28"
                         BASELINE=""
                         HPOS="482"
                         VPOS="1699"
                         WIDTH="759"
                         HEIGHT="103">
                  <Shape>
                     <Polygon POINTS="482,1699 1241,1699 1241,1802 482,1802"/>
                  </Shape>
                  <String CONTENT="festiuitate exaltacionis sancte crucis"
                          HPOS="482"
                          VPOS="1699"
                          WIDTH="759"
                          HEIGHT="103"/>
               </TextLine>
            </TextBlock>
         </PrintSpace>
      </Page>
   </Layout>
</alto>
