<?xml version="1.0" encoding="UTF-8"?>
<alto xmlns="http://www.loc.gov/standards/alto/ns-v4#"
      xmlns:xsi="http://www.w3.org/2001/XMLSchema-instance"
      xmlns:tei="http://www.tei-c.org/ns/1.0"
      xsi:schemaLocation="http://www.loc.gov/standards/alto/ns-v4# ../schema/alto.xsd">
   <Description>
      <MeasurementUnit>pixel</MeasurementUnit>
      <sourceImageInformation>
         <fileName>IRHT_P_000302.tif</fileName>
      </sourceImageInformation>
   </Description>
   <Layout>
      <Page ID="zone-page_IRHT_P_000302"
            PHYSICAL_IMG_NR="0"
            WIDTH="1792"
            HEIGHT="1302">
         <PrintSpace HPOS="0" VPOS="0" WIDTH="1792" HEIGHT="1302">
            <TextBlock HPOS="132"
                       VPOS="27"
                       WIDTH="669"
                       HEIGHT="1265"
                       ID="zone-col_IRHT_P_000302_1">
               <Shape>
                  <Polygon POINTS="132,27 801,27 801,1292 132,1292"/>
               </Shape>
               <TextLine ID="zone-line_IRHT_P_000302_1-1"
                         BASELINE=""
                         HPOS="232"
                         VPOS="75"
                         WIDTH="504"
                         HEIGHT="36">
                  <Shape>
                     <Polygon POINTS="232,75 736,75 736,111 232,111"/>
                  </Shape>
                  <String CONTENT="tiam considerans dicit qui"
                          HPOS="232"
                          VPOS="75"
                          WIDTH="504"
                          HEIGHT="36"/>
               </TextLine>
               <TextLine ID="zone-line_IRHT_P_000302_1-2"
                         BASELINE=""
                         HPOS="232"
                         VPOS="131"
                         WIDTH="488"
                         HEIGHT="45">
                  <Shape>
                     <Polygon POINTS="232,131 720,131 720,176 232,176"/>
                  </Shape>
                  <String CONTENT="de terra est de terra loquitur qui"
                          HPOS="232"
                          VPOS="131"
                          WIDTH="488"
                          HEIGHT="45"/>
               </TextLine>
               <TextLine ID="zone-line_IRHT_P_000302_1-3"
                         BASELINE=""
                         HPOS="224"
                         VPOS="195"
                         WIDTH="518"
                         HEIGHT="43">
                  <Shape>
                     <Polygon POINTS="224,195 742,195 742,238 224,238"/>
                  </Shape>
                  <String CONTENT="de celo uenit super omnes est"
                          HPOS="224"
                          VPOS="195"
                          WIDTH="518"
                          HEIGHT="43"/>
               </TextLine>
               <TextLine ID="zone-line_IRHT_P_000302_1-4"
                         BASELINE=""
                         HPOS="227"
                         VPOS="256"
                         WIDTH="511"
                         HEIGHT="41">
                  <Shape>
                     <Polygon POINTS="227,256 738,256 738,297 227,297"/>
                  </Shape>
                  <String CONTENT="tu autem domine responsorium descen"
                          HPOS="227"
                          VPOS="256"
                          WIDTH="511"
                          HEIGHT="41"/>
               </TextLine>
               <TextLine ID="zone-line_IRHT_P_000302_1-5"
                         BASELINE=""
                         HPOS="224"
                         VPOS="317"
                         WIDTH="521"
                         HEIGHT="42">
                  <Shape>
                     <Polygon POINTS="224,317 745,317 745,359 224,359"/>
                  </Shape>
                  <String CONTENT="det dominus sicut pluuia in uel"
                          HPOS="224"
                          VPOS="317"
                          WIDTH="521"
                          HEIGHT="42"/>
               </TextLine>
               <TextLine ID="zone-line_IRHT_P_000302_1-6"
                         BASELINE=""
                         HPOS="228"
                         VPOS="376"
                         WIDTH="502"
                         HEIGHT="46">
                  <Shape>
                     <Polygon POINTS="228,376 730,376 730,422 228,422"/>
                  </Shape>
                  <String CONTENT="lus orietur in diebus eius iusticia"
                          HPOS="228"
                          VPOS="376"
                          WIDTH="502"
                          HEIGHT="46"/>
               </TextLine>
               <TextLine ID="zone-line_IRHT_P_000302_1-7"
                         BASELINE=""
                         HPOS="236"
                         VPOS="439"
                         WIDTH="512"
                         HEIGHT="40">
                  <Shape>
                     <Polygon POINTS="236,439 748,439 748,479 236,479"/>
                  </Shape>
                  <String CONTENT="et habundancia pacis uersus et ado"
                          HPOS="236"
                          VPOS="439"
                          WIDTH="512"
                          HEIGHT="40"/>
               </TextLine>
               <TextLine ID="zone-line_IRHT_P_000302_1-8"
                         BASELINE=""
                         HPOS="239"
                         VPOS="499"
                         WIDTH="504"
                         HEIGHT="44">
                  <Shape>
                     <Polygon POINTS="239,499 743,499 743,543 239,543"/>
                  </Shape>
                  <String CONTENT="rabunt eum omnes reges omnes"
                          HPOS="239"
                          VPOS="499"
                          WIDTH="504"
                          HEIGHT="44"/>
               </TextLine>
               <TextLine ID="zone-line_IRHT_P_000302_1-9"
                         BASELINE=""
                         HPOS="236"
                         VPOS="564"
                         WIDTH="536"
                         HEIGHT="49">
                  <Shape>
                     <Polygon POINTS="236,564 772,564 772,613 236,613"/>
                  </Shape>
                  <String CONTENT="gentes seruient ei orietur lectio viii"
                          HPOS="236"
                          VPOS="564"
                          WIDTH="536"
                          HEIGHT="49"/>
               </TextLine>
               <TextLine ID="zone-line_IRHT_P_000302_1-10"
                         BASELINE=""
                         HPOS="362"
                         VPOS="627"
                         WIDTH="352"
                         HEIGHT="42">
                  <Shape>
                     <Polygon POINTS="362,627 714,627 714,669 362,669"/>
                  </Shape>
                  <String CONTENT="cur in carcere positus"
                          HPOS="362"
                          VPOS="627"
                          WIDTH="352"
                          HEIGHT="42"/>
               </TextLine>
               <TextLine ID="zone-line_IRHT_P_000302_1-11"
                         BASELINE=""
                         HPOS="372"
                         VPOS="687"
                         WIDTH="370"
                         HEIGHT="44">
                  <Shape>
                     <Polygon POINTS="372,687 742,687 742,731 372,731"/>
                  </Shape>
                  <String CONTENT="mittens discipulos"
                          HPOS="372"
                          VPOS="687"
                          WIDTH="370"
                          HEIGHT="44"/>
               </TextLine>
               <TextLine ID="zone-line_IRHT_P_000302_1-12"
                         BASELINE=""
                         HPOS="235"
                         VPOS="748"
                         WIDTH="544"
                         HEIGHT="42">
                  <Shape>
                     <Polygon POINTS="235,748 779,748 779,790 235,790"/>
                  </Shape>
                  <String CONTENT="requirit tu es qui uenturus e"
                          HPOS="235"
                          VPOS="748"
                          WIDTH="544"
                          HEIGHT="42"/>
               </TextLine>
               <TextLine ID="zone-line_IRHT_P_000302_1-13"
                         BASELINE=""
                         HPOS="242"
                         VPOS="807"
                         WIDTH="506"
                         HEIGHT="44">
                  <Shape>
                     <Polygon POINTS="242,807 748,807 748,851 242,851"/>
                  </Shape>
                  <String CONTENT="an alium expectamus tanquan"
                          HPOS="242"
                          VPOS="807"
                          WIDTH="506"
                          HEIGHT="44"/>
               </TextLine>
               <TextLine ID="zone-line_IRHT_P_000302_1-14"
                         BASELINE=""
                         HPOS="235"
                         VPOS="871"
                         WIDTH="492"
                         HEIGHT="40">
                  <Shape>
                     <Polygon POINTS="235,871 727,871 727,911 235,911"/>
                  </Shape>
                  <String CONTENT="si ignoret quem ostenderat"
                          HPOS="235"
                          VPOS="871"
                          WIDTH="492"
                          HEIGHT="40"/>
               </TextLine>
               <TextLine ID="zone-line_IRHT_P_000302_1-15"
                         BASELINE=""
                         HPOS="235"
                         VPOS="933"
                         WIDTH="489"
                         HEIGHT="41">
                  <Shape>
                     <Polygon POINTS="235,933 724,933 724,974 235,974"/>
                  </Shape>
                  <String CONTENT="et an ipse sit nesciat quem"
                          HPOS="235"
                          VPOS="933"
                          WIDTH="489"
                          HEIGHT="41"/>
               </TextLine>
               <TextLine ID="zone-line_IRHT_P_000302_1-16"
                         BASELINE=""
                         HPOS="239"
                         VPOS="992"
                         WIDTH="513"
                         HEIGHT="42">
                  <Shape>
                     <Polygon POINTS="239,992 752,992 752,1034 239,1034"/>
                  </Shape>
                  <String CONTENT="ipsum esse prophetando baptisando"
                          HPOS="239"
                          VPOS="992"
                          WIDTH="513"
                          HEIGHT="42"/>
               </TextLine>
               <TextLine ID="zone-line_IRHT_P_000302_1-17"
                         BASELINE=""
                         HPOS="241"
                         VPOS="1051"
                         WIDTH="502"
                         HEIGHT="41">
                  <Shape>
                     <Polygon POINTS="241,1051 743,1051 743,1092 241,1092"/>
                  </Shape>
                  <String CONTENT="ostendendo clamauerat sed"
                          HPOS="241"
                          VPOS="1051"
                          WIDTH="502"
                          HEIGHT="41"/>
               </TextLine>
               <TextLine ID="zone-line_IRHT_P_000302_1-18"
                         BASELINE=""
                         HPOS="243"
                         VPOS="1111"
                         WIDTH="478"
                         HEIGHT="41">
                  <Shape>
                     <Polygon POINTS="243,1111 721,1111 721,1152 243,1152"/>
                  </Shape>
                  <String CONTENT="hec cicius questio soluitur"
                          HPOS="243"
                          VPOS="1111"
                          WIDTH="478"
                          HEIGHT="41"/>
               </TextLine>
               <TextLine ID="zone-line_IRHT_P_000302_1-19"
                         BASELINE=""
                         HPOS="239"
                         VPOS="1170"
                         WIDTH="476"
                         HEIGHT="44">
                  <Shape>
                     <Polygon POINTS="239,1170 715,1170 715,1214 239,1214"/>
                  </Shape>
                  <String CONTENT="si geste rei tempus et ordo"
                          HPOS="239"
                          VPOS="1170"
                          WIDTH="476"
                          HEIGHT="44"/>
               </TextLine>
               <TextLine ID="zone-line_IRHT_P_000302_1-20"
                         BASELINE=""
                         HPOS="239"
                         VPOS="1236"
                         WIDTH="562"
                         HEIGHT="36">
                  <Shape>
                     <Polygon POINTS="239,1236 801,1236 801,1272 239,1272"/>
                  </Shape>
                  <String CONTENT="pensetur tu autem responsorium monte"
                          HPOS="239"
                          VPOS="1236"
                          WIDTH="562"
                          HEIGHT="36"/>
               </TextLine>
            </TextBlock>
            <TextBlock HPOS="867"
                       VPOS="23"
                       WIDTH="542"
                       HEIGHT="1261"
                       ID="zone-col_IRHT_P_000302_2">
               <Shape>
                  <Polygon POINTS="867,23 1409,23 1409,1284 867,1284"/>
               </Shape>
               <TextLine ID="zone-line_IRHT_P_000302_2-1"
                         BASELINE=""
                         HPOS="867"
                         VPOS="76"
                         WIDTH="542"
                         HEIGHT="46">
                  <Shape>
                     <Polygon POINTS="867,76 1409,76 1409,122 867,122"/>
                  </Shape>
                  <String CONTENT="rem an ipse ueniat requirit"
                          HPOS="867"
                          VPOS="76"
                          WIDTH="542"
                          HEIGHT="46"/>
               </TextLine>
               <TextLine ID="zone-line_IRHT_P_000302_2-2"
                         BASELINE=""
                         HPOS="875"
                         VPOS="137"
                         WIDTH="506"
                         HEIGHT="45">
                  <Shape>
                     <Polygon POINTS="875,137 1381,137 1381,182 875,182"/>
                  </Shape>
                  <String CONTENT="non quia ipsum esse mundi re"
                          HPOS="875"
                          VPOS="137"
                          WIDTH="506"
                          HEIGHT="45"/>
               </TextLine>
               <TextLine ID="zone-line_IRHT_P_000302_2-3"
                         BASELINE=""
                         HPOS="878"
                         VPOS="197"
                         WIDTH="489"
                         HEIGHT="47">
                  <Shape>
                     <Polygon POINTS="878,197 1367,197 1367,244 878,244"/>
                  </Shape>
                  <String CONTENT="demptorem dubitat sed que"
                          HPOS="878"
                          VPOS="197"
                          WIDTH="489"
                          HEIGHT="47"/>
               </TextLine>
               <TextLine ID="zone-line_IRHT_P_000302_2-4"
                         BASELINE=""
                         HPOS="871"
                         VPOS="260"
                         WIDTH="484"
                         HEIGHT="47">
                  <Shape>
                     <Polygon POINTS="871,260 1355,260 1355,307 871,307"/>
                  </Shape>
                  <String CONTENT="rit ut sciat si is qui per se"
                          HPOS="871"
                          VPOS="260"
                          WIDTH="484"
                          HEIGHT="47"/>
               </TextLine>
               <TextLine ID="zone-line_IRHT_P_000302_2-5"
                         BASELINE=""
                         HPOS="872"
                         VPOS="323"
                         WIDTH="504"
                         HEIGHT="44">
                  <Shape>
                     <Polygon POINTS="872,323 1376,323 1376,367 872,367"/>
                  </Shape>
                  <String CONTENT="in mundum uenerat per"
                          HPOS="872"
                          VPOS="323"
                          WIDTH="504"
                          HEIGHT="44"/>
               </TextLine>
               <TextLine ID="zone-line_IRHT_P_000302_2-6"
                         BASELINE=""
                         HPOS="877"
                         VPOS="387"
                         WIDTH="484"
                         HEIGHT="43">
                  <Shape>
                     <Polygon POINTS="877,387 1361,387 1361,430 877,430"/>
                  </Shape>
                  <String CONTENT="se eciam ad inferni clau"
                          HPOS="877"
                          VPOS="387"
                          WIDTH="484"
                          HEIGHT="43"/>
               </TextLine>
               <TextLine ID="zone-line_IRHT_P_000302_2-7"
                         BASELINE=""
                         HPOS="875"
                         VPOS="445"
                         WIDTH="496"
                         HEIGHT="44">
                  <Shape>
                     <Polygon POINTS="875,445 1371,445 1371,489 875,489"/>
                  </Shape>
                  <String CONTENT="stra descendat quem enim"
                          HPOS="875"
                          VPOS="445"
                          WIDTH="496"
                          HEIGHT="44"/>
               </TextLine>
               <TextLine ID="zone-line_IRHT_P_000302_2-8"
                         BASELINE=""
                         HPOS="881"
                         VPOS="509"
                         WIDTH="490"
                         HEIGHT="44">
                  <Shape>
                     <Polygon POINTS="881,509 1371,509 1371,553 881,553"/>
                  </Shape>
                  <String CONTENT="precurrens mundo nuncia"
                          HPOS="881"
                          VPOS="509"
                          WIDTH="490"
                          HEIGHT="44"/>
               </TextLine>
               <TextLine ID="zone-line_IRHT_P_000302_2-9"
                         BASELINE=""
                         HPOS="873"
                         VPOS="569"
                         WIDTH="518"
                         HEIGHT="44">
                  <Shape>
                     <Polygon POINTS="873,569 1391,569 1391,613 873,613"/>
                  </Shape>
                  <String CONTENT="uerat hunc moriendo et ad"
                          HPOS="873"
                          VPOS="569"
                          WIDTH="518"
                          HEIGHT="44"/>
               </TextLine>
               <TextLine ID="zone-line_IRHT_P_000302_2-10"
                         BASELINE=""
                         HPOS="879"
                         VPOS="633"
                         WIDTH="512"
                         HEIGHT="43">
                  <Shape>
                     <Polygon POINTS="879,633 1391,633 1391,676 879,676"/>
                  </Shape>
                  <String CONTENT="inferos precurrebat tu autem"
                          HPOS="879"
                          VPOS="633"
                          WIDTH="512"
                          HEIGHT="43"/>
               </TextLine>
               <TextLine ID="zone-line_IRHT_P_000302_2-11"
                         BASELINE=""
                         HPOS="886"
                         VPOS="691"
                         WIDTH="504"
                         HEIGHT="44">
                  <Shape>
                     <Polygon POINTS="886,691 1390,691 1390,735 886,735"/>
                  </Shape>
                  <String CONTENT="responsorium ecce radix iesse ascendet in sa"
                          HPOS="886"
                          VPOS="691"
                          WIDTH="504"
                          HEIGHT="44"/>
               </TextLine>
               <TextLine ID="zone-line_IRHT_P_000302_2-12"
                         BASELINE=""
                         HPOS="874"
                         VPOS="749"
                         WIDTH="513"
                         HEIGHT="45">
                  <Shape>
                     <Polygon POINTS="874,749 1387,749 1387,794 874,794"/>
                  </Shape>
                  <String CONTENT="lutem populorum ipsum gentes"
                          HPOS="874"
                          VPOS="749"
                          WIDTH="513"
                          HEIGHT="45"/>
               </TextLine>
               <TextLine ID="zone-line_IRHT_P_000302_2-13"
                         BASELINE=""
                         HPOS="876"
                         VPOS="812"
                         WIDTH="498"
                         HEIGHT="44">
                  <Shape>
                     <Polygon POINTS="876,812 1374,812 1374,856 876,856"/>
                  </Shape>
                  <String CONTENT="deprecabuntur et erit nomen"
                          HPOS="876"
                          VPOS="812"
                          WIDTH="498"
                          HEIGHT="44"/>
               </TextLine>
               <TextLine ID="zone-line_IRHT_P_000302_2-14"
                         BASELINE=""
                         HPOS="875"
                         VPOS="872"
                         WIDTH="492"
                         HEIGHT="45">
                  <Shape>
                     <Polygon POINTS="875,872 1367,872 1367,917 875,917"/>
                  </Shape>
                  <String CONTENT="eius gloriosum uersus dabit illi"
                          HPOS="875"
                          VPOS="872"
                          WIDTH="492"
                          HEIGHT="45"/>
               </TextLine>
               <TextLine ID="zone-line_IRHT_P_000302_2-15"
                         BASELINE=""
                         HPOS="874"
                         VPOS="934"
                         WIDTH="504"
                         HEIGHT="45">
                  <Shape>
                     <Polygon POINTS="874,934 1378,934 1378,979 874,979"/>
                  </Shape>
                  <String CONTENT="dominus deus sedem dauid patris"
                          HPOS="874"
                          VPOS="934"
                          WIDTH="504"
                          HEIGHT="45"/>
               </TextLine>
               <TextLine ID="zone-line_IRHT_P_000302_2-16"
                         BASELINE=""
                         HPOS="875"
                         VPOS="993"
                         WIDTH="501"
                         HEIGHT="41">
                  <Shape>
                     <Polygon POINTS="875,993 1376,993 1376,1034 875,1034"/>
                  </Shape>
                  <String CONTENT="eius et regnabit domo iacob in e"
                          HPOS="875"
                          VPOS="993"
                          WIDTH="501"
                          HEIGHT="41"/>
               </TextLine>
               <TextLine ID="zone-line_IRHT_P_000302_2-17"
                         BASELINE=""
                         HPOS="872"
                         VPOS="1047"
                         WIDTH="513"
                         HEIGHT="44">
                  <Shape>
                     <Polygon POINTS="872,1047 1385,1047 1385,1091 872,1091"/>
                  </Shape>
                  <String CONTENT="ternum et erit gloria patri responsorium ec"
                          HPOS="872"
                          VPOS="1047"
                          WIDTH="513"
                          HEIGHT="44"/>
               </TextLine>
               <TextLine ID="zone-line_IRHT_P_000302_2-18"
                         BASELINE=""
                         HPOS="871"
                         VPOS="1111"
                         WIDTH="535"
                         HEIGHT="44">
                  <Shape>
                     <Polygon POINTS="871,1111 1406,1111 1406,1155 871,1155"/>
                  </Shape>
                  <String CONTENT="ce radix uersus ante laudes ostende in laudibus antiphona"
                          HPOS="871"
                          VPOS="1111"
                          WIDTH="535"
                          HEIGHT="44"/>
               </TextLine>
               <TextLine ID="zone-line_IRHT_P_000302_2-19"
                         BASELINE=""
                         HPOS="925"
                         VPOS="1171"
                         WIDTH="428"
                         HEIGHT="45">
                  <Shape>
                     <Polygon POINTS="925,1171 1353,1171 1353,1216 925,1216"/>
                  </Shape>
                  <String CONTENT="ueniet dominus et non"
                          HPOS="925"
                          VPOS="1171"
                          WIDTH="428"
                          HEIGHT="45"/>
               </TextLine>
               <TextLine ID="zone-line_IRHT_P_000302_2-20"
                         BASELINE=""
                         HPOS="978"
                         VPOS="1227"
                         WIDTH="400"
                         HEIGHT="56">
                  <Shape>
                     <Polygon POINTS="978,1227 1378,1227 1378,1283 978,1283"/>
                  </Shape>
                  <String CONTENT="tardabit et illuminabit"
                          HPOS="978"
                          VPOS="1227"
                          WIDTH="400"
                          HEIGHT="56"/>
               </TextLine>
            </TextBlock>
         </PrintSpace>
      </Page>
   </Layout>
</alto>
