<?xml version="1.0" encoding="UTF-8"?>
<alto xmlns="http://www.loc.gov/standards/alto/ns-v4#"
      xmlns:xsi="http://www.w3.org/2001/XMLSchema-instance"
      xmlns:tei="http://www.tei-c.org/ns/1.0"
      xsi:schemaLocation="http://www.loc.gov/standards/alto/ns-v4# ../schema/alto.xsd">
   <Description>
      <MeasurementUnit>pixel</MeasurementUnit>
      <sourceImageInformation>
         <fileName>IRHT_P_008752.tif</fileName>
      </sourceImageInformation>
   </Description>
   <Layout>
      <Page ID="zone-page_IRHT_P_008752"
            PHYSICAL_IMG_NR="0"
            WIDTH="1755"
            HEIGHT="1176">
         <PrintSpace HPOS="0" VPOS="0" WIDTH="1755" HEIGHT="1176">
            <TextBlock HPOS="13"
                       VPOS="6"
                       WIDTH="1720"
                       HEIGHT="1169"
                       ID="zone-col_IRHT_P_008752_1">
               <Shape>
                  <Polygon POINTS="13,6 1733,6 1733,1175 13,1175"/>
               </Shape>
               <TextLine ID="zone-line_IRHT_P_008752_1-1"
                         BASELINE=""
                         HPOS="304"
                         VPOS="73"
                         WIDTH="1056"
                         HEIGHT="70">
                  <Shape>
                     <Polygon POINTS="304,73 1360,73 1360,143 304,143"/>
                  </Shape>
                  <String CONTENT="in epistolis beati pauli apostoli"
                          HPOS="304"
                          VPOS="73"
                          WIDTH="1056"
                          HEIGHT="70"/>
               </TextLine>
               <TextLine ID="zone-line_IRHT_P_008752_1-2"
                         BASELINE=""
                         HPOS="116"
                         VPOS="156"
                         WIDTH="1529"
                         HEIGHT="78">
                  <Shape>
                     <Polygon POINTS="116,156 1645,156 1645,234 116,234"/>
                  </Shape>
                  <String CONTENT="primum queritur quare post euangelia que"
                          HPOS="116"
                          VPOS="156"
                          WIDTH="1529"
                          HEIGHT="78"/>
               </TextLine>
               <TextLine ID="zone-line_IRHT_P_008752_1-3"
                         BASELINE=""
                         HPOS="272"
                         VPOS="271"
                         WIDTH="1461"
                         HEIGHT="69">
                  <Shape>
                     <Polygon POINTS="272,271 1733,271 1733,340 272,340"/>
                  </Shape>
                  <String CONTENT="supplementum legis sunt et in quibus nobis exem"
                          HPOS="272"
                          VPOS="271"
                          WIDTH="1461"
                          HEIGHT="69"/>
               </TextLine>
               <TextLine ID="zone-line_IRHT_P_008752_1-4"
                         BASELINE=""
                         HPOS="97"
                         VPOS="366"
                         WIDTH="1598"
                         HEIGHT="68">
                  <Shape>
                     <Polygon POINTS="97,366 1695,366 1695,434 97,434"/>
                  </Shape>
                  <String CONTENT="pla et precepta uiuendi plenissime digesta sunt uolu"
                          HPOS="97"
                          VPOS="366"
                          WIDTH="1598"
                          HEIGHT="68"/>
               </TextLine>
               <TextLine ID="zone-line_IRHT_P_008752_1-5"
                         BASELINE=""
                         HPOS="133"
                         VPOS="456"
                         WIDTH="1552"
                         HEIGHT="71">
                  <Shape>
                     <Polygon POINTS="133,456 1685,456 1685,527 133,527"/>
                  </Shape>
                  <String CONTENT="erit apostolus has epistulas ad singulas ęcclesias destinare"
                          HPOS="133"
                          VPOS="456"
                          WIDTH="1552"
                          HEIGHT="71"/>
               </TextLine>
               <TextLine ID="zone-line_IRHT_P_008752_1-6"
                         BASELINE=""
                         HPOS="144"
                         VPOS="563"
                         WIDTH="1558"
                         HEIGHT="61">
                  <Shape>
                     <Polygon POINTS="144,563 1702,563 1702,624 144,624"/>
                  </Shape>
                  <String CONTENT="hac autem causa uidetur factum scilicet ut inicio nas"
                          HPOS="144"
                          VPOS="563"
                          WIDTH="1558"
                          HEIGHT="61"/>
               </TextLine>
               <TextLine ID="zone-line_IRHT_P_008752_1-7"
                         BASELINE=""
                         HPOS="137"
                         VPOS="643"
                         WIDTH="1560"
                         HEIGHT="67">
                  <Shape>
                     <Polygon POINTS="137,643 1697,643 1697,710 137,710"/>
                  </Shape>
                  <String CONTENT="centis ęcclesię nouis causis existentibus et presentia et mi"
                          HPOS="137"
                          VPOS="643"
                          WIDTH="1560"
                          HEIGHT="67"/>
               </TextLine>
               <TextLine ID="zone-line_IRHT_P_008752_1-8"
                         BASELINE=""
                         HPOS="134"
                         VPOS="736"
                         WIDTH="1568"
                         HEIGHT="68">
                  <Shape>
                     <Polygon POINTS="134,736 1702,736 1702,804 134,804"/>
                  </Shape>
                  <String CONTENT="encia resequaret uicia et ut post futuras excluderet"
                          HPOS="134"
                          VPOS="736"
                          WIDTH="1568"
                          HEIGHT="68"/>
               </TextLine>
               <TextLine ID="zone-line_IRHT_P_008752_1-9"
                         BASELINE=""
                         HPOS="160"
                         VPOS="839"
                         WIDTH="1552"
                         HEIGHT="66">
                  <Shape>
                     <Polygon POINTS="160,839 1712,839 1712,905 160,905"/>
                  </Shape>
                  <String CONTENT="questiones exemplo prophetarum qui post editam legem mo"
                          HPOS="160"
                          VPOS="839"
                          WIDTH="1552"
                          HEIGHT="66"/>
               </TextLine>
               <TextLine ID="zone-line_IRHT_P_008752_1-10"
                         BASELINE=""
                         HPOS="155"
                         VPOS="947"
                         WIDTH="1508"
                         HEIGHT="64">
                  <Shape>
                     <Polygon POINTS="155,947 1663,947 1663,1011 155,1011"/>
                  </Shape>
                  <String CONTENT="ysi in qua omnia dei mandata legebantur nichilominus"
                          HPOS="155"
                          VPOS="947"
                          WIDTH="1508"
                          HEIGHT="64"/>
               </TextLine>
               <TextLine ID="zone-line_IRHT_P_008752_1-11"
                         BASELINE=""
                         HPOS="135"
                         VPOS="1042"
                         WIDTH="1593"
                         HEIGHT="66">
                  <Shape>
                     <Polygon POINTS="135,1042 1728,1042 1728,1108 135,1108"/>
                  </Shape>
                  <String CONTENT="de doctrina sua rediuiua semper populi conpressere peccata"
                          HPOS="135"
                          VPOS="1042"
                          WIDTH="1593"
                          HEIGHT="66"/>
               </TextLine>
            </TextBlock>
         </PrintSpace>
      </Page>
   </Layout>
</alto>
