<?xml version="1.0" encoding="UTF-8"?>
<alto xmlns="http://www.loc.gov/standards/alto/ns-v4#"
      xmlns:xsi="http://www.w3.org/2001/XMLSchema-instance"
      xmlns:tei="http://www.tei-c.org/ns/1.0"
      xsi:schemaLocation="http://www.loc.gov/standards/alto/ns-v4# ../schema/alto.xsd">
   <Description>
      <MeasurementUnit>pixel</MeasurementUnit>
      <sourceImageInformation>
         <fileName>IRHT_P_002376.tif</fileName>
      </sourceImageInformation>
   </Description>
   <Layout>
      <Page ID="zone-page_IRHT_P_002376"
            PHYSICAL_IMG_NR="0"
            WIDTH="1860"
            HEIGHT="1379">
         <PrintSpace HPOS="0" VPOS="0" WIDTH="1860" HEIGHT="1379">
            <TextBlock HPOS="102"
                       VPOS="35"
                       WIDTH="1697"
                       HEIGHT="1261"
                       ID="zone-col_IRHT_P_002376_1">
               <Shape>
                  <Polygon POINTS="102,35 1799,35 1799,1296 102,1296"/>
               </Shape>
               <TextLine ID="zone-line_IRHT_P_002376_1-1"
                         BASELINE=""
                         HPOS="211"
                         VPOS="201"
                         WIDTH="1588"
                         HEIGHT="100">
                  <Shape>
                     <Polygon POINTS="211,201 1799,201 1799,301 211,301"/>
                  </Shape>
                  <String CONTENT="in principio erat uerbum et uerbum erat aput deum et deus erat"
                          HPOS="211"
                          VPOS="201"
                          WIDTH="1588"
                          HEIGHT="100"/>
               </TextLine>
               <TextLine ID="zone-line_IRHT_P_002376_1-2"
                         BASELINE=""
                         HPOS="166"
                         VPOS="329"
                         WIDTH="1616"
                         HEIGHT="95">
                  <Shape>
                     <Polygon POINTS="166,329 1782,329 1782,424 166,424"/>
                  </Shape>
                  <String CONTENT="uerbum hoc erat in principio aput deum omnia per ipsum facta"
                          HPOS="166"
                          VPOS="329"
                          WIDTH="1616"
                          HEIGHT="95"/>
               </TextLine>
               <TextLine ID="zone-line_IRHT_P_002376_1-3"
                         BASELINE=""
                         HPOS="179"
                         VPOS="452"
                         WIDTH="1597"
                         HEIGHT="90">
                  <Shape>
                     <Polygon POINTS="179,452 1776,452 1776,542 179,542"/>
                  </Shape>
                  <String CONTENT="sunt et sine ipso factum est nichil quot factum est in ipso uita erat et"
                          HPOS="179"
                          VPOS="452"
                          WIDTH="1597"
                          HEIGHT="90"/>
               </TextLine>
               <TextLine ID="zone-line_IRHT_P_002376_1-4"
                         BASELINE=""
                         HPOS="141"
                         VPOS="570"
                         WIDTH="1639"
                         HEIGHT="98">
                  <Shape>
                     <Polygon POINTS="141,570 1780,570 1780,668 141,668"/>
                  </Shape>
                  <String CONTENT="uita erat lux hominum et lux in tenebris lucet et tenebre"
                          HPOS="141"
                          VPOS="570"
                          WIDTH="1639"
                          HEIGHT="98"/>
               </TextLine>
               <TextLine ID="zone-line_IRHT_P_002376_1-5"
                         BASELINE=""
                         HPOS="153"
                         VPOS="692"
                         WIDTH="1634"
                         HEIGHT="103">
                  <Shape>
                     <Polygon POINTS="153,692 1787,692 1787,795 153,795"/>
                  </Shape>
                  <String CONTENT="eam non comprehenderunt fuit homo missus a deo cui nomen"
                          HPOS="153"
                          VPOS="692"
                          WIDTH="1634"
                          HEIGHT="103"/>
               </TextLine>
               <TextLine ID="zone-line_IRHT_P_002376_1-6"
                         BASELINE=""
                         HPOS="159"
                         VPOS="817"
                         WIDTH="1614"
                         HEIGHT="100">
                  <Shape>
                     <Polygon POINTS="159,817 1773,817 1773,917 159,917"/>
                  </Shape>
                  <String CONTENT="erat iohannes hic uenit in testimonium ut testimonium perhiberet"
                          HPOS="159"
                          VPOS="817"
                          WIDTH="1614"
                          HEIGHT="100"/>
               </TextLine>
               <TextLine ID="zone-line_IRHT_P_002376_1-7"
                         BASELINE=""
                         HPOS="153"
                         VPOS="943"
                         WIDTH="1602"
                         HEIGHT="103">
                  <Shape>
                     <Polygon POINTS="153,943 1755,943 1755,1046 153,1046"/>
                  </Shape>
                  <String CONTENT="de lumine ut omnes crederent per illum non erat ille lux sed"
                          HPOS="153"
                          VPOS="943"
                          WIDTH="1602"
                          HEIGHT="103"/>
               </TextLine>
               <TextLine ID="zone-line_IRHT_P_002376_1-8"
                         BASELINE=""
                         HPOS="173"
                         VPOS="1068"
                         WIDTH="1580"
                         HEIGHT="103">
                  <Shape>
                     <Polygon POINTS="173,1068 1753,1068 1753,1171 173,1171"/>
                  </Shape>
                  <String CONTENT="ut testimonium perhiberet de lumine erat lux uera que illuminat"
                          HPOS="173"
                          VPOS="1068"
                          WIDTH="1580"
                          HEIGHT="103"/>
               </TextLine>
               <TextLine ID="zone-line_IRHT_P_002376_1-9"
                         BASELINE=""
                         HPOS="173"
                         VPOS="1193"
                         WIDTH="1600"
                         HEIGHT="103">
                  <Shape>
                     <Polygon POINTS="173,1193 1773,1193 1773,1296 173,1296"/>
                  </Shape>
                  <String CONTENT="omnem hominem uenientem in hunc mundum in mundo"
                          HPOS="173"
                          VPOS="1193"
                          WIDTH="1600"
                          HEIGHT="103"/>
               </TextLine>
            </TextBlock>
         </PrintSpace>
      </Page>
   </Layout>
</alto>
