<?xml version="1.0" encoding="UTF-8"?>
<alto xmlns="http://www.loc.gov/standards/alto/ns-v4#"
      xmlns:xsi="http://www.w3.org/2001/XMLSchema-instance"
      xmlns:tei="http://www.tei-c.org/ns/1.0"
      xsi:schemaLocation="http://www.loc.gov/standards/alto/ns-v4# ../schema/alto.xsd">
   <Description>
      <MeasurementUnit>pixel</MeasurementUnit>
      <sourceImageInformation>
         <fileName>IRHT_P_008833.tif</fileName>
      </sourceImageInformation>
   </Description>
   <Layout>
      <Page ID="zone-page_IRHT_P_008833"
            PHYSICAL_IMG_NR="0"
            WIDTH="1243"
            HEIGHT="1701">
         <PrintSpace HPOS="0" VPOS="0" WIDTH="1243" HEIGHT="1701">
            <TextBlock HPOS="308"
                       VPOS="220"
                       WIDTH="932"
                       HEIGHT="1299"
                       ID="zone-col_IRHT_P_008833_1">
               <Shape>
                  <Polygon POINTS="308,220 1240,220 1240,1519 308,1519"/>
               </Shape>
               <TextLine ID="zone-line_IRHT_P_008833_1-1"
                         BASELINE=""
                         HPOS="670"
                         VPOS="220"
                         WIDTH="570"
                         HEIGHT="44">
                  <Shape>
                     <Polygon POINTS="670,220 1240,220 1240,264 670,264"/>
                  </Shape>
                  <String CONTENT="per correr miglior aqque"
                          HPOS="670"
                          VPOS="220"
                          WIDTH="570"
                          HEIGHT="44"/>
               </TextLine>
               <TextLine ID="zone-line_IRHT_P_008833_1-2"
                         BASELINE=""
                         HPOS="667"
                         VPOS="278"
                         WIDTH="564"
                         HEIGHT="43">
                  <Shape>
                     <Polygon POINTS="667,278 1231,278 1231,321 667,321"/>
                  </Shape>
                  <String CONTENT="omai la nauicella del mio in"
                          HPOS="667"
                          VPOS="278"
                          WIDTH="564"
                          HEIGHT="43"/>
               </TextLine>
               <TextLine ID="zone-line_IRHT_P_008833_1-3"
                         BASELINE=""
                         HPOS="669"
                         VPOS="340"
                         WIDTH="566"
                         HEIGHT="45">
                  <Shape>
                     <Polygon POINTS="669,340 1235,340 1235,385 669,385"/>
                  </Shape>
                  <String CONTENT="che lascia dietro a se mar"
                          HPOS="669"
                          VPOS="340"
                          WIDTH="566"
                          HEIGHT="45"/>
               </TextLine>
               <TextLine ID="zone-line_IRHT_P_008833_1-4"
                         BASELINE=""
                         HPOS="660"
                         VPOS="403"
                         WIDTH="580"
                         HEIGHT="53">
                  <Shape>
                     <Polygon POINTS="660,403 1240,403 1240,456 660,456"/>
                  </Shape>
                  <String CONTENT="e cantero di quel secondo"
                          HPOS="660"
                          VPOS="403"
                          WIDTH="580"
                          HEIGHT="53"/>
               </TextLine>
               <TextLine ID="zone-line_IRHT_P_008833_1-5"
                         BASELINE=""
                         HPOS="662"
                         VPOS="467"
                         WIDTH="577"
                         HEIGHT="48">
                  <Shape>
                     <Polygon POINTS="662,467 1239,467 1239,515 662,515"/>
                  </Shape>
                  <String CONTENT="oue l umano spirito si pur"
                          HPOS="662"
                          VPOS="467"
                          WIDTH="577"
                          HEIGHT="48"/>
               </TextLine>
               <TextLine ID="zone-line_IRHT_P_008833_1-6"
                         BASELINE=""
                         HPOS="658"
                         VPOS="528"
                         WIDTH="581"
                         HEIGHT="50">
                  <Shape>
                     <Polygon POINTS="658,528 1239,528 1239,578 658,578"/>
                  </Shape>
                  <String CONTENT="e di salir a ddio diuenta de"
                          HPOS="658"
                          VPOS="528"
                          WIDTH="581"
                          HEIGHT="50"/>
               </TextLine>
               <TextLine ID="zone-line_IRHT_P_008833_1-7"
                         BASELINE=""
                         HPOS="596"
                         VPOS="586"
                         WIDTH="637"
                         HEIGHT="60">
                  <Shape>
                     <Polygon POINTS="596,586 1233,586 1233,646 596,646"/>
                  </Shape>
                  <String CONTENT="ma qui la morta poesi ri"
                          HPOS="596"
                          VPOS="586"
                          WIDTH="637"
                          HEIGHT="60"/>
               </TextLine>
               <TextLine ID="zone-line_IRHT_P_008833_1-8"
                         BASELINE=""
                         HPOS="666"
                         VPOS="651"
                         WIDTH="568"
                         HEIGHT="48">
                  <Shape>
                     <Polygon POINTS="666,651 1234,651 1234,699 666,699"/>
                  </Shape>
                  <String CONTENT="o sante muse poi che uost"
                          HPOS="666"
                          VPOS="651"
                          WIDTH="568"
                          HEIGHT="48"/>
               </TextLine>
               <TextLine ID="zone-line_IRHT_P_008833_1-9"
                         BASELINE=""
                         HPOS="678"
                         VPOS="714"
                         WIDTH="561"
                         HEIGHT="46">
                  <Shape>
                     <Polygon POINTS="678,714 1239,714 1239,760 678,760"/>
                  </Shape>
                  <String CONTENT="e qui caliope alquanto sur"
                          HPOS="678"
                          VPOS="714"
                          WIDTH="561"
                          HEIGHT="46"/>
               </TextLine>
               <TextLine ID="zone-line_IRHT_P_008833_1-10"
                         BASELINE=""
                         HPOS="308"
                         VPOS="774"
                         WIDTH="897"
                         HEIGHT="57">
                  <Shape>
                     <Polygon POINTS="308,774 1205,774 1205,831 308,831"/>
                  </Shape>
                  <String CONTENT="seghuitando el mio canto con quel sono"
                          HPOS="308"
                          VPOS="774"
                          WIDTH="897"
                          HEIGHT="57"/>
               </TextLine>
               <TextLine ID="zone-line_IRHT_P_008833_1-11"
                         BASELINE=""
                         HPOS="335"
                         VPOS="840"
                         WIDTH="804"
                         HEIGHT="53">
                  <Shape>
                     <Polygon POINTS="335,840 1139,840 1139,893 335,893"/>
                  </Shape>
                  <String CONTENT="di chui le picche misere sentiro"
                          HPOS="335"
                          VPOS="840"
                          WIDTH="804"
                          HEIGHT="53"/>
               </TextLine>
               <TextLine ID="zone-line_IRHT_P_008833_1-12"
                         BASELINE=""
                         HPOS="337"
                         VPOS="906"
                         WIDTH="789"
                         HEIGHT="52">
                  <Shape>
                     <Polygon POINTS="337,906 1126,906 1126,958 337,958"/>
                  </Shape>
                  <String CONTENT="lo colpo tal che desperar perdono"
                          HPOS="337"
                          VPOS="906"
                          WIDTH="789"
                          HEIGHT="52"/>
               </TextLine>
               <TextLine ID="zone-line_IRHT_P_008833_1-13"
                         BASELINE=""
                         HPOS="329"
                         VPOS="969"
                         WIDTH="785"
                         HEIGHT="59">
                  <Shape>
                     <Polygon POINTS="329,969 1114,969 1114,1028 329,1028"/>
                  </Shape>
                  <String CONTENT="dolce color d oriental zaphiro"
                          HPOS="329"
                          VPOS="969"
                          WIDTH="785"
                          HEIGHT="59"/>
               </TextLine>
               <TextLine ID="zone-line_IRHT_P_008833_1-14"
                         BASELINE=""
                         HPOS="332"
                         VPOS="1027"
                         WIDTH="848"
                         HEIGHT="58">
                  <Shape>
                     <Polygon POINTS="332,1027 1180,1027 1180,1085 332,1085"/>
                  </Shape>
                  <String CONTENT="che s acolgeua nel sereno aspecto"
                          HPOS="332"
                          VPOS="1027"
                          WIDTH="848"
                          HEIGHT="58"/>
               </TextLine>
               <TextLine ID="zone-line_IRHT_P_008833_1-15"
                         BASELINE=""
                         HPOS="334"
                         VPOS="1090"
                         WIDTH="839"
                         HEIGHT="50">
                  <Shape>
                     <Polygon POINTS="334,1090 1173,1090 1173,1140 334,1140"/>
                  </Shape>
                  <String CONTENT="dilaer puro insino al primo giro"
                          HPOS="334"
                          VPOS="1090"
                          WIDTH="839"
                          HEIGHT="50"/>
               </TextLine>
               <TextLine ID="zone-line_IRHT_P_008833_1-16"
                         BASELINE=""
                         HPOS="322"
                         VPOS="1154"
                         WIDTH="808"
                         HEIGHT="56">
                  <Shape>
                     <Polygon POINTS="322,1154 1130,1154 1130,1210 322,1210"/>
                  </Shape>
                  <String CONTENT="agli occhi mei ricomincio dilecto"
                          HPOS="322"
                          VPOS="1154"
                          WIDTH="808"
                          HEIGHT="56"/>
               </TextLine>
               <TextLine ID="zone-line_IRHT_P_008833_1-17"
                         BASELINE=""
                         HPOS="323"
                         VPOS="1216"
                         WIDTH="793"
                         HEIGHT="55">
                  <Shape>
                     <Polygon POINTS="323,1216 1116,1216 1116,1271 323,1271"/>
                  </Shape>
                  <String CONTENT="tosto ch io usci de l aura morta"
                          HPOS="323"
                          VPOS="1216"
                          WIDTH="793"
                          HEIGHT="55"/>
               </TextLine>
               <TextLine ID="zone-line_IRHT_P_008833_1-18"
                         BASELINE=""
                         HPOS="335"
                         VPOS="1280"
                         WIDTH="891"
                         HEIGHT="51">
                  <Shape>
                     <Polygon POINTS="335,1280 1226,1280 1226,1331 335,1331"/>
                  </Shape>
                  <String CONTENT="che m auia contristati gli occhi e l p"
                          HPOS="335"
                          VPOS="1280"
                          WIDTH="891"
                          HEIGHT="51"/>
               </TextLine>
               <TextLine ID="zone-line_IRHT_P_008833_1-19"
                         BASELINE=""
                         HPOS="347"
                         VPOS="1337"
                         WIDTH="893"
                         HEIGHT="55">
                  <Shape>
                     <Polygon POINTS="347,1337 1240,1337 1240,1392 347,1392"/>
                  </Shape>
                  <String CONTENT="lo bel pianeta che d amar conforta"
                          HPOS="347"
                          VPOS="1337"
                          WIDTH="893"
                          HEIGHT="55"/>
               </TextLine>
               <TextLine ID="zone-line_IRHT_P_008833_1-20"
                         BASELINE=""
                         HPOS="344"
                         VPOS="1400"
                         WIDTH="726"
                         HEIGHT="52">
                  <Shape>
                     <Polygon POINTS="344,1400 1070,1400 1070,1452 344,1452"/>
                  </Shape>
                  <String CONTENT="faceua tucto rider l oriente"
                          HPOS="344"
                          VPOS="1400"
                          WIDTH="726"
                          HEIGHT="52"/>
               </TextLine>
               <TextLine ID="zone-line_IRHT_P_008833_1-21"
                         BASELINE=""
                         HPOS="328"
                         VPOS="1468"
                         WIDTH="912"
                         HEIGHT="51">
                  <Shape>
                     <Polygon POINTS="328,1468 1240,1468 1240,1519 328,1519"/>
                  </Shape>
                  <String CONTENT="uelando ei pesci ch eram in sua scort"
                          HPOS="328"
                          VPOS="1468"
                          WIDTH="912"
                          HEIGHT="51"/>
               </TextLine>
            </TextBlock>
         </PrintSpace>
      </Page>
   </Layout>
</alto>
