<?xml version="1.0" encoding="UTF-8"?>
<alto xmlns="http://www.loc.gov/standards/alto/ns-v4#"
      xmlns:xsi="http://www.w3.org/2001/XMLSchema-instance"
      xmlns:tei="http://www.tei-c.org/ns/1.0"
      xsi:schemaLocation="http://www.loc.gov/standards/alto/ns-v4# ../schema/alto.xsd">
   <Description>
      <MeasurementUnit>pixel</MeasurementUnit>
      <sourceImageInformation>
         <fileName>IRHT_P_007688.tif</fileName>
      </sourceImageInformation>
   </Description>
   <Layout>
      <Page ID="zone-page_IRHT_P_007688"
            PHYSICAL_IMG_NR="0"
            WIDTH="1733"
            HEIGHT="1257">
         <PrintSpace HPOS="0" VPOS="0" WIDTH="1733" HEIGHT="1257">
            <TextBlock HPOS="44"
                       VPOS="2"
                       WIDTH="1682"
                       HEIGHT="1249"
                       ID="zone-col_IRHT_P_007688_1">
               <Shape>
                  <Polygon POINTS="44,2 1726,2 1726,1251 44,1251"/>
               </Shape>
               <TextLine ID="zone-line_IRHT_P_007688_1-1"
                         BASELINE=""
                         HPOS="283"
                         VPOS="121"
                         WIDTH="1375"
                         HEIGHT="51">
                  <Shape>
                     <Polygon POINTS="283,121 1658,121 1658,172 283,172"/>
                  </Shape>
                  <String CONTENT="rentur inanes alique fuisse que furti essent excicate sic tu etiam sic quod"
                          HPOS="283"
                          VPOS="121"
                          WIDTH="1375"
                          HEIGHT="51"/>
               </TextLine>
               <TextLine ID="zone-line_IRHT_P_007688_1-2"
                         BASELINE=""
                         HPOS="274"
                         VPOS="180"
                         WIDTH="1383"
                         HEIGHT="51">
                  <Shape>
                     <Polygon POINTS="274,180 1657,180 1657,231 274,231"/>
                  </Shape>
                  <String CONTENT="scribes scribito tamen ne furtum cessationis que simile videas ualde"
                          HPOS="274"
                          VPOS="180"
                          WIDTH="1383"
                          HEIGHT="51"/>
               </TextLine>
               <TextLine ID="zone-line_IRHT_P_007688_1-3"
                         BASELINE=""
                         HPOS="290"
                         VPOS="238"
                         WIDTH="1353"
                         HEIGHT="50">
                  <Shape>
                     <Polygon POINTS="290,238 1643,238 1643,288 290,288"/>
                  </Shape>
                  <String CONTENT="enim mi semper et uera et dulcia tuis epistulis nunciantur ama nos"
                          HPOS="290"
                          VPOS="238"
                          WIDTH="1353"
                          HEIGHT="50"/>
               </TextLine>
               <TextLine ID="zone-line_IRHT_P_007688_1-4"
                         BASELINE=""
                         HPOS="282"
                         VPOS="299"
                         WIDTH="1285"
                         HEIGHT="54">
                  <Shape>
                     <Polygon POINTS="282,299 1567,299 1567,353 282,353"/>
                  </Shape>
                  <String CONTENT="et uale quintus cicero tironi suo salutem plurimam dicit"
                          HPOS="282"
                          VPOS="299"
                          WIDTH="1285"
                          HEIGHT="54"/>
               </TextLine>
               <TextLine ID="zone-line_IRHT_P_007688_1-5"
                         BASELINE=""
                         HPOS="252"
                         VPOS="353"
                         WIDTH="1416"
                         HEIGHT="49">
                  <Shape>
                     <Polygon POINTS="252,353 1668,353 1668,402 252,402"/>
                  </Shape>
                  <String CONTENT="mirificaui mi uerberationem cessationis epistula dedisti nam"
                          HPOS="252"
                          VPOS="353"
                          WIDTH="1416"
                          HEIGHT="49"/>
               </TextLine>
               <TextLine ID="zone-line_IRHT_P_007688_1-6"
                         BASELINE=""
                         HPOS="473"
                         VPOS="410"
                         WIDTH="1185"
                         HEIGHT="43">
                  <Shape>
                     <Polygon POINTS="473,410 1658,410 1658,453 473,453"/>
                  </Shape>
                  <String CONTENT="que frater partius perscripserat uerecondia uidelicet et propera"
                          HPOS="473"
                          VPOS="410"
                          WIDTH="1185"
                          HEIGHT="43"/>
               </TextLine>
               <TextLine ID="zone-line_IRHT_P_007688_1-7"
                         BASELINE=""
                         HPOS="249"
                         VPOS="464"
                         WIDTH="1421"
                         HEIGHT="45">
                  <Shape>
                     <Polygon POINTS="249,464 1670,464 1670,509 249,509"/>
                  </Shape>
                  <String CONTENT="tione eam tum sine assensione ut erant de me scripsisti et maxime"
                          HPOS="249"
                          VPOS="464"
                          WIDTH="1421"
                          HEIGHT="45"/>
               </TextLine>
               <TextLine ID="zone-line_IRHT_P_007688_1-8"
                         BASELINE=""
                         HPOS="290"
                         VPOS="522"
                         WIDTH="1416"
                         HEIGHT="45">
                  <Shape>
                     <Polygon POINTS="290,522 1706,522 1706,567 290,567"/>
                  </Shape>
                  <String CONTENT="consulibus designatis quos ego penitus noui libidinum et langoris et effe"
                          HPOS="290"
                          VPOS="522"
                          WIDTH="1416"
                          HEIGHT="45"/>
               </TextLine>
               <TextLine ID="zone-line_IRHT_P_007688_1-9"
                         BASELINE=""
                         HPOS="294"
                         VPOS="577"
                         WIDTH="1391"
                         HEIGHT="47">
                  <Shape>
                     <Polygon POINTS="294,577 1685,577 1685,624 294,624"/>
                  </Shape>
                  <String CONTENT="minatissimi animi plenos qui ubi a gubernaculis recesserint maximum"
                          HPOS="294"
                          VPOS="577"
                          WIDTH="1391"
                          HEIGHT="47"/>
               </TextLine>
               <TextLine ID="zone-line_IRHT_P_007688_1-10"
                         BASELINE=""
                         HPOS="286"
                         VPOS="634"
                         WIDTH="1324"
                         HEIGHT="45">
                  <Shape>
                     <Polygon POINTS="286,634 1610,634 1610,679 286,679"/>
                  </Shape>
                  <String CONTENT="ab uniuerso naufragio periculum est incredibile est que ego illos"
                          HPOS="286"
                          VPOS="634"
                          WIDTH="1324"
                          HEIGHT="45"/>
               </TextLine>
               <TextLine ID="zone-line_IRHT_P_007688_1-11"
                         BASELINE=""
                         HPOS="291"
                         VPOS="687"
                         WIDTH="1346"
                         HEIGHT="53">
                  <Shape>
                     <Polygon POINTS="291,687 1637,687 1637,740 291,740"/>
                  </Shape>
                  <String CONTENT="scio appositis gallorum castris in estiuis fecisse quos ille latro ubi"
                          HPOS="291"
                          VPOS="687"
                          WIDTH="1346"
                          HEIGHT="53"/>
               </TextLine>
               <TextLine ID="zone-line_IRHT_P_007688_1-12"
                         BASELINE=""
                         HPOS="292"
                         VPOS="748"
                         WIDTH="1361"
                         HEIGHT="51">
                  <Shape>
                     <Polygon POINTS="292,748 1653,748 1653,799 292,799"/>
                  </Shape>
                  <String CONTENT="aliquid firmius fuit societate uitiorum deliniet res est aut tri"
                          HPOS="292"
                          VPOS="748"
                          WIDTH="1361"
                          HEIGHT="51"/>
               </TextLine>
               <TextLine ID="zone-line_IRHT_P_007688_1-13"
                         BASELINE=""
                         HPOS="291"
                         VPOS="805"
                         WIDTH="1376"
                         HEIGHT="48">
                  <Shape>
                     <Polygon POINTS="291,805 1667,805 1667,853 291,853"/>
                  </Shape>
                  <String CONTENT="bunicis consiliis minuenda nam isti duo uix sunt digni quibus"
                          HPOS="291"
                          VPOS="805"
                          WIDTH="1376"
                          HEIGHT="48"/>
               </TextLine>
               <TextLine ID="zone-line_IRHT_P_007688_1-14"
                         BASELINE=""
                         HPOS="295"
                         VPOS="861"
                         WIDTH="1397"
                         HEIGHT="45">
                  <Shape>
                     <Polygon POINTS="295,861 1692,861 1692,906 295,906"/>
                  </Shape>
                  <String CONTENT="alteri cossutinarum tabernarum fundamenta credas te ut dixi"
                          HPOS="295"
                          VPOS="861"
                          WIDTH="1397"
                          HEIGHT="45"/>
               </TextLine>
               <TextLine ID="zone-line_IRHT_P_007688_1-15"
                         BASELINE=""
                         HPOS="292"
                         VPOS="916"
                         WIDTH="1372"
                         HEIGHT="44">
                  <Shape>
                     <Polygon POINTS="292,916 1664,916 1664,960 292,960"/>
                  </Shape>
                  <String CONTENT="fere celeris ego uos ad iiii kalendas uidebo tuosque oculos et si te uenies"
                          HPOS="292"
                          VPOS="916"
                          WIDTH="1372"
                          HEIGHT="44"/>
               </TextLine>
               <TextLine ID="zone-line_IRHT_P_007688_1-16"
                         BASELINE=""
                         HPOS="284"
                         VPOS="967"
                         WIDTH="1154"
                         HEIGHT="50">
                  <Shape>
                     <Polygon POINTS="284,967 1438,967 1438,1017 284,1017"/>
                  </Shape>
                  <String CONTENT="in medio foro uideo dissamabor me ama uale"
                          HPOS="284"
                          VPOS="967"
                          WIDTH="1154"
                          HEIGHT="50"/>
               </TextLine>
               <TextLine ID="zone-line_IRHT_P_007688_1-17"
                         BASELINE=""
                         HPOS="1429"
                         VPOS="1079"
                         WIDTH="277"
                         HEIGHT="50">
                  <Shape>
                     <Polygon POINTS="1429,1079 1706,1079 1706,1129 1429,1129"/>
                  </Shape>
                  <String CONTENT="lxv"
                          HPOS="1429"
                          VPOS="1079"
                          WIDTH="277"
                          HEIGHT="50"/>
               </TextLine>
               <TextLine ID="zone-line_IRHT_P_007688_1-18"
                         BASELINE=""
                         HPOS="301"
                         VPOS="1136"
                         WIDTH="1425"
                         HEIGHT="107">
                  <Shape>
                     <Polygon POINTS="301,1136 1726,1136 1726,1243 301,1243"/>
                  </Shape>
                  <String CONTENT="deo gratias amen 1450"
                          HPOS="301"
                          VPOS="1136"
                          WIDTH="1425"
                          HEIGHT="107"/>
               </TextLine>
            </TextBlock>
         </PrintSpace>
      </Page>
   </Layout>
</alto>
