<?xml version="1.0" encoding="UTF-8"?>
<alto xmlns="http://www.loc.gov/standards/alto/ns-v4#"
      xmlns:xsi="http://www.w3.org/2001/XMLSchema-instance"
      xmlns:tei="http://www.tei-c.org/ns/1.0"
      xsi:schemaLocation="http://www.loc.gov/standards/alto/ns-v4# ../schema/alto.xsd">
   <Description>
      <MeasurementUnit>pixel</MeasurementUnit>
      <sourceImageInformation>
         <fileName>IRHT_P_005065.tif</fileName>
      </sourceImageInformation>
   </Description>
   <Layout>
      <Page ID="zone-page_IRHT_P_005065"
            PHYSICAL_IMG_NR="0"
            WIDTH="1896"
            HEIGHT="1299">
         <PrintSpace HPOS="0" VPOS="0" WIDTH="1896" HEIGHT="1299">
            <TextBlock HPOS="269"
                       VPOS="51"
                       WIDTH="1577"
                       HEIGHT="1209"
                       ID="zone-col_IRHT_P_005065_1">
               <Shape>
                  <Polygon POINTS="269,51 1846,51 1846,1260 269,1260"/>
               </Shape>
               <TextLine ID="zone-line_IRHT_P_005065_1-1"
                         BASELINE=""
                         HPOS="281"
                         VPOS="247"
                         WIDTH="1558"
                         HEIGHT="78">
                  <Shape>
                     <Polygon POINTS="281,247 1839,247 1839,325 281,325"/>
                  </Shape>
                  <String CONTENT="caderet uoluit enim in excelsum leuari ad co"
                          HPOS="281"
                          VPOS="247"
                          WIDTH="1558"
                          HEIGHT="78"/>
               </TextLine>
               <TextLine ID="zone-line_IRHT_P_005065_1-2"
                         BASELINE=""
                         HPOS="283"
                         VPOS="348"
                         WIDTH="1563"
                         HEIGHT="81">
                  <Shape>
                     <Polygon POINTS="283,348 1846,348 1846,429 283,429"/>
                  </Shape>
                  <String CONTENT="nium ut ruente illum de excelso oculi omnium perui"
                          HPOS="283"
                          VPOS="348"
                          WIDTH="1563"
                          HEIGHT="81"/>
               </TextLine>
               <TextLine ID="zone-line_IRHT_P_005065_1-3"
                         BASELINE=""
                         HPOS="302"
                         VPOS="451"
                         WIDTH="1528"
                         HEIGHT="79">
                  <Shape>
                     <Polygon POINTS="302,451 1830,451 1830,530 302,530"/>
                  </Shape>
                  <String CONTENT="gitur est iniquitas elationis ut in altum se"
                          HPOS="302"
                          VPOS="451"
                          WIDTH="1528"
                          HEIGHT="79"/>
               </TextLine>
               <TextLine ID="zone-line_IRHT_P_005065_1-4"
                         BASELINE=""
                         HPOS="288"
                         VPOS="555"
                         WIDTH="1548"
                         HEIGHT="81">
                  <Shape>
                     <Polygon POINTS="288,555 1836,555 1836,636 288,636"/>
                  </Shape>
                  <String CONTENT="lime se erigat sed sancta oratio omnem humi"
                          HPOS="288"
                          VPOS="555"
                          WIDTH="1548"
                          HEIGHT="81"/>
               </TextLine>
               <TextLine ID="zone-line_IRHT_P_005065_1-5"
                         BASELINE=""
                         HPOS="288"
                         VPOS="663"
                         WIDTH="1542"
                         HEIGHT="76">
                  <Shape>
                     <Polygon POINTS="288,663 1830,663 1830,739 288,739"/>
                  </Shape>
                  <String CONTENT="am uniuersam deicit uanitatem item sermo"
                          HPOS="288"
                          VPOS="663"
                          WIDTH="1542"
                          HEIGHT="76"/>
               </TextLine>
               <TextLine ID="zone-line_IRHT_P_005065_1-6"
                         BASELINE=""
                         HPOS="649"
                         VPOS="768"
                         WIDTH="1191"
                         HEIGHT="76">
                  <Shape>
                     <Polygon POINTS="649,768 1840,768 1840,844 649,844"/>
                  </Shape>
                  <String CONTENT="beatorum martyrum preclara gesta et s"
                          HPOS="649"
                          VPOS="768"
                          WIDTH="1191"
                          HEIGHT="76"/>
               </TextLine>
               <TextLine ID="zone-line_IRHT_P_005065_1-7"
                         BASELINE=""
                         HPOS="641"
                         VPOS="875"
                         WIDTH="1198"
                         HEIGHT="77">
                  <Shape>
                     <Polygon POINTS="641,875 1839,875 1839,952 641,952"/>
                  </Shape>
                  <String CONTENT="mina fidelium incitamenta sunt e"
                          HPOS="641"
                          VPOS="875"
                          WIDTH="1198"
                          HEIGHT="77"/>
               </TextLine>
               <TextLine ID="zone-line_IRHT_P_005065_1-8"
                         BASELINE=""
                         HPOS="613"
                         VPOS="979"
                         WIDTH="1224"
                         HEIGHT="75">
                  <Shape>
                     <Polygon POINTS="613,979 1837,979 1837,1054 613,1054"/>
                  </Shape>
                  <String CONTENT="armantur enim filiorum animi dum p"
                          HPOS="613"
                          VPOS="979"
                          WIDTH="1224"
                          HEIGHT="75"/>
               </TextLine>
               <TextLine ID="zone-line_IRHT_P_005065_1-9"
                         BASELINE=""
                         HPOS="358"
                         VPOS="1079"
                         WIDTH="1480"
                         HEIGHT="76">
                  <Shape>
                     <Polygon POINTS="358,1079 1838,1079 1838,1155 358,1155"/>
                  </Shape>
                  <String CONTENT="tur triumphi clamat utique christianorum cor"
                          HPOS="358"
                          VPOS="1079"
                          WIDTH="1480"
                          HEIGHT="76"/>
               </TextLine>
               <TextLine ID="zone-line_IRHT_P_005065_1-10"
                         BASELINE=""
                         HPOS="269"
                         VPOS="1181"
                         WIDTH="1561"
                         HEIGHT="79">
                  <Shape>
                     <Polygon POINTS="269,1181 1830,1181 1830,1260 269,1260"/>
                  </Shape>
                  <String CONTENT="piorum sanguis spiritualium bellatorum quantum amar"
                          HPOS="269"
                          VPOS="1181"
                          WIDTH="1561"
                          HEIGHT="79"/>
               </TextLine>
            </TextBlock>
         </PrintSpace>
      </Page>
   </Layout>
</alto>
