<?xml version="1.0" encoding="UTF-8"?>
<alto xmlns="http://www.loc.gov/standards/alto/ns-v4#"
      xmlns:xsi="http://www.w3.org/2001/XMLSchema-instance"
      xmlns:tei="http://www.tei-c.org/ns/1.0"
      xsi:schemaLocation="http://www.loc.gov/standards/alto/ns-v4# ../schema/alto.xsd">
   <Description>
      <MeasurementUnit>pixel</MeasurementUnit>
      <sourceImageInformation>
         <fileName>IRHT_P_002810.tif</fileName>
      </sourceImageInformation>
   </Description>
   <Layout>
      <Page ID="zone-page_IRHT_P_002810"
            PHYSICAL_IMG_NR="0"
            WIDTH="1297"
            HEIGHT="1788">
         <PrintSpace HPOS="0" VPOS="0" WIDTH="1297" HEIGHT="1788">
            <TextBlock HPOS="122"
                       VPOS="31"
                       WIDTH="1150"
                       HEIGHT="1748"
                       ID="zone-col_IRHT_P_002810_1">
               <Shape>
                  <Polygon POINTS="122,31 1272,31 1272,1779 122,1779"/>
               </Shape>
               <TextLine ID="zone-line_IRHT_P_002810_1-1"
                         BASELINE=""
                         HPOS="577"
                         VPOS="38"
                         WIDTH="688"
                         HEIGHT="50">
                  <Shape>
                     <Polygon POINTS="577,38 1265,38 1265,88 577,88"/>
                  </Shape>
                  <String CONTENT="marci tullii ciceronis contra"
                          HPOS="577"
                          VPOS="38"
                          WIDTH="688"
                          HEIGHT="50"/>
               </TextLine>
               <TextLine ID="zone-line_IRHT_P_002810_1-2"
                         BASELINE=""
                         HPOS="575"
                         VPOS="122"
                         WIDTH="655"
                         HEIGHT="43">
                  <Shape>
                     <Polygon POINTS="575,122 1230,122 1230,165 575,165"/>
                  </Shape>
                  <String CONTENT="catilinam oraciones iiiior"
                          HPOS="575"
                          VPOS="122"
                          WIDTH="655"
                          HEIGHT="43"/>
               </TextLine>
               <TextLine ID="zone-line_IRHT_P_002810_1-3"
                         BASELINE=""
                         HPOS="449"
                         VPOS="196"
                         WIDTH="814"
                         HEIGHT="47">
                  <Shape>
                     <Polygon POINTS="449,196 1263,196 1263,243 449,243"/>
                  </Shape>
                  <String CONTENT="quo usque tandem abutere catilina paciencia"
                          HPOS="449"
                          VPOS="196"
                          WIDTH="814"
                          HEIGHT="47"/>
               </TextLine>
               <TextLine ID="zone-line_IRHT_P_002810_1-4"
                         BASELINE=""
                         HPOS="455"
                         VPOS="250"
                         WIDTH="808"
                         HEIGHT="46">
                  <Shape>
                     <Polygon POINTS="455,250 1263,250 1263,296 455,296"/>
                  </Shape>
                  <String CONTENT="nostra quamdiu furor iste tuus nos elu"
                          HPOS="455"
                          VPOS="250"
                          WIDTH="808"
                          HEIGHT="46"/>
               </TextLine>
               <TextLine ID="zone-line_IRHT_P_002810_1-5"
                         BASELINE=""
                         HPOS="403"
                         VPOS="307"
                         WIDTH="840"
                         HEIGHT="52">
                  <Shape>
                     <Polygon POINTS="403,307 1243,307 1243,359 403,359"/>
                  </Shape>
                  <String CONTENT="det quem ad finem effrenata sese"
                          HPOS="403"
                          VPOS="307"
                          WIDTH="840"
                          HEIGHT="52"/>
               </TextLine>
               <TextLine ID="zone-line_IRHT_P_002810_1-6"
                         BASELINE=""
                         HPOS="423"
                         VPOS="367"
                         WIDTH="826"
                         HEIGHT="55">
                  <Shape>
                     <Polygon POINTS="423,367 1249,367 1249,422 423,422"/>
                  </Shape>
                  <String CONTENT="iactabit audacia nichil ne noc"
                          HPOS="423"
                          VPOS="367"
                          WIDTH="826"
                          HEIGHT="55"/>
               </TextLine>
               <TextLine ID="zone-line_IRHT_P_002810_1-7"
                         BASELINE=""
                         HPOS="122"
                         VPOS="429"
                         WIDTH="1130"
                         HEIGHT="52">
                  <Shape>
                     <Polygon POINTS="122,429 1252,429 1252,481 122,481"/>
                  </Shape>
                  <String CONTENT="turnum presidium palacii nichil urbis vigilie ni"
                          HPOS="122"
                          VPOS="429"
                          WIDTH="1130"
                          HEIGHT="52"/>
               </TextLine>
               <TextLine ID="zone-line_IRHT_P_002810_1-8"
                         BASELINE=""
                         HPOS="168"
                         VPOS="491"
                         WIDTH="1077"
                         HEIGHT="55">
                  <Shape>
                     <Polygon POINTS="168,491 1245,491 1245,546 168,546"/>
                  </Shape>
                  <String CONTENT="chil timores populi nichil concursus bonorum omnium"
                          HPOS="168"
                          VPOS="491"
                          WIDTH="1077"
                          HEIGHT="55"/>
               </TextLine>
               <TextLine ID="zone-line_IRHT_P_002810_1-9"
                         BASELINE=""
                         HPOS="170"
                         VPOS="556"
                         WIDTH="1102"
                         HEIGHT="53">
                  <Shape>
                     <Polygon POINTS="170,556 1272,556 1272,609 170,609"/>
                  </Shape>
                  <String CONTENT="nichil hic munitissimus habendi senatus locus nichil"
                          HPOS="170"
                          VPOS="556"
                          WIDTH="1102"
                          HEIGHT="53"/>
               </TextLine>
               <TextLine ID="zone-line_IRHT_P_002810_1-10"
                         BASELINE=""
                         HPOS="172"
                         VPOS="619"
                         WIDTH="1084"
                         HEIGHT="53">
                  <Shape>
                     <Polygon POINTS="172,619 1256,619 1256,672 172,672"/>
                  </Shape>
                  <String CONTENT="horum ora uultusque mouerunt patere tua consi"
                          HPOS="172"
                          VPOS="619"
                          WIDTH="1084"
                          HEIGHT="53"/>
               </TextLine>
               <TextLine ID="zone-line_IRHT_P_002810_1-11"
                         BASELINE=""
                         HPOS="178"
                         VPOS="682"
                         WIDTH="1036"
                         HEIGHT="51">
                  <Shape>
                     <Polygon POINTS="178,682 1214,682 1214,733 178,733"/>
                  </Shape>
                  <String CONTENT="lia non sentis constrictam iam horum omnium"
                          HPOS="178"
                          VPOS="682"
                          WIDTH="1036"
                          HEIGHT="51"/>
               </TextLine>
               <TextLine ID="zone-line_IRHT_P_002810_1-12"
                         BASELINE=""
                         HPOS="171"
                         VPOS="744"
                         WIDTH="1074"
                         HEIGHT="50">
                  <Shape>
                     <Polygon POINTS="171,744 1245,744 1245,794 171,794"/>
                  </Shape>
                  <String CONTENT="sciencia teneri coniuracionem tuam non uides quid"
                          HPOS="171"
                          VPOS="744"
                          WIDTH="1074"
                          HEIGHT="50"/>
               </TextLine>
               <TextLine ID="zone-line_IRHT_P_002810_1-13"
                         BASELINE=""
                         HPOS="167"
                         VPOS="804"
                         WIDTH="1075"
                         HEIGHT="48">
                  <Shape>
                     <Polygon POINTS="167,804 1242,804 1242,852 167,852"/>
                  </Shape>
                  <String CONTENT="proxima quid superiori nocte egeris ubi fueris"
                          HPOS="167"
                          VPOS="804"
                          WIDTH="1075"
                          HEIGHT="48"/>
               </TextLine>
               <TextLine ID="zone-line_IRHT_P_002810_1-14"
                         BASELINE=""
                         HPOS="169"
                         VPOS="867"
                         WIDTH="1095"
                         HEIGHT="45">
                  <Shape>
                     <Polygon POINTS="169,867 1264,867 1264,912 169,912"/>
                  </Shape>
                  <String CONTENT="quid consilii ceperis quos conuocaueris quem nostrum"
                          HPOS="169"
                          VPOS="867"
                          WIDTH="1095"
                          HEIGHT="45"/>
               </TextLine>
               <TextLine ID="zone-line_IRHT_P_002810_1-15"
                         BASELINE=""
                         HPOS="180"
                         VPOS="928"
                         WIDTH="1039"
                         HEIGHT="50">
                  <Shape>
                     <Polygon POINTS="180,928 1219,928 1219,978 180,978"/>
                  </Shape>
                  <String CONTENT="ignorare arbitraris o tempora o mores senatus hoc"
                          HPOS="180"
                          VPOS="928"
                          WIDTH="1039"
                          HEIGHT="50"/>
               </TextLine>
               <TextLine ID="zone-line_IRHT_P_002810_1-16"
                         BASELINE=""
                         HPOS="175"
                         VPOS="991"
                         WIDTH="1076"
                         HEIGHT="54">
                  <Shape>
                     <Polygon POINTS="175,991 1251,991 1251,1045 175,1045"/>
                  </Shape>
                  <String CONTENT="intelligit consul uidet hic tamen uiuit uiuit"
                          HPOS="175"
                          VPOS="991"
                          WIDTH="1076"
                          HEIGHT="54"/>
               </TextLine>
               <TextLine ID="zone-line_IRHT_P_002810_1-17"
                         BASELINE=""
                         HPOS="170"
                         VPOS="1052"
                         WIDTH="1093"
                         HEIGHT="61">
                  <Shape>
                     <Polygon POINTS="170,1052 1263,1052 1263,1113 170,1113"/>
                  </Shape>
                  <String CONTENT="immo uero in senatum uenit fit publici consilii par"
                          HPOS="170"
                          VPOS="1052"
                          WIDTH="1093"
                          HEIGHT="61"/>
               </TextLine>
               <TextLine ID="zone-line_IRHT_P_002810_1-18"
                         BASELINE=""
                         HPOS="178"
                         VPOS="1120"
                         WIDTH="1083"
                         HEIGHT="53">
                  <Shape>
                     <Polygon POINTS="178,1120 1261,1120 1261,1173 178,1173"/>
                  </Shape>
                  <String CONTENT="ticeps notat et designat oculis ad cedem unumquenque"
                          HPOS="178"
                          VPOS="1120"
                          WIDTH="1083"
                          HEIGHT="53"/>
               </TextLine>
               <TextLine ID="zone-line_IRHT_P_002810_1-19"
                         BASELINE=""
                         HPOS="175"
                         VPOS="1180"
                         WIDTH="1090"
                         HEIGHT="54">
                  <Shape>
                     <Polygon POINTS="175,1180 1265,1180 1265,1234 175,1234"/>
                  </Shape>
                  <String CONTENT="nostrum nos autem fortes uiri satisfacere rei publice ui"
                          HPOS="175"
                          VPOS="1180"
                          WIDTH="1090"
                          HEIGHT="54"/>
               </TextLine>
               <TextLine ID="zone-line_IRHT_P_002810_1-20"
                         BASELINE=""
                         HPOS="174"
                         VPOS="1241"
                         WIDTH="1085"
                         HEIGHT="60">
                  <Shape>
                     <Polygon POINTS="174,1241 1259,1241 1259,1301 174,1301"/>
                  </Shape>
                  <String CONTENT="demur si istius tela ac furorem uitemus ad mortem"
                          HPOS="174"
                          VPOS="1241"
                          WIDTH="1085"
                          HEIGHT="60"/>
               </TextLine>
               <TextLine ID="zone-line_IRHT_P_002810_1-21"
                         BASELINE=""
                         HPOS="182"
                         VPOS="1302"
                         WIDTH="1080"
                         HEIGHT="61">
                  <Shape>
                     <Polygon POINTS="182,1302 1262,1302 1262,1363 182,1363"/>
                  </Shape>
                  <String CONTENT="te catilina duci iussu consulis iam pridem oportebat"
                          HPOS="182"
                          VPOS="1302"
                          WIDTH="1080"
                          HEIGHT="61"/>
               </TextLine>
               <TextLine ID="zone-line_IRHT_P_002810_1-22"
                         BASELINE=""
                         HPOS="165"
                         VPOS="1364"
                         WIDTH="1083"
                         HEIGHT="59">
                  <Shape>
                     <Polygon POINTS="165,1364 1248,1364 1248,1423 165,1423"/>
                  </Shape>
                  <String CONTENT="in te conferri pestem istam quam tu in nos omnes iam ma"
                          HPOS="165"
                          VPOS="1364"
                          WIDTH="1083"
                          HEIGHT="59"/>
               </TextLine>
               <TextLine ID="zone-line_IRHT_P_002810_1-23"
                         BASELINE=""
                         HPOS="172"
                         VPOS="1427"
                         WIDTH="1083"
                         HEIGHT="61">
                  <Shape>
                     <Polygon POINTS="172,1427 1255,1427 1255,1488 172,1488"/>
                  </Shape>
                  <String CONTENT="chinaris an uero uir amplissimus p scipio pontifex"
                          HPOS="172"
                          VPOS="1427"
                          WIDTH="1083"
                          HEIGHT="61"/>
               </TextLine>
               <TextLine ID="zone-line_IRHT_P_002810_1-24"
                         BASELINE=""
                         HPOS="164"
                         VPOS="1489"
                         WIDTH="1096"
                         HEIGHT="64">
                  <Shape>
                     <Polygon POINTS="164,1489 1260,1489 1260,1553 164,1553"/>
                  </Shape>
                  <String CONTENT="maximus tiberinum gracchum mediocriter labefactante"
                          HPOS="164"
                          VPOS="1489"
                          WIDTH="1096"
                          HEIGHT="64"/>
               </TextLine>
               <TextLine ID="zone-line_IRHT_P_002810_1-25"
                         BASELINE=""
                         HPOS="172"
                         VPOS="1557"
                         WIDTH="1096"
                         HEIGHT="58">
                  <Shape>
                     <Polygon POINTS="172,1557 1268,1557 1268,1615 172,1615"/>
                  </Shape>
                  <String CONTENT="statum rei publicae priuatus interfecit catilina uero orbem"
                          HPOS="172"
                          VPOS="1557"
                          WIDTH="1096"
                          HEIGHT="58"/>
               </TextLine>
               <TextLine ID="zone-line_IRHT_P_002810_1-26"
                         BASELINE=""
                         HPOS="164"
                         VPOS="1619"
                         WIDTH="1100"
                         HEIGHT="55">
                  <Shape>
                     <Polygon POINTS="164,1619 1264,1619 1264,1674 164,1674"/>
                  </Shape>
                  <String CONTENT="terre cede atque incendi uastare cupientem nos consules"
                          HPOS="164"
                          VPOS="1619"
                          WIDTH="1100"
                          HEIGHT="55"/>
               </TextLine>
               <TextLine ID="zone-line_IRHT_P_002810_1-27"
                         BASELINE=""
                         HPOS="153"
                         VPOS="1689"
                         WIDTH="1104"
                         HEIGHT="49">
                  <Shape>
                     <Polygon POINTS="153,1689 1257,1689 1257,1738 153,1738"/>
                  </Shape>
                  <String CONTENT="perferemus nam illa nimis antiqua pretereo quodque ser"
                          HPOS="153"
                          VPOS="1689"
                          WIDTH="1104"
                          HEIGHT="49"/>
               </TextLine>
            </TextBlock>
         </PrintSpace>
      </Page>
   </Layout>
</alto>
