<?xml version="1.0" encoding="UTF-8"?>
<alto xmlns="http://www.loc.gov/standards/alto/ns-v4#"
      xmlns:xsi="http://www.w3.org/2001/XMLSchema-instance"
      xmlns:tei="http://www.tei-c.org/ns/1.0"
      xsi:schemaLocation="http://www.loc.gov/standards/alto/ns-v4# ../schema/alto.xsd">
   <Description>
      <MeasurementUnit>pixel</MeasurementUnit>
      <sourceImageInformation>
         <fileName>IRHT_P_004652.tif</fileName>
      </sourceImageInformation>
   </Description>
   <Layout>
      <Page ID="zone-page_IRHT_P_004652"
            PHYSICAL_IMG_NR="0"
            WIDTH="1868"
            HEIGHT="1341">
         <PrintSpace HPOS="0" VPOS="0" WIDTH="1868" HEIGHT="1341">
            <TextBlock HPOS="81"
                       VPOS="35"
                       WIDTH="1589"
                       HEIGHT="1296"
                       ID="zone-col_IRHT_P_004652_1">
               <Shape>
                  <Polygon POINTS="81,35 1670,35 1670,1331 81,1331"/>
               </Shape>
               <TextLine ID="zone-line_IRHT_P_004652_1-1"
                         BASELINE=""
                         HPOS="294"
                         VPOS="237"
                         WIDTH="1372"
                         HEIGHT="97">
                  <Shape>
                     <Polygon POINTS="294,237 1666,237 1666,334 294,334"/>
                  </Shape>
                  <String CONTENT="incipit prologus in vitam sancti agerici"
                          HPOS="294"
                          VPOS="237"
                          WIDTH="1372"
                          HEIGHT="97"/>
               </TextLine>
               <TextLine ID="zone-line_IRHT_P_004652_1-2"
                         BASELINE=""
                         HPOS="317"
                         VPOS="350"
                         WIDTH="1306"
                         HEIGHT="84">
                  <Shape>
                     <Polygon POINTS="317,350 1623,350 1623,434 317,434"/>
                  </Shape>
                  <String CONTENT="impellitis me ac trahitis uiolentia amabili"
                          HPOS="317"
                          VPOS="350"
                          WIDTH="1306"
                          HEIGHT="84"/>
               </TextLine>
               <TextLine ID="zone-line_IRHT_P_004652_1-3"
                         BASELINE=""
                         HPOS="321"
                         VPOS="446"
                         WIDTH="1295"
                         HEIGHT="86">
                  <Shape>
                     <Polygon POINTS="321,446 1616,446 1616,532 321,532"/>
                  </Shape>
                  <String CONTENT="fratres karissimi ut in die festiuitatis sancti ac uene"
                          HPOS="321"
                          VPOS="446"
                          WIDTH="1295"
                          HEIGHT="86"/>
               </TextLine>
               <TextLine ID="zone-line_IRHT_P_004652_1-4"
                         BASELINE=""
                         HPOS="338"
                         VPOS="538"
                         WIDTH="1290"
                         HEIGHT="84">
                  <Shape>
                     <Polygon POINTS="338,538 1628,538 1628,622 338,622"/>
                  </Shape>
                  <String CONTENT="rabilis patris nostri agerici de horto uir"
                          HPOS="338"
                          VPOS="538"
                          WIDTH="1290"
                          HEIGHT="84"/>
               </TextLine>
               <TextLine ID="zone-line_IRHT_P_004652_1-5"
                         BASELINE=""
                         HPOS="340"
                         VPOS="636"
                         WIDTH="1296"
                         HEIGHT="86">
                  <Shape>
                     <Polygon POINTS="340,636 1636,636 1636,722 340,722"/>
                  </Shape>
                  <String CONTENT="tutum ipsius fecundissimo quosdam floscu"
                          HPOS="340"
                          VPOS="636"
                          WIDTH="1296"
                          HEIGHT="86"/>
               </TextLine>
               <TextLine ID="zone-line_IRHT_P_004652_1-6"
                         BASELINE=""
                         HPOS="346"
                         VPOS="733"
                         WIDTH="1307"
                         HEIGHT="89">
                  <Shape>
                     <Polygon POINTS="346,733 1653,733 1653,822 346,822"/>
                  </Shape>
                  <String CONTENT="los et uirentia quęlibet odoramenta decer"
                          HPOS="346"
                          VPOS="733"
                          WIDTH="1307"
                          HEIGHT="89"/>
               </TextLine>
               <TextLine ID="zone-line_IRHT_P_004652_1-7"
                         BASELINE=""
                         HPOS="330"
                         VPOS="820"
                         WIDTH="1287"
                         HEIGHT="104">
                  <Shape>
                     <Polygon POINTS="330,820 1617,820 1617,924 330,924"/>
                  </Shape>
                  <String CONTENT="pam eaque ad mensam leticię communis fer"
                          HPOS="330"
                          VPOS="820"
                          WIDTH="1287"
                          HEIGHT="104"/>
               </TextLine>
               <TextLine ID="zone-line_IRHT_P_004652_1-8"
                         BASELINE=""
                         HPOS="342"
                         VPOS="928"
                         WIDTH="1306"
                         HEIGHT="89">
                  <Shape>
                     <Polygon POINTS="342,928 1648,928 1648,1017 342,1017"/>
                  </Shape>
                  <String CONTENT="culo litterarum composita offeram sicque reple"
                          HPOS="342"
                          VPOS="928"
                          WIDTH="1306"
                          HEIGHT="89"/>
               </TextLine>
               <TextLine ID="zone-line_IRHT_P_004652_1-9"
                         BASELINE=""
                         HPOS="346"
                         VPOS="1025"
                         WIDTH="1218"
                         HEIGHT="85">
                  <Shape>
                     <Polygon POINTS="346,1025 1564,1025 1564,1110 346,1110"/>
                  </Shape>
                  <String CONTENT="am desiderii uestri appetitum particulamque"
                          HPOS="346"
                          VPOS="1025"
                          WIDTH="1218"
                          HEIGHT="85"/>
               </TextLine>
               <TextLine ID="zone-line_IRHT_P_004652_1-10"
                         BASELINE=""
                         HPOS="344"
                         VPOS="1116"
                         WIDTH="1262"
                         HEIGHT="93">
                  <Shape>
                     <Polygon POINTS="344,1116 1606,1116 1606,1209 344,1209"/>
                  </Shape>
                  <String CONTENT="bonam acceptam a domino uobis ex caritate"
                          HPOS="344"
                          VPOS="1116"
                          WIDTH="1262"
                          HEIGHT="93"/>
               </TextLine>
               <TextLine ID="zone-line_IRHT_P_004652_1-11"
                         BASELINE=""
                         HPOS="146"
                         VPOS="1230"
                         WIDTH="1524"
                         HEIGHT="59">
                  <Shape>
                     <Polygon POINTS="146,1230 1670,1230 1670,1289 146,1289"/>
                  </Shape>
                  <String CONTENT="communicem bona est ac laudabilis plutimum intentio"
                          HPOS="146"
                          VPOS="1230"
                          WIDTH="1524"
                          HEIGHT="59"/>
               </TextLine>
            </TextBlock>
         </PrintSpace>
      </Page>
   </Layout>
</alto>
