<?xml version="1.0" encoding="UTF-8"?>
<alto xmlns="http://www.loc.gov/standards/alto/ns-v4#"
      xmlns:xsi="http://www.w3.org/2001/XMLSchema-instance"
      xmlns:tei="http://www.tei-c.org/ns/1.0"
      xsi:schemaLocation="http://www.loc.gov/standards/alto/ns-v4# ../schema/alto.xsd">
   <Description>
      <MeasurementUnit>pixel</MeasurementUnit>
      <sourceImageInformation>
         <fileName>IRHT_P_008622.tif</fileName>
      </sourceImageInformation>
   </Description>
   <Layout>
      <Page ID="zone-page_IRHT_P_008622"
            PHYSICAL_IMG_NR="0"
            WIDTH="1303"
            HEIGHT="1758">
         <PrintSpace HPOS="0" VPOS="0" WIDTH="1303" HEIGHT="1758">
            <TextBlock HPOS="181"
                       VPOS="22"
                       WIDTH="1102"
                       HEIGHT="1659"
                       ID="zone-col_IRHT_P_008622_1">
               <Shape>
                  <Polygon POINTS="181,22 1283,22 1283,1681 181,1681"/>
               </Shape>
               <TextLine ID="zone-line_IRHT_P_008622_1-1"
                         BASELINE=""
                         HPOS="201"
                         VPOS="22"
                         WIDTH="1050"
                         HEIGHT="50">
                  <Shape>
                     <Polygon POINTS="201,22 1251,22 1251,72 201,72"/>
                  </Shape>
                  <String CONTENT="egyptum et esto ibi usque dum dicam tibi futurum est"
                          HPOS="201"
                          VPOS="22"
                          WIDTH="1050"
                          HEIGHT="50"/>
               </TextLine>
               <TextLine ID="zone-line_IRHT_P_008622_1-2"
                         BASELINE=""
                         HPOS="197"
                         VPOS="87"
                         WIDTH="1065"
                         HEIGHT="50">
                  <Shape>
                     <Polygon POINTS="197,87 1262,87 1262,137 197,137"/>
                  </Shape>
                  <String CONTENT="enim ut herodes querat puerum ad perdendum eum"
                          HPOS="197"
                          VPOS="87"
                          WIDTH="1065"
                          HEIGHT="50"/>
               </TextLine>
               <TextLine ID="zone-line_IRHT_P_008622_1-3"
                         BASELINE=""
                         HPOS="194"
                         VPOS="150"
                         WIDTH="1089"
                         HEIGHT="49">
                  <Shape>
                     <Polygon POINTS="194,150 1283,150 1283,199 194,199"/>
                  </Shape>
                  <String CONTENT="qui consurgens accepit puerum et matrem eius nocte"
                          HPOS="194"
                          VPOS="150"
                          WIDTH="1089"
                          HEIGHT="49"/>
               </TextLine>
               <TextLine ID="zone-line_IRHT_P_008622_1-4"
                         BASELINE=""
                         HPOS="191"
                         VPOS="213"
                         WIDTH="1049"
                         HEIGHT="50">
                  <Shape>
                     <Polygon POINTS="191,213 1240,213 1240,263 191,263"/>
                  </Shape>
                  <String CONTENT="et secessit in egiptum et erat ibi usque ad obitum"
                          HPOS="191"
                          VPOS="213"
                          WIDTH="1049"
                          HEIGHT="50"/>
               </TextLine>
               <TextLine ID="zone-line_IRHT_P_008622_1-5"
                         BASELINE=""
                         HPOS="203"
                         VPOS="273"
                         WIDTH="1075"
                         HEIGHT="58">
                  <Shape>
                     <Polygon POINTS="203,273 1278,273 1278,331 203,331"/>
                  </Shape>
                  <String CONTENT="herodis ut adimpleretur quod dictum est a domino per prophetam"
                          HPOS="203"
                          VPOS="273"
                          WIDTH="1075"
                          HEIGHT="58"/>
               </TextLine>
               <TextLine ID="zone-line_IRHT_P_008622_1-6"
                         BASELINE=""
                         HPOS="201"
                         VPOS="332"
                         WIDTH="1055"
                         HEIGHT="53">
                  <Shape>
                     <Polygon POINTS="201,332 1256,332 1256,385 201,385"/>
                  </Shape>
                  <String CONTENT="dicentem ex egipto uocaui filium meum tunc he"
                          HPOS="201"
                          VPOS="332"
                          WIDTH="1055"
                          HEIGHT="53"/>
               </TextLine>
               <TextLine ID="zone-line_IRHT_P_008622_1-7"
                         BASELINE=""
                         HPOS="191"
                         VPOS="393"
                         WIDTH="1053"
                         HEIGHT="51">
                  <Shape>
                     <Polygon POINTS="191,393 1244,393 1244,444 191,444"/>
                  </Shape>
                  <String CONTENT="rodes uidens quoniam illusus esset a magis iratus est"
                          HPOS="191"
                          VPOS="393"
                          WIDTH="1053"
                          HEIGHT="51"/>
               </TextLine>
               <TextLine ID="zone-line_IRHT_P_008622_1-8"
                         BASELINE=""
                         HPOS="201"
                         VPOS="454"
                         WIDTH="1008"
                         HEIGHT="48">
                  <Shape>
                     <Polygon POINTS="201,454 1209,454 1209,502 201,502"/>
                  </Shape>
                  <String CONTENT="ualde et mittens occidit omnes pueros qui erant"
                          HPOS="201"
                          VPOS="454"
                          WIDTH="1008"
                          HEIGHT="48"/>
               </TextLine>
               <TextLine ID="zone-line_IRHT_P_008622_1-9"
                         BASELINE=""
                         HPOS="193"
                         VPOS="510"
                         WIDTH="1081"
                         HEIGHT="49">
                  <Shape>
                     <Polygon POINTS="193,510 1274,510 1274,559 193,559"/>
                  </Shape>
                  <String CONTENT="in bethleem et in omnibus finibus eius ab imatu et infra"
                          HPOS="193"
                          VPOS="510"
                          WIDTH="1081"
                          HEIGHT="49"/>
               </TextLine>
               <TextLine ID="zone-line_IRHT_P_008622_1-10"
                         BASELINE=""
                         HPOS="198"
                         VPOS="573"
                         WIDTH="1055"
                         HEIGHT="45">
                  <Shape>
                     <Polygon POINTS="198,573 1253,573 1253,618 198,618"/>
                  </Shape>
                  <String CONTENT="secundum tempus quod exquisierat a magis tunc ad"
                          HPOS="198"
                          VPOS="573"
                          WIDTH="1055"
                          HEIGHT="45"/>
               </TextLine>
               <TextLine ID="zone-line_IRHT_P_008622_1-11"
                         BASELINE=""
                         HPOS="193"
                         VPOS="630"
                         WIDTH="1070"
                         HEIGHT="43">
                  <Shape>
                     <Polygon POINTS="193,630 1263,630 1263,673 193,673"/>
                  </Shape>
                  <String CONTENT="impletum est quod dictum est per ieremiam prophetam"
                          HPOS="193"
                          VPOS="630"
                          WIDTH="1070"
                          HEIGHT="43"/>
               </TextLine>
               <TextLine ID="zone-line_IRHT_P_008622_1-12"
                         BASELINE=""
                         HPOS="197"
                         VPOS="687"
                         WIDTH="1076"
                         HEIGHT="48">
                  <Shape>
                     <Polygon POINTS="197,687 1273,687 1273,735 197,735"/>
                  </Shape>
                  <String CONTENT="dicentem vox in rama audita est ploratus et ulu"
                          HPOS="197"
                          VPOS="687"
                          WIDTH="1076"
                          HEIGHT="48"/>
               </TextLine>
               <TextLine ID="zone-line_IRHT_P_008622_1-13"
                         BASELINE=""
                         HPOS="197"
                         VPOS="749"
                         WIDTH="1047"
                         HEIGHT="47">
                  <Shape>
                     <Polygon POINTS="197,749 1244,749 1244,796 197,796"/>
                  </Shape>
                  <String CONTENT="latus multus rachel plorans filios suos et"
                          HPOS="197"
                          VPOS="749"
                          WIDTH="1047"
                          HEIGHT="47"/>
               </TextLine>
               <TextLine ID="zone-line_IRHT_P_008622_1-14"
                         BASELINE=""
                         HPOS="194"
                         VPOS="813"
                         WIDTH="1052"
                         HEIGHT="48">
                  <Shape>
                     <Polygon POINTS="194,813 1246,813 1246,861 194,861"/>
                  </Shape>
                  <String CONTENT="noluit consolari quia non sunt collecta deus"
                          HPOS="194"
                          VPOS="813"
                          WIDTH="1052"
                          HEIGHT="48"/>
               </TextLine>
               <TextLine ID="zone-line_IRHT_P_008622_1-15"
                         BASELINE=""
                         HPOS="201"
                         VPOS="873"
                         WIDTH="1041"
                         HEIGHT="43">
                  <Shape>
                     <Polygon POINTS="201,873 1242,873 1242,916 201,916"/>
                  </Shape>
                  <String CONTENT="cuius hodierna in laudibus antiphona herodes iratus occidit mul"
                          HPOS="201"
                          VPOS="873"
                          WIDTH="1041"
                          HEIGHT="43"/>
               </TextLine>
               <TextLine ID="zone-line_IRHT_P_008622_1-16"
                         BASELINE=""
                         HPOS="194"
                         VPOS="927"
                         WIDTH="1006"
                         HEIGHT="47">
                  <Shape>
                     <Polygon POINTS="194,927 1200,927 1200,974 194,974"/>
                  </Shape>
                  <String CONTENT="tos pueros in bethleem iude ciuitate dauid capitulum"
                          HPOS="194"
                          VPOS="927"
                          WIDTH="1006"
                          HEIGHT="47"/>
               </TextLine>
               <TextLine ID="zone-line_IRHT_P_008622_1-17"
                         BASELINE=""
                         HPOS="300"
                         VPOS="990"
                         WIDTH="958"
                         HEIGHT="42">
                  <Shape>
                     <Polygon POINTS="300,990 1258,990 1258,1032 300,1032"/>
                  </Shape>
                  <String CONTENT="uidi supra montem syon agnum stantem et cum eo cen"
                          HPOS="300"
                          VPOS="990"
                          WIDTH="958"
                          HEIGHT="42"/>
               </TextLine>
               <TextLine ID="zone-line_IRHT_P_008622_1-18"
                         BASELINE=""
                         HPOS="209"
                         VPOS="1045"
                         WIDTH="1055"
                         HEIGHT="44">
                  <Shape>
                     <Polygon POINTS="209,1045 1264,1045 1264,1089 209,1089"/>
                  </Shape>
                  <String CONTENT="tum quadraginta quatuor milia habentes no"
                          HPOS="209"
                          VPOS="1045"
                          WIDTH="1055"
                          HEIGHT="44"/>
               </TextLine>
               <TextLine ID="zone-line_IRHT_P_008622_1-19"
                         BASELINE=""
                         HPOS="198"
                         VPOS="1102"
                         WIDTH="1081"
                         HEIGHT="50">
                  <Shape>
                     <Polygon POINTS="198,1102 1279,1102 1279,1152 198,1152"/>
                  </Shape>
                  <String CONTENT="men eius et nomen patris eius scriptum in frontibus suis"
                          HPOS="198"
                          VPOS="1102"
                          WIDTH="1081"
                          HEIGHT="50"/>
               </TextLine>
               <TextLine ID="zone-line_IRHT_P_008622_1-20"
                         BASELINE=""
                         HPOS="181"
                         VPOS="1163"
                         WIDTH="1101"
                         HEIGHT="46">
                  <Shape>
                     <Polygon POINTS="181,1163 1282,1163 1282,1209 181,1209"/>
                  </Shape>
                  <String CONTENT="responsorium exultent iusti uersus iusti in perpetuum ad benedicite antiphona hi sunt"
                          HPOS="181"
                          VPOS="1163"
                          WIDTH="1101"
                          HEIGHT="46"/>
               </TextLine>
               <TextLine ID="zone-line_IRHT_P_008622_1-21"
                         BASELINE=""
                         HPOS="198"
                         VPOS="1223"
                         WIDTH="1054"
                         HEIGHT="46">
                  <Shape>
                     <Polygon POINTS="198,1223 1252,1223 1252,1269 198,1269"/>
                  </Shape>
                  <String CONTENT="qui cum mulieribus non sunt coinquinati uirgines enim sunt et secuntur"
                          HPOS="198"
                          VPOS="1223"
                          WIDTH="1054"
                          HEIGHT="46"/>
               </TextLine>
               <TextLine ID="zone-line_IRHT_P_008622_1-22"
                         BASELINE=""
                         HPOS="197"
                         VPOS="1285"
                         WIDTH="1048"
                         HEIGHT="44">
                  <Shape>
                     <Polygon POINTS="197,1285 1245,1285 1245,1329 197,1329"/>
                  </Shape>
                  <String CONTENT="agnum quocunque ierit collecta ut supra ad i antiphona angeli eorum"
                          HPOS="197"
                          VPOS="1285"
                          WIDTH="1048"
                          HEIGHT="44"/>
               </TextLine>
               <TextLine ID="zone-line_IRHT_P_008622_1-23"
                         BASELINE=""
                         HPOS="193"
                         VPOS="1341"
                         WIDTH="1067"
                         HEIGHT="46">
                  <Shape>
                     <Polygon POINTS="193,1341 1260,1341 1260,1387 193,1387"/>
                  </Shape>
                  <String CONTENT="semper uident faciem patris ad iii antiphona vox in rama au"
                          HPOS="193"
                          VPOS="1341"
                          WIDTH="1067"
                          HEIGHT="46"/>
               </TextLine>
               <TextLine ID="zone-line_IRHT_P_008622_1-24"
                         BASELINE=""
                         HPOS="194"
                         VPOS="1400"
                         WIDTH="1086"
                         HEIGHT="47">
                  <Shape>
                     <Polygon POINTS="194,1400 1280,1400 1280,1447 194,1447"/>
                  </Shape>
                  <String CONTENT="dita est ploratus et ululatus rachel plorans filios suos cap et coll"
                          HPOS="194"
                          VPOS="1400"
                          WIDTH="1086"
                          HEIGHT="47"/>
               </TextLine>
               <TextLine ID="zone-line_IRHT_P_008622_1-25"
                         BASELINE=""
                         HPOS="203"
                         VPOS="1459"
                         WIDTH="1056"
                         HEIGHT="45">
                  <Shape>
                     <Polygon POINTS="203,1459 1259,1459 1259,1504 203,1504"/>
                  </Shape>
                  <String CONTENT="sicut in l ad vi antiphona sub t h rono dei sancti clamabant uindica"
                          HPOS="203"
                          VPOS="1459"
                          WIDTH="1056"
                          HEIGHT="45"/>
               </TextLine>
               <TextLine ID="zone-line_IRHT_P_008622_1-26"
                         BASELINE=""
                         HPOS="197"
                         VPOS="1517"
                         WIDTH="916"
                         HEIGHT="45">
                  <Shape>
                     <Polygon POINTS="197,1517 1113,1517 1113,1562 197,1562"/>
                  </Shape>
                  <String CONTENT="sanguinem nostrum deus noster capitulum"
                          HPOS="197"
                          VPOS="1517"
                          WIDTH="916"
                          HEIGHT="45"/>
               </TextLine>
               <TextLine ID="zone-line_IRHT_P_008622_1-27"
                         BASELINE=""
                         HPOS="291"
                         VPOS="1574"
                         WIDTH="962"
                         HEIGHT="47">
                  <Shape>
                     <Polygon POINTS="291,1574 1253,1574 1253,1621 291,1621"/>
                  </Shape>
                  <String CONTENT="hii sunt qui cum mulieribus non sunt coinquinati"
                          HPOS="291"
                          VPOS="1574"
                          WIDTH="962"
                          HEIGHT="47"/>
               </TextLine>
               <TextLine ID="zone-line_IRHT_P_008622_1-28"
                         BASELINE=""
                         HPOS="259"
                         VPOS="1635"
                         WIDTH="1019"
                         HEIGHT="46">
                  <Shape>
                     <Polygon POINTS="259,1635 1278,1635 1278,1681 259,1681"/>
                  </Shape>
                  <String CONTENT="uirgines enim sunt hi secuntur agnum quocunque ierit"
                          HPOS="259"
                          VPOS="1635"
                          WIDTH="1019"
                          HEIGHT="46"/>
               </TextLine>
            </TextBlock>
         </PrintSpace>
      </Page>
   </Layout>
</alto>
