<?xml version="1.0" encoding="UTF-8"?>
<alto xmlns="http://www.loc.gov/standards/alto/ns-v4#"
      xmlns:xsi="http://www.w3.org/2001/XMLSchema-instance"
      xmlns:tei="http://www.tei-c.org/ns/1.0"
      xsi:schemaLocation="http://www.loc.gov/standards/alto/ns-v4# ../schema/alto.xsd">
   <Description>
      <MeasurementUnit>pixel</MeasurementUnit>
      <sourceImageInformation>
         <fileName>IRHT_P_005180.tif</fileName>
      </sourceImageInformation>
   </Description>
   <Layout>
      <Page ID="zone-page_IRHT_P_005180"
            PHYSICAL_IMG_NR="0"
            WIDTH="1873"
            HEIGHT="1337">
         <PrintSpace HPOS="0" VPOS="0" WIDTH="1873" HEIGHT="1337">
            <TextBlock HPOS="68"
                       VPOS="56"
                       WIDTH="834"
                       HEIGHT="1244"
                       ID="zone-col_IRHT_P_005180_1">
               <Shape>
                  <Polygon POINTS="68,56 902,56 902,1300 68,1300"/>
               </Shape>
               <TextLine ID="zone-line_IRHT_P_005180_1-1"
                         BASELINE=""
                         HPOS="183"
                         VPOS="110"
                         WIDTH="698"
                         HEIGHT="44">
                  <Shape>
                     <Polygon POINTS="183,110 881,110 881,154 183,154"/>
                  </Shape>
                  <String CONTENT="cepit q̃ iasoni hoc ordine tͣdidit ꝯser"
                          HPOS="183"
                          VPOS="110"
                          WIDTH="698"
                          HEIGHT="44"/>
               </TextLine>
               <TextLine ID="zone-line_IRHT_P_005180_1-2"
                         BASELINE=""
                         HPOS="169"
                         VPOS="162"
                         WIDTH="686"
                         HEIGHT="45">
                  <Shape>
                     <Polygon POINTS="169,162 855,162 855,207 169,207"/>
                  </Shape>
                  <String CONTENT="uanda de tͣditõe rerũ ad incãtand̃"
                          HPOS="169"
                          VPOS="162"
                          WIDTH="686"
                          HEIGHT="45"/>
               </TextLine>
               <TextLine ID="zone-line_IRHT_P_005180_1-3"
                         BASELINE=""
                         HPOS="194"
                         VPOS="216"
                         WIDTH="690"
                         HEIGHT="48">
                  <Shape>
                     <Polygon POINTS="194,216 884,216 884,264 194,264"/>
                  </Shape>
                  <String CONTENT="in pͥmis tͣdidit ei quãd̃ ymaginẽ ar"
                          HPOS="194"
                          VPOS="216"
                          WIDTH="690"
                          HEIGHT="48"/>
               </TextLine>
               <TextLine ID="zone-line_IRHT_P_005180_1-4"
                         BASELINE=""
                         HPOS="196"
                         VPOS="267"
                         WIDTH="675"
                         HEIGHT="47">
                  <Shape>
                     <Polygon POINTS="196,267 871,267 871,314 196,314"/>
                  </Shape>
                  <String CONTENT="genteã ꝙͣ dixit esse ꝑ incantatõem"
                          HPOS="196"
                          VPOS="267"
                          WIDTH="675"
                          HEIGHT="47"/>
               </TextLine>
               <TextLine ID="zone-line_IRHT_P_005180_1-5"
                         BASELINE=""
                         HPOS="192"
                         VPOS="321"
                         WIDTH="686"
                         HEIGHT="42">
                  <Shape>
                     <Polygon POINTS="192,321 878,321 878,363 192,363"/>
                  </Shape>
                  <String CONTENT="nodos  ml̃ti artificii ũtute cõstruc"
                          HPOS="192"
                          VPOS="321"
                          WIDTH="686"
                          HEIGHT="42"/>
               </TextLine>
               <TextLine ID="zone-line_IRHT_P_005180_1-6"
                         BASELINE=""
                         HPOS="193"
                         VPOS="372"
                         WIDTH="677"
                         HEIGHT="42">
                  <Shape>
                     <Polygon POINTS="193,372 870,372 870,414 193,414"/>
                  </Shape>
                  <String CONTENT="tam q̃ adũsus incantatões iã fc̃as"
                          HPOS="193"
                          VPOS="372"
                          WIDTH="677"
                          HEIGHT="42"/>
               </TextLine>
               <TextLine ID="zone-line_IRHT_P_005180_1-7"
                         BASELINE=""
                         HPOS="173"
                         VPOS="423"
                         WIDTH="698"
                         HEIGHT="44">
                  <Shape>
                     <Polygon POINTS="173,423 871,423 871,467 173,467"/>
                  </Shape>
                  <String CONTENT="ẽ ualde potissĩa cassans uidel q̃ fc̃a"
                          HPOS="173"
                          VPOS="423"
                          WIDTH="698"
                          HEIGHT="44"/>
               </TextLine>
               <TextLine ID="zone-line_IRHT_P_005180_1-8"
                         BASELINE=""
                         HPOS="189"
                         VPOS="476"
                         WIDTH="713"
                         HEIGHT="41">
                  <Shape>
                     <Polygon POINTS="189,476 902,476 902,517 189,517"/>
                  </Shape>
                  <String CONTENT="iam sũt &amp; eoꝝ uotiua expulsione fina"
                          HPOS="189"
                          VPOS="476"
                          WIDTH="713"
                          HEIGHT="41"/>
               </TextLine>
               <TextLine ID="zone-line_IRHT_P_005180_1-9"
                         BASELINE=""
                         HPOS="191"
                         VPOS="530"
                         WIDTH="696"
                         HEIGHT="39">
                  <Shape>
                     <Polygon POINTS="191,530 887,530 887,569 191,569"/>
                  </Shape>
                  <String CONTENT="li repellens de hac gͥ iasonẽ sͨ instͧ"
                          HPOS="191"
                          VPOS="530"
                          WIDTH="696"
                          HEIGHT="39"/>
               </TextLine>
               <TextLine ID="zone-line_IRHT_P_005180_1-10"
                         BASELINE=""
                         HPOS="195"
                         VPOS="581"
                         WIDTH="695"
                         HEIGHT="39">
                  <Shape>
                     <Polygon POINTS="195,581 890,581 890,620 195,620"/>
                  </Shape>
                  <String CONTENT="xit ut eã caute supͣ se deferat nã ad"
                          HPOS="195"
                          VPOS="581"
                          WIDTH="695"
                          HEIGHT="39"/>
               </TextLine>
               <TextLine ID="zone-line_IRHT_P_005180_1-11"
                         BASELINE=""
                         HPOS="200"
                         VPOS="626"
                         WIDTH="661"
                         HEIGHT="41">
                  <Shape>
                     <Polygon POINTS="200,626 861,626 861,667 200,667"/>
                  </Shape>
                  <String CONTENT="ũsus incantatões qͣsl ualere se"
                          HPOS="200"
                          VPOS="626"
                          WIDTH="661"
                          HEIGHT="41"/>
               </TextLine>
               <TextLine ID="zone-line_IRHT_P_005180_1-12"
                         BASELINE=""
                         HPOS="201"
                         VPOS="672"
                         WIDTH="693"
                         HEIGHT="41">
                  <Shape>
                     <Polygon POINTS="201,672 894,672 894,713 201,713"/>
                  </Shape>
                  <String CONTENT="sciet uociuoꝝ incantatõis uirib anl̃"
                          HPOS="201"
                          VPOS="672"
                          WIDTH="693"
                          HEIGHT="41"/>
               </TextLine>
               <TextLine ID="zone-line_IRHT_P_005180_1-13"
                         BASELINE=""
                         HPOS="207"
                         VPOS="721"
                         WIDTH="670"
                         HEIGHT="40">
                  <Shape>
                     <Polygon POINTS="207,721 877,721 877,761 207,761"/>
                  </Shape>
                  <String CONTENT="latis scd̃o sͥ tradidͭ cui᷒dã umguẽti"
                          HPOS="207"
                          VPOS="721"
                          WIDTH="670"
                          HEIGHT="40"/>
               </TextLine>
               <TextLine ID="zone-line_IRHT_P_005180_1-14"
                         BASELINE=""
                         HPOS="199"
                         VPOS="766"
                         WIDTH="674"
                         HEIGHT="44">
                  <Shape>
                     <Polygon POINTS="199,766 873,766 873,810 199,810"/>
                  </Shape>
                  <String CONTENT="odoriferi medicamẽ quo ip̃m liuire"
                          HPOS="199"
                          VPOS="766"
                          WIDTH="674"
                          HEIGHT="44"/>
               </TextLine>
               <TextLine ID="zone-line_IRHT_P_005180_1-15"
                         BASELINE=""
                         HPOS="206"
                         VPOS="817"
                         WIDTH="688"
                         HEIGHT="44">
                  <Shape>
                     <Polygon POINTS="206,817 894,817 894,861 206,861"/>
                  </Shape>
                  <String CONTENT="suasit asẜens in eo ũtutẽ ineẽ ut ad"
                          HPOS="206"
                          VPOS="817"
                          WIDTH="688"
                          HEIGHT="44"/>
               </TextLine>
               <TextLine ID="zone-line_IRHT_P_005180_1-16"
                         BASELINE=""
                         HPOS="203"
                         VPOS="864"
                         WIDTH="664"
                         HEIGHT="44">
                  <Shape>
                     <Polygon POINTS="203,864 867,864 867,908 203,908"/>
                  </Shape>
                  <String CONTENT="ũsus ꝯflãmas ualde ualeat extin"
                          HPOS="203"
                          VPOS="864"
                          WIDTH="664"
                          HEIGHT="44"/>
               </TextLine>
               <TextLine ID="zone-line_IRHT_P_005180_1-17"
                         BASELINE=""
                         HPOS="207"
                         VPOS="913"
                         WIDTH="660"
                         HEIGHT="48">
                  <Shape>
                     <Polygon POINTS="207,913 867,913 867,961 207,961"/>
                  </Shape>
                  <String CONTENT="gat incendia ⁊ om̃e ꝙ h̃t potenciã"
                          HPOS="207"
                          VPOS="913"
                          WIDTH="660"
                          HEIGHT="48"/>
               </TextLine>
               <TextLine ID="zone-line_IRHT_P_005180_1-18"
                         BASELINE=""
                         HPOS="203"
                         VPOS="963"
                         WIDTH="674"
                         HEIGHT="48">
                  <Shape>
                     <Polygon POINTS="203,963 877,963 877,1011 203,1011"/>
                  </Shape>
                  <String CONTENT="ꝯburendi incessa fumositate resol"
                          HPOS="203"
                          VPOS="963"
                          WIDTH="674"
                          HEIGHT="48"/>
               </TextLine>
               <TextLine ID="zone-line_IRHT_P_005180_1-19"
                         BASELINE=""
                         HPOS="207"
                         VPOS="1017"
                         WIDTH="683"
                         HEIGHT="44">
                  <Shape>
                     <Polygon POINTS="207,1017 890,1017 890,1061 207,1061"/>
                  </Shape>
                  <String CONTENT="uat dem̃ ꝙͣdã anulũ sͥ dedit in quo"
                          HPOS="207"
                          VPOS="1017"
                          WIDTH="683"
                          HEIGHT="44"/>
               </TextLine>
               <TextLine ID="zone-line_IRHT_P_005180_1-20"
                         BASELINE=""
                         HPOS="201"
                         VPOS="1072"
                         WIDTH="665"
                         HEIGHT="40">
                  <Shape>
                     <Polygon POINTS="201,1072 866,1072 866,1112 201,1112"/>
                  </Shape>
                  <String CONTENT="talis ũtutũ lapis erat inclusus ut"
                          HPOS="201"
                          VPOS="1072"
                          WIDTH="665"
                          HEIGHT="40"/>
               </TextLine>
               <TextLine ID="zone-line_IRHT_P_005180_1-21"
                         BASELINE=""
                         HPOS="213"
                         VPOS="1123"
                         WIDTH="670"
                         HEIGHT="44">
                  <Shape>
                     <Polygon POINTS="213,1123 883,1123 883,1167 213,1167"/>
                  </Shape>
                  <String CONTENT="q̃cũq uenena corriꝑẽt corũ nocum̃"
                          HPOS="213"
                          VPOS="1123"
                          WIDTH="670"
                          HEIGHT="44"/>
               </TextLine>
               <TextLine ID="zone-line_IRHT_P_005180_1-22"
                         BASELINE=""
                         HPOS="205"
                         VPOS="1180"
                         WIDTH="670"
                         HEIGHT="42">
                  <Shape>
                     <Polygon POINTS="205,1180 875,1180 875,1222 205,1222"/>
                  </Shape>
                  <String CONTENT="ta repelleret ⁊ ꝙͣ ueneni rabies ꝑ"
                          HPOS="205"
                          VPOS="1180"
                          WIDTH="670"
                          HEIGHT="42"/>
               </TextLine>
               <TextLine ID="zone-line_IRHT_P_005180_1-23"
                         BASELINE=""
                         HPOS="203"
                         VPOS="1240"
                         WIDTH="665"
                         HEIGHT="33">
                  <Shape>
                     <Polygon POINTS="203,1240 868,1240 868,1273 203,1273"/>
                  </Shape>
                  <String CONTENT="fusa forsan infic̃et uelut ab aqͥs in"
                          HPOS="203"
                          VPOS="1240"
                          WIDTH="665"
                          HEIGHT="33"/>
               </TextLine>
            </TextBlock>
            <TextBlock HPOS="923"
                       VPOS="105"
                       WIDTH="786"
                       HEIGHT="1162"
                       ID="zone-col_IRHT_P_005180_2">
               <Shape>
                  <Polygon POINTS="923,105 1709,105 1709,1267 923,1267"/>
               </Shape>
               <TextLine ID="zone-line_IRHT_P_005180_2-1"
                         BASELINE=""
                         HPOS="969"
                         VPOS="105"
                         WIDTH="676"
                         HEIGHT="41">
                  <Shape>
                     <Polygon POINTS="969,105 1645,105 1645,146 969,146"/>
                  </Shape>
                  <String CONTENT="nã de qua illũ instuxit ut ꝙͣ pͥmũ"
                          HPOS="969"
                          VPOS="105"
                          WIDTH="676"
                          HEIGHT="41"/>
               </TextLine>
               <TextLine ID="zone-line_IRHT_P_005180_2-2"
                         BASELINE=""
                         HPOS="965"
                         VPOS="159"
                         WIDTH="697"
                         HEIGHT="42">
                  <Shape>
                     <Polygon POINTS="965,159 1662,159 1662,201 965,201"/>
                  </Shape>
                  <String CONTENT="ꝑueniret ad boues licore illo in eoꝝ o"
                          HPOS="965"
                          VPOS="159"
                          WIDTH="697"
                          HEIGHT="42"/>
               </TextLine>
               <TextLine ID="zone-line_IRHT_P_005180_2-3"
                         BASELINE=""
                         HPOS="974"
                         VPOS="210"
                         WIDTH="690"
                         HEIGHT="40">
                  <Shape>
                     <Polygon POINTS="974,210 1664,210 1664,250 974,250"/>
                  </Shape>
                  <String CONTENT="ra ꝑfund̃et  crebris asꝑsionib irro"
                          HPOS="974"
                          VPOS="210"
                          WIDTH="690"
                          HEIGHT="40"/>
               </TextLine>
               <TextLine ID="zone-line_IRHT_P_005180_2-4"
                         BASELINE=""
                         HPOS="963"
                         VPOS="262"
                         WIDTH="700"
                         HEIGHT="39">
                  <Shape>
                     <Polygon POINTS="963,262 1663,262 1663,301 963,301"/>
                  </Shape>
                  <String CONTENT="raret in licore ẽ illo hanc ineẽ uir"
                          HPOS="963"
                          VPOS="262"
                          WIDTH="700"
                          HEIGHT="39"/>
               </TextLine>
               <TextLine ID="zone-line_IRHT_P_005180_2-5"
                         BASELINE=""
                         HPOS="967"
                         VPOS="314"
                         WIDTH="700"
                         HEIGHT="40">
                  <Shape>
                     <Polygon POINTS="967,314 1667,314 1667,354 967,354"/>
                  </Shape>
                  <String CONTENT="tutẽ asẜunt ut ꝙͣ pͥmũ ora boum in"
                          HPOS="967"
                          VPOS="314"
                          WIDTH="700"
                          HEIGHT="40"/>
               </TextLine>
               <TextLine ID="zone-line_IRHT_P_005180_2-6"
                         BASELINE=""
                         HPOS="970"
                         VPOS="364"
                         WIDTH="689"
                         HEIGHT="42">
                  <Shape>
                     <Polygon POINTS="970,364 1659,364 1659,406 970,406"/>
                  </Shape>
                  <String CONTENT="fũderent᷑ ex ab illo uelut q̃d uiscoso"
                          HPOS="970"
                          VPOS="364"
                          WIDTH="689"
                          HEIGHT="42"/>
               </TextLine>
               <TextLine ID="zone-line_IRHT_P_005180_2-7"
                         BASELINE=""
                         HPOS="971"
                         VPOS="414"
                         WIDTH="666"
                         HEIGHT="48">
                  <Shape>
                     <Polygon POINTS="971,414 1637,414 1637,462 971,462"/>
                  </Shape>
                  <String CONTENT="glutino sͨ ꝯpacta ꝯstring̃ent᷑ ĩ unũ"
                          HPOS="971"
                          VPOS="414"
                          WIDTH="666"
                          HEIGHT="48"/>
               </TextLine>
               <TextLine ID="zone-line_IRHT_P_005180_2-8"
                         BASELINE=""
                         HPOS="973"
                         VPOS="466"
                         WIDTH="705"
                         HEIGHT="51">
                  <Shape>
                     <Polygon POINTS="973,466 1678,466 1678,517 973,517"/>
                  </Shape>
                  <String CONTENT="ꝙ eoꝝ aꝑtura nõ tam difficilis ꝙͣ im"
                          HPOS="973"
                          VPOS="466"
                          WIDTH="705"
                          HEIGHT="51"/>
               </TextLine>
               <TextLine ID="zone-line_IRHT_P_005180_2-9"
                         BASELINE=""
                         HPOS="968"
                         VPOS="516"
                         WIDTH="715"
                         HEIGHT="50">
                  <Shape>
                     <Polygon POINTS="968,516 1683,516 1683,566 968,566"/>
                  </Shape>
                  <String CONTENT="possibilis eẽt in illis  sͨ de singl̃is suc"
                          HPOS="968"
                          VPOS="516"
                          WIDTH="715"
                          HEIGHT="50"/>
               </TextLine>
               <TextLine ID="zone-line_IRHT_P_005180_2-10"
                         BASELINE=""
                         HPOS="980"
                         VPOS="568"
                         WIDTH="681"
                         HEIGHT="45">
                  <Shape>
                     <Polygon POINTS="980,568 1661,568 1661,613 980,613"/>
                  </Shape>
                  <String CONTENT="cessiue medea iasonẽ diligent̃ instͧ"
                          HPOS="980"
                          VPOS="568"
                          WIDTH="681"
                          HEIGHT="45"/>
               </TextLine>
               <TextLine ID="zone-line_IRHT_P_005180_2-11"
                         BASELINE=""
                         HPOS="973"
                         VPOS="618"
                         WIDTH="716"
                         HEIGHT="42">
                  <Shape>
                     <Polygon POINTS="973,618 1689,618 1689,660 973,660"/>
                  </Shape>
                  <String CONTENT="xit medea gͥ suis instructionib  doc"
                          HPOS="973"
                          VPOS="618"
                          WIDTH="716"
                          HEIGHT="42"/>
               </TextLine>
               <TextLine ID="zone-line_IRHT_P_005180_2-12"
                         BASELINE=""
                         HPOS="970"
                         VPOS="662"
                         WIDTH="697"
                         HEIGHT="44">
                  <Shape>
                     <Polygon POINTS="970,662 1667,662 1667,706 970,706"/>
                  </Shape>
                  <String CONTENT="trinis sͨ demũ finẽ imposuit et da"
                          HPOS="970"
                          VPOS="662"
                          WIDTH="697"
                          HEIGHT="44"/>
               </TextLine>
               <TextLine ID="zone-line_IRHT_P_005180_2-13"
                         BASELINE=""
                         HPOS="980"
                         VPOS="710"
                         WIDTH="681"
                         HEIGHT="45">
                  <Shape>
                     <Polygon POINTS="980,710 1661,710 1661,755 980,755"/>
                  </Shape>
                  <String CONTENT="ta iasoni licentia recedẽdi añ diei"
                          HPOS="980"
                          VPOS="710"
                          WIDTH="681"
                          HEIGHT="45"/>
               </TextLine>
               <TextLine ID="zone-line_IRHT_P_005180_2-14"
                         BASELINE=""
                         HPOS="971"
                         VPOS="758"
                         WIDTH="703"
                         HEIGHT="42">
                  <Shape>
                     <Polygon POINTS="971,758 1674,758 1674,800 971,800"/>
                  </Shape>
                  <String CONTENT="cõminãtis lucis aduent̃ iason in de"
                          HPOS="971"
                          VPOS="758"
                          WIDTH="703"
                          HEIGHT="42"/>
               </TextLine>
               <TextLine ID="zone-line_IRHT_P_005180_2-15"
                         BASELINE=""
                         HPOS="967"
                         VPOS="810"
                         WIDTH="703"
                         HEIGHT="43">
                  <Shape>
                     <Polygon POINTS="967,810 1670,810 1670,853 967,853"/>
                  </Shape>
                  <String CONTENT="cretã sͥ camerã furtiuis passib se"
                          HPOS="967"
                          VPOS="810"
                          WIDTH="703"
                          HEIGHT="43"/>
               </TextLine>
               <TextLine ID="zone-line_IRHT_P_005180_2-16"
                         BASELINE=""
                         HPOS="972"
                         VPOS="865"
                         WIDTH="170"
                         HEIGHT="38">
                  <Shape>
                     <Polygon POINTS="972,865 1142,865 1142,903 972,903"/>
                  </Shape>
                  <String CONTENT="recepit"
                          HPOS="972"
                          VPOS="865"
                          WIDTH="170"
                          HEIGHT="38"/>
               </TextLine>
               <TextLine ID="zone-line_IRHT_P_005180_2-17"
                         BASELINE=""
                         HPOS="1011"
                         VPOS="960"
                         WIDTH="673"
                         HEIGHT="39">
                  <Shape>
                     <Polygon POINTS="1011,960 1684,960 1684,999 1011,999"/>
                  </Shape>
                  <String CONTENT="insurgẽte gͥ roseis aurora splendori"
                          HPOS="1011"
                          VPOS="960"
                          WIDTH="673"
                          HEIGHT="39"/>
               </TextLine>
               <TextLine ID="zone-line_IRHT_P_005180_2-18"
                         BASELINE=""
                         HPOS="1002"
                         VPOS="1006"
                         WIDTH="707"
                         HEIGHT="42">
                  <Shape>
                     <Polygon POINTS="1002,1006 1709,1006 1709,1048 1002,1048"/>
                  </Shape>
                  <String CONTENT="b et sole aureo luce modica cacumĩa"
                          HPOS="1002"
                          VPOS="1006"
                          WIDTH="707"
                          HEIGHT="42"/>
               </TextLine>
               <TextLine ID="zone-line_IRHT_P_005180_2-19"
                         BASELINE=""
                         HPOS="969"
                         VPOS="1059"
                         WIDTH="707"
                         HEIGHT="47">
                  <Shape>
                     <Polygon POINTS="969,1059 1676,1059 1676,1106 969,1106"/>
                  </Shape>
                  <String CONTENT="montiũ illustrante iason futiuo surgit"
                          HPOS="969"
                          VPOS="1059"
                          WIDTH="707"
                          HEIGHT="47"/>
               </TextLine>
               <TextLine ID="zone-line_IRHT_P_005180_2-20"
                         BASELINE=""
                         HPOS="976"
                         VPOS="1110"
                         WIDTH="691"
                         HEIGHT="49">
                  <Shape>
                     <Polygon POINTS="976,1110 1667,1110 1667,1159 976,1159"/>
                  </Shape>
                  <String CONTENT="a thalamo in comitia uidel h̃culis "
                          HPOS="976"
                          VPOS="1110"
                          WIDTH="691"
                          HEIGHT="49"/>
               </TextLine>
               <TextLine ID="zone-line_IRHT_P_005180_2-21"
                         BASELINE=""
                         HPOS="980"
                         VPOS="1165"
                         WIDTH="696"
                         HEIGHT="51">
                  <Shape>
                     <Polygon POINTS="980,1165 1676,1165 1676,1216 980,1216"/>
                  </Shape>
                  <String CONTENT="suoꝝ  oetis regis adiuit soliũ in quo"
                          HPOS="980"
                          VPOS="1165"
                          WIDTH="696"
                          HEIGHT="51"/>
               </TextLine>
               <TextLine ID="zone-line_IRHT_P_005180_2-22"
                         BASELINE=""
                         HPOS="978"
                         VPOS="1218"
                         WIDTH="699"
                         HEIGHT="49">
                  <Shape>
                     <Polygon POINTS="978,1218 1677,1218 1677,1267 978,1267"/>
                  </Shape>
                  <String CONTENT="ipe rex iam se receꝑat ml̃toꝝ astanti"
                          HPOS="978"
                          VPOS="1218"
                          WIDTH="699"
                          HEIGHT="49"/>
               </TextLine>
            </TextBlock>
         </PrintSpace>
      </Page>
   </Layout>
</alto>
