<?xml version="1.0" encoding="UTF-8"?>
<alto xmlns="http://www.loc.gov/standards/alto/ns-v4#"
      xmlns:xsi="http://www.w3.org/2001/XMLSchema-instance"
      xmlns:tei="http://www.tei-c.org/ns/1.0"
      xsi:schemaLocation="http://www.loc.gov/standards/alto/ns-v4# ../schema/alto.xsd">
   <Description>
      <MeasurementUnit>pixel</MeasurementUnit>
      <sourceImageInformation>
         <fileName>IRHT_P_007717.tif</fileName>
      </sourceImageInformation>
   </Description>
   <Layout>
      <Page ID="zone-page_IRHT_P_007717"
            PHYSICAL_IMG_NR="0"
            WIDTH="1753"
            HEIGHT="1276">
         <PrintSpace HPOS="0" VPOS="0" WIDTH="1753" HEIGHT="1276">
            <TextBlock HPOS="71"
                       VPOS="0"
                       WIDTH="1373"
                       HEIGHT="1264"
                       ID="zone-col_IRHT_P_007717_1">
               <Shape>
                  <Polygon POINTS="71,0 1444,0 1444,1264 71,1264"/>
               </Shape>
               <TextLine ID="zone-line_IRHT_P_007717_1-1"
                         BASELINE=""
                         HPOS="274"
                         VPOS="223"
                         WIDTH="1159"
                         HEIGHT="116">
                  <Shape>
                     <Polygon POINTS="274,223 1433,223 1433,339 274,339"/>
                  </Shape>
                  <String CONTENT="d̃s qui hodiernã diẽ apl̃orum"
                          HPOS="274"
                          VPOS="223"
                          WIDTH="1159"
                          HEIGHT="116"/>
               </TextLine>
               <TextLine ID="zone-line_IRHT_P_007717_1-2"
                         BASELINE=""
                         HPOS="421"
                         VPOS="352"
                         WIDTH="1009"
                         HEIGHT="115">
                  <Shape>
                     <Polygon POINTS="421,352 1430,352 1430,467 421,467"/>
                  </Shape>
                  <String CONTENT="tuorum petri &amp; pauli mar"
                          HPOS="421"
                          VPOS="352"
                          WIDTH="1009"
                          HEIGHT="115"/>
               </TextLine>
               <TextLine ID="zone-line_IRHT_P_007717_1-3"
                         BASELINE=""
                         HPOS="208"
                         VPOS="492"
                         WIDTH="1215"
                         HEIGHT="115">
                  <Shape>
                     <Polygon POINTS="208,492 1423,492 1423,607 208,607"/>
                  </Shape>
                  <String CONTENT="tirio consecrasti da eccl̃ie tue eorum"
                          HPOS="208"
                          VPOS="492"
                          WIDTH="1215"
                          HEIGHT="115"/>
               </TextLine>
               <TextLine ID="zone-line_IRHT_P_007717_1-4"
                         BASELINE=""
                         HPOS="214"
                         VPOS="621"
                         WIDTH="1195"
                         HEIGHT="116">
                  <Shape>
                     <Polygon POINTS="214,621 1409,621 1409,737 214,737"/>
                  </Shape>
                  <String CONTENT="in omnib sequi preceptũ ꝑ quos"
                          HPOS="214"
                          VPOS="621"
                          WIDTH="1195"
                          HEIGHT="116"/>
               </TextLine>
               <TextLine ID="zone-line_IRHT_P_007717_1-5"
                         BASELINE=""
                         HPOS="219"
                         VPOS="759"
                         WIDTH="1225"
                         HEIGHT="115">
                  <Shape>
                     <Polygon POINTS="219,759 1444,759 1444,874 219,874"/>
                  </Shape>
                  <String CONTENT="religionis sumpsit exordiũ ꝑ sc̃r"
                          HPOS="219"
                          VPOS="759"
                          WIDTH="1225"
                          HEIGHT="115"/>
               </TextLine>
               <TextLine ID="zone-line_IRHT_P_007717_1-6"
                         BASELINE=""
                         HPOS="208"
                         VPOS="898"
                         WIDTH="1199"
                         HEIGHT="108">
                  <Shape>
                     <Polygon POINTS="208,898 1407,898 1407,1006 208,1006"/>
                  </Shape>
                  <String CONTENT="hostias dñe quas nomini tuo"
                          HPOS="208"
                          VPOS="898"
                          WIDTH="1199"
                          HEIGHT="108"/>
               </TextLine>
               <TextLine ID="zone-line_IRHT_P_007717_1-7"
                         BASELINE=""
                         HPOS="416"
                         VPOS="1037"
                         WIDTH="974"
                         HEIGHT="101">
                  <Shape>
                     <Polygon POINTS="416,1037 1390,1037 1390,1138 416,1138"/>
                  </Shape>
                  <String CONTENT="sacrandas offerimus apl̃ica ꝓ"
                          HPOS="416"
                          VPOS="1037"
                          WIDTH="974"
                          HEIGHT="101"/>
               </TextLine>
               <TextLine ID="zone-line_IRHT_P_007717_1-8"
                         BASELINE=""
                         HPOS="206"
                         VPOS="1155"
                         WIDTH="1219"
                         HEIGHT="109">
                  <Shape>
                     <Polygon POINTS="206,1155 1425,1155 1425,1264 206,1264"/>
                  </Shape>
                  <String CONTENT="sequatur oratio ꝑ quam nos expia"
                          HPOS="206"
                          VPOS="1155"
                          WIDTH="1219"
                          HEIGHT="109"/>
               </TextLine>
            </TextBlock>
         </PrintSpace>
      </Page>
   </Layout>
</alto>
