<?xml version="1.0" encoding="UTF-8"?>
<alto xmlns="http://www.loc.gov/standards/alto/ns-v4#"
      xmlns:xsi="http://www.w3.org/2001/XMLSchema-instance"
      xmlns:tei="http://www.tei-c.org/ns/1.0"
      xsi:schemaLocation="http://www.loc.gov/standards/alto/ns-v4# ../schema/alto.xsd">
   <Description>
      <MeasurementUnit>pixel</MeasurementUnit>
      <sourceImageInformation>
         <fileName>IRHT_P_001225.tif</fileName>
      </sourceImageInformation>
   </Description>
   <Layout>
      <Page ID="zone-page_IRHT_P_001225"
            PHYSICAL_IMG_NR="0"
            WIDTH="1360"
            HEIGHT="1835">
         <PrintSpace HPOS="0" VPOS="0" WIDTH="1360" HEIGHT="1835">
            <TextBlock HPOS="249"
                       VPOS="64"
                       WIDTH="1058"
                       HEIGHT="1747"
                       ID="zone-col_IRHT_P_001225_1">
               <Shape>
                  <Polygon POINTS="249,64 1307,64 1307,1811 249,1811"/>
               </Shape>
               <TextLine ID="zone-line_IRHT_P_001225_1-1"
                         BASELINE=""
                         HPOS="406"
                         VPOS="64"
                         WIDTH="899"
                         HEIGHT="84">
                  <Shape>
                     <Polygon POINTS="406,64 1305,64 1305,148 406,148"/>
                  </Shape>
                  <String CONTENT="pulueree cogitationis obscuret que"
                          HPOS="406"
                          VPOS="64"
                          WIDTH="899"
                          HEIGHT="84"/>
               </TextLine>
               <TextLine ID="zone-line_IRHT_P_001225_1-2"
                         BASELINE=""
                         HPOS="374"
                         VPOS="187"
                         WIDTH="892"
                         HEIGHT="70">
                  <Shape>
                     <Polygon POINTS="374,187 1266,187 1266,257 374,257"/>
                  </Shape>
                  <String CONTENT="tamen ñ pulsare rectoris animum"
                          HPOS="374"
                          VPOS="187"
                          WIDTH="892"
                          HEIGHT="70"/>
               </TextLine>
               <TextLine ID="zone-line_IRHT_P_001225_1-3"
                         BASELINE=""
                         HPOS="410"
                         VPOS="295"
                         WIDTH="869"
                         HEIGHT="67">
                  <Shape>
                     <Polygon POINTS="410,295 1279,295 1279,362 410,362"/>
                  </Shape>
                  <String CONTENT="nequeunt s festinare necesse est ut"
                          HPOS="410"
                          VPOS="295"
                          WIDTH="869"
                          HEIGHT="67"/>
               </TextLine>
               <TextLine ID="zone-line_IRHT_P_001225_1-4"
                         BASELINE=""
                         HPOS="416"
                         VPOS="391"
                         WIDTH="891"
                         HEIGHT="76">
                  <Shape>
                     <Polygon POINTS="416,391 1307,391 1307,467 416,467"/>
                  </Shape>
                  <String CONTENT="repugnatione uincantur ne uitium"
                          HPOS="416"
                          VPOS="391"
                          WIDTH="891"
                          HEIGHT="76"/>
               </TextLine>
               <TextLine ID="zone-line_IRHT_P_001225_1-5"
                         BASELINE=""
                         HPOS="444"
                         VPOS="502"
                         WIDTH="858"
                         HEIGHT="79">
                  <Shape>
                     <Polygon POINTS="444,502 1302,502 1302,581 444,581"/>
                  </Shape>
                  <String CONTENT="quod ꝑ suggestionem temptat molli"
                          HPOS="444"
                          VPOS="502"
                          WIDTH="858"
                          HEIGHT="79"/>
               </TextLine>
               <TextLine ID="zone-line_IRHT_P_001225_1-6"
                         BASELINE=""
                         HPOS="412"
                         VPOS="607"
                         WIDTH="886"
                         HEIGHT="78">
                  <Shape>
                     <Polygon POINTS="412,607 1298,607 1298,685 412,685"/>
                  </Shape>
                  <String CONTENT="cie delectationis subigat cumq hec"
                          HPOS="412"
                          VPOS="607"
                          WIDTH="886"
                          HEIGHT="78"/>
               </TextLine>
               <TextLine ID="zone-line_IRHT_P_001225_1-7"
                         BASELINE=""
                         HPOS="410"
                         VPOS="716"
                         WIDTH="894"
                         HEIGHT="72">
                  <Shape>
                     <Polygon POINTS="410,716 1304,716 1304,788 410,788"/>
                  </Shape>
                  <String CONTENT="ab animo tarde repellitur mucrone"
                          HPOS="410"
                          VPOS="716"
                          WIDTH="894"
                          HEIGHT="72"/>
               </TextLine>
               <TextLine ID="zone-line_IRHT_P_001225_1-8"
                         BASELINE=""
                         HPOS="407"
                         VPOS="820"
                         WIDTH="810"
                         HEIGHT="81">
                  <Shape>
                     <Polygon POINTS="407,820 1217,820 1217,901 407,901"/>
                  </Shape>
                  <String CONTENT="consensus occidat xiiii"
                          HPOS="407"
                          VPOS="820"
                          WIDTH="810"
                          HEIGHT="81"/>
               </TextLine>
               <TextLine ID="zone-line_IRHT_P_001225_1-9"
                         BASELINE=""
                         HPOS="551"
                         VPOS="943"
                         WIDTH="705"
                         HEIGHT="51">
                  <Shape>
                     <Polygon POINTS="551,943 1256,943 1256,994 551,994"/>
                  </Shape>
                  <String CONTENT="sit rector oꝑatione cipuus ut"
                          HPOS="551"
                          VPOS="943"
                          WIDTH="705"
                          HEIGHT="51"/>
               </TextLine>
               <TextLine ID="zone-line_IRHT_P_001225_1-10"
                         BASELINE=""
                         HPOS="538"
                         VPOS="1050"
                         WIDTH="715"
                         HEIGHT="46">
                  <Shape>
                     <Polygon POINTS="538,1050 1253,1050 1253,1096 538,1096"/>
                  </Shape>
                  <String CONTENT="uite uiam subditis uiuendo"
                          HPOS="538"
                          VPOS="1050"
                          WIDTH="715"
                          HEIGHT="46"/>
               </TextLine>
               <TextLine ID="zone-line_IRHT_P_001225_1-11"
                         BASELINE=""
                         HPOS="398"
                         VPOS="1149"
                         WIDTH="890"
                         HEIGHT="49">
                  <Shape>
                     <Polygon POINTS="398,1149 1288,1149 1288,1198 398,1198"/>
                  </Shape>
                  <String CONTENT="denunciet  grex qui pastoris uocẽ"
                          HPOS="398"
                          VPOS="1149"
                          WIDTH="890"
                          HEIGHT="49"/>
               </TextLine>
               <TextLine ID="zone-line_IRHT_P_001225_1-12"
                         BASELINE=""
                         HPOS="387"
                         VPOS="1239"
                         WIDTH="887"
                         HEIGHT="69">
                  <Shape>
                     <Polygon POINTS="387,1239 1274,1239 1274,1308 387,1308"/>
                  </Shape>
                  <String CONTENT="mores q sequitur ꝑ exempla melius"
                          HPOS="387"
                          VPOS="1239"
                          WIDTH="887"
                          HEIGHT="69"/>
               </TextLine>
               <TextLine ID="zone-line_IRHT_P_001225_1-13"
                         BASELINE=""
                         HPOS="347"
                         VPOS="1343"
                         WIDTH="946"
                         HEIGHT="72">
                  <Shape>
                     <Polygon POINTS="347,1343 1293,1343 1293,1415 347,1415"/>
                  </Shape>
                  <String CONTENT="quã ꝑ u͛ba gradiatur qui enim loci"
                          HPOS="347"
                          VPOS="1343"
                          WIDTH="946"
                          HEIGHT="72"/>
               </TextLine>
               <TextLine ID="zone-line_IRHT_P_001225_1-14"
                         BASELINE=""
                         HPOS="395"
                         VPOS="1454"
                         WIDTH="893"
                         HEIGHT="71">
                  <Shape>
                     <Polygon POINTS="395,1454 1288,1454 1288,1525 395,1525"/>
                  </Shape>
                  <String CONTENT="sui necessitate exigitur summa dic̃e"
                          HPOS="395"
                          VPOS="1454"
                          WIDTH="893"
                          HEIGHT="71"/>
               </TextLine>
               <TextLine ID="zone-line_IRHT_P_001225_1-15"
                         BASELINE=""
                         HPOS="380"
                         VPOS="1555"
                         WIDTH="840"
                         HEIGHT="76">
                  <Shape>
                     <Polygon POINTS="380,1555 1220,1555 1220,1631 380,1631"/>
                  </Shape>
                  <String CONTENT="hac eadem necessitate conpellitur"
                          HPOS="380"
                          VPOS="1555"
                          WIDTH="840"
                          HEIGHT="76"/>
               </TextLine>
               <TextLine ID="zone-line_IRHT_P_001225_1-16"
                         BASELINE=""
                         HPOS="391"
                         VPOS="1658"
                         WIDTH="865"
                         HEIGHT="76">
                  <Shape>
                     <Polygon POINTS="391,1658 1256,1658 1256,1734 391,1734"/>
                  </Shape>
                  <String CONTENT="summa monstrare illa namq uox"
                          HPOS="391"
                          VPOS="1658"
                          WIDTH="865"
                          HEIGHT="76"/>
               </TextLine>
            </TextBlock>
         </PrintSpace>
      </Page>
   </Layout>
</alto>
