<?xml version="1.0" encoding="UTF-8"?>
<alto xmlns="http://www.loc.gov/standards/alto/ns-v4#"
      xmlns:xsi="http://www.w3.org/2001/XMLSchema-instance"
      xmlns:tei="http://www.tei-c.org/ns/1.0"
      xsi:schemaLocation="http://www.loc.gov/standards/alto/ns-v4# ../schema/alto.xsd">
   <Description>
      <MeasurementUnit>pixel</MeasurementUnit>
      <sourceImageInformation>
         <fileName>IRHT_P_002221.tif</fileName>
      </sourceImageInformation>
   </Description>
   <Layout>
      <Page ID="zone-page_IRHT_P_002221"
            PHYSICAL_IMG_NR="0"
            WIDTH="1372"
            HEIGHT="1831">
         <PrintSpace HPOS="0" VPOS="0" WIDTH="1372" HEIGHT="1831">
            <TextBlock HPOS="244"
                       VPOS="54"
                       WIDTH="649"
                       HEIGHT="1729"
                       ID="zone-col_IRHT_P_002221_1">
               <Shape>
                  <Polygon POINTS="244,54 893,54 893,1783 244,1783"/>
               </Shape>
               <TextLine ID="zone-line_IRHT_P_002221_1-1"
                         BASELINE=""
                         HPOS="261"
                         VPOS="54"
                         WIDTH="592"
                         HEIGHT="58">
                  <Shape>
                     <Polygon POINTS="261,54 853,54 853,112 261,112"/>
                  </Shape>
                  <String CONTENT="dicti hic ẽ uer ꝓpheta qui"
                          HPOS="261"
                          VPOS="54"
                          WIDTH="592"
                          HEIGHT="58"/>
               </TextLine>
               <TextLine ID="zone-line_IRHT_P_002221_1-2"
                         BASELINE=""
                         HPOS="273"
                         VPOS="120"
                         WIDTH="620"
                         HEIGHT="59">
                  <Shape>
                     <Polygon POINTS="273,120 893,120 893,179 273,179"/>
                  </Shape>
                  <String CONTENT="uẽtur ĩ mũdũ est aut̃ ualde"
                          HPOS="273"
                          VPOS="120"
                          WIDTH="620"
                          HEIGHT="59"/>
               </TextLine>
               <TextLine ID="zone-line_IRHT_P_002221_1-3"
                         BASELINE=""
                         HPOS="256"
                         VPOS="180"
                         WIDTH="556"
                         HEIGHT="54">
                  <Shape>
                     <Polygon POINTS="256,180 812,180 812,234 256,234"/>
                  </Shape>
                  <String CONTENT="ꝯuẽens ꝙ aduẽt dñi ĩ"
                          HPOS="256"
                          VPOS="180"
                          WIDTH="556"
                          HEIGHT="54"/>
               </TextLine>
               <TextLine ID="zone-line_IRHT_P_002221_1-4"
                         BASELINE=""
                         HPOS="277"
                         VPOS="246"
                         WIDTH="563"
                         HEIGHT="54">
                  <Shape>
                     <Polygon POINTS="277,246 840,246 840,300 277,300"/>
                  </Shape>
                  <String CONTENT="cedẽte dñica inchoet᷑ ut"
                          HPOS="277"
                          VPOS="246"
                          WIDTH="563"
                          HEIGHT="54"/>
               </TextLine>
               <TextLine ID="zone-line_IRHT_P_002221_1-5"
                         BASELINE=""
                         HPOS="278"
                         VPOS="311"
                         WIDTH="545"
                         HEIGHT="52">
                  <Shape>
                     <Polygon POINTS="278,311 823,311 823,363 278,363"/>
                  </Shape>
                  <String CONTENT="eccia ad aduẽtũ xp̃i ei"
                          HPOS="278"
                          VPOS="311"
                          WIDTH="545"
                          HEIGHT="52"/>
               </TextLine>
               <TextLine ID="zone-line_IRHT_P_002221_1-6"
                         BASELINE=""
                         HPOS="278"
                         VPOS="373"
                         WIDTH="533"
                         HEIGHT="49">
                  <Shape>
                     <Polygon POINTS="278,373 811,373 811,422 278,422"/>
                  </Shape>
                  <String CONTENT="c̃tifica ꝓmissiõe ꝯsolata"
                          HPOS="278"
                          VPOS="373"
                          WIDTH="533"
                          HEIGHT="49"/>
               </TextLine>
               <TextLine ID="zone-line_IRHT_P_002221_1-7"
                         BASELINE=""
                         HPOS="270"
                         VPOS="439"
                         WIDTH="526"
                         HEIGHT="51">
                  <Shape>
                     <Polygon POINTS="270,439 796,439 796,490 270,490"/>
                  </Shape>
                  <String CONTENT="respirãs deuoci ⁊ ueri"
                          HPOS="270"
                          VPOS="439"
                          WIDTH="526"
                          HEIGHT="51"/>
               </TextLine>
               <TextLine ID="zone-line_IRHT_P_002221_1-8"
                         BASELINE=""
                         HPOS="267"
                         VPOS="506"
                         WIDTH="583"
                         HEIGHT="53">
                  <Shape>
                     <Polygon POINTS="267,506 850,506 850,559 267,559"/>
                  </Shape>
                  <String CONTENT="clamat at te leuaui aĩa"
                          HPOS="267"
                          VPOS="506"
                          WIDTH="583"
                          HEIGHT="53"/>
               </TextLine>
               <TextLine ID="zone-line_IRHT_P_002221_1-9"
                         BASELINE=""
                         HPOS="276"
                         VPOS="568"
                         WIDTH="552"
                         HEIGHT="61">
                  <Shape>
                     <Polygon POINTS="276,568 828,568 828,629 276,629"/>
                  </Shape>
                  <String CONTENT="meã ad cui ꝯtẽplacõe"
                          HPOS="276"
                          VPOS="568"
                          WIDTH="552"
                          HEIGHT="61"/>
               </TextLine>
               <TextLine ID="zone-line_IRHT_P_002221_1-10"
                         BASELINE=""
                         HPOS="276"
                         VPOS="637"
                         WIDTH="586"
                         HEIGHT="52">
                  <Shape>
                     <Polygon POINTS="276,637 862,637 862,689 276,689"/>
                  </Shape>
                  <String CONTENT="aĩe nr̃e sic leuẽt᷑ ut"
                          HPOS="276"
                          VPOS="637"
                          WIDTH="586"
                          HEIGHT="52"/>
               </TextLine>
               <TextLine ID="zone-line_IRHT_P_002221_1-11"
                         BASELINE=""
                         HPOS="274"
                         VPOS="695"
                         WIDTH="556"
                         HEIGHT="53">
                  <Shape>
                     <Polygon POINTS="274,695 830,695 830,748 274,748"/>
                  </Shape>
                  <String CONTENT="ĩ aduẽtu districti iudic̃"
                          HPOS="274"
                          VPOS="695"
                          WIDTH="556"
                          HEIGHT="53"/>
               </TextLine>
               <TextLine ID="zone-line_IRHT_P_002221_1-12"
                         BASELINE=""
                         HPOS="279"
                         VPOS="759"
                         WIDTH="557"
                         HEIGHT="57">
                  <Shape>
                     <Polygon POINTS="279,759 836,759 836,816 279,816"/>
                  </Shape>
                  <String CONTENT="beat̃ sociẽt᷑ ꝙ graciose"
                          HPOS="279"
                          VPOS="759"
                          WIDTH="557"
                          HEIGHT="57"/>
               </TextLine>
               <TextLine ID="zone-line_IRHT_P_002221_1-13"
                         BASELINE=""
                         HPOS="338"
                         VPOS="821"
                         WIDTH="447"
                         HEIGHT="57">
                  <Shape>
                     <Polygon POINTS="338,821 785,821 785,878 338,878"/>
                  </Shape>
                  <String CONTENT="nob̃ ꝯcedat qui sñ fĩe"
                          HPOS="338"
                          VPOS="821"
                          WIDTH="447"
                          HEIGHT="57"/>
               </TextLine>
               <TextLine ID="zone-line_IRHT_P_002221_1-14"
                         BASELINE=""
                         HPOS="285"
                         VPOS="889"
                         WIDTH="474"
                         HEIGHT="51">
                  <Shape>
                     <Polygon POINTS="285,889 759,889 759,940 285,940"/>
                  </Shape>
                  <String CONTENT="uiuit ⁊ regnat amen"
                          HPOS="285"
                          VPOS="889"
                          WIDTH="474"
                          HEIGHT="51"/>
               </TextLine>
               <TextLine ID="zone-line_IRHT_P_002221_1-15"
                         BASELINE=""
                         HPOS="268"
                         VPOS="956"
                         WIDTH="534"
                         HEIGHT="59">
                  <Shape>
                     <Polygon POINTS="268,956 802,956 802,1015 268,1015"/>
                  </Shape>
                  <String CONTENT="a dñi m cccc isto ãno"
                          HPOS="268"
                          VPOS="956"
                          WIDTH="534"
                          HEIGHT="59"/>
               </TextLine>
               <TextLine ID="zone-line_IRHT_P_002221_1-16"
                         BASELINE=""
                         HPOS="262"
                         VPOS="1020"
                         WIDTH="531"
                         HEIGHT="50">
                  <Shape>
                     <Polygon POINTS="262,1020 793,1020 793,1070 262,1070"/>
                  </Shape>
                  <String CONTENT="finit ⁊ ꝯplet ẽ iste lib̃"
                          HPOS="262"
                          VPOS="1020"
                          WIDTH="531"
                          HEIGHT="50"/>
               </TextLine>
               <TextLine ID="zone-line_IRHT_P_002221_1-17"
                         BASELINE=""
                         HPOS="284"
                         VPOS="1151"
                         WIDTH="560"
                         HEIGHT="63">
                  <Shape>
                     <Polygon POINTS="284,1151 844,1151 844,1214 284,1214"/>
                  </Shape>
                  <String CONTENT="laus tibi sit xp̃e"
                          HPOS="284"
                          VPOS="1151"
                          WIDTH="560"
                          HEIGHT="63"/>
               </TextLine>
               <TextLine ID="zone-line_IRHT_P_002221_1-18"
                         BASELINE=""
                         HPOS="272"
                         VPOS="1294"
                         WIDTH="480"
                         HEIGHT="55">
                  <Shape>
                     <Polygon POINTS="272,1294 752,1294 752,1349 272,1349"/>
                  </Shape>
                  <String CONTENT="quoniam liber"
                          HPOS="272"
                          VPOS="1294"
                          WIDTH="480"
                          HEIGHT="55"/>
               </TextLine>
               <TextLine ID="zone-line_IRHT_P_002221_1-19"
                         BASELINE=""
                         HPOS="274"
                         VPOS="1434"
                         WIDTH="373"
                         HEIGHT="54">
                  <Shape>
                     <Polygon POINTS="274,1434 647,1434 647,1488 274,1488"/>
                  </Shape>
                  <String CONTENT="explicit iste"
                          HPOS="274"
                          VPOS="1434"
                          WIDTH="373"
                          HEIGHT="54"/>
               </TextLine>
               <TextLine ID="zone-line_IRHT_P_002221_1-20"
                         BASELINE=""
                         HPOS="273"
                         VPOS="1588"
                         WIDTH="567"
                         HEIGHT="50">
                  <Shape>
                     <Polygon POINTS="273,1588 840,1588 840,1638 273,1638"/>
                  </Shape>
                  <String CONTENT="per manus iohã"
                          HPOS="273"
                          VPOS="1588"
                          WIDTH="567"
                          HEIGHT="50"/>
               </TextLine>
               <TextLine ID="zone-line_IRHT_P_002221_1-21"
                         BASELINE=""
                         HPOS="272"
                         VPOS="1716"
                         WIDTH="551"
                         HEIGHT="52">
                  <Shape>
                     <Polygon POINTS="272,1716 823,1716 823,1768 272,1768"/>
                  </Shape>
                  <String CONTENT="nis leufferswillen"
                          HPOS="272"
                          VPOS="1716"
                          WIDTH="551"
                          HEIGHT="52"/>
               </TextLine>
            </TextBlock>
            <TextBlock HPOS="931"
                       VPOS="74"
                       WIDTH="380"
                       HEIGHT="122"
                       ID="zone-col_IRHT_P_002221_2">
               <Shape>
                  <Polygon POINTS="931,74 1311,74 1311,196 931,196"/>
               </Shape>
               <TextLine ID="zone-line_IRHT_P_002221_2-1"
                         BASELINE=""
                         HPOS="931"
                         VPOS="74"
                         WIDTH="380"
                         HEIGHT="54">
                  <Shape>
                     <Polygon POINTS="931,74 1311,74 1311,128 931,128"/>
                  </Shape>
                  <String CONTENT="scriptorẽ nos"
                          HPOS="931"
                          VPOS="74"
                          WIDTH="380"
                          HEIGHT="54"/>
               </TextLine>
            </TextBlock>
         </PrintSpace>
      </Page>
   </Layout>
</alto>
