<?xml version="1.0" encoding="UTF-8"?>
<alto xmlns="http://www.loc.gov/standards/alto/ns-v4#"
      xmlns:xsi="http://www.w3.org/2001/XMLSchema-instance"
      xmlns:tei="http://www.tei-c.org/ns/1.0"
      xsi:schemaLocation="http://www.loc.gov/standards/alto/ns-v4# ../schema/alto.xsd">
   <Description>
      <MeasurementUnit>pixel</MeasurementUnit>
      <sourceImageInformation>
         <fileName>IRHT_P_005002.tif</fileName>
      </sourceImageInformation>
   </Description>
   <Layout>
      <Page ID="zone-page_IRHT_P_005002"
            PHYSICAL_IMG_NR="0"
            WIDTH="1896"
            HEIGHT="1400">
         <PrintSpace HPOS="0" VPOS="0" WIDTH="1896" HEIGHT="1400">
            <TextBlock HPOS="147"
                       VPOS="88"
                       WIDTH="1467"
                       HEIGHT="1271"
                       ID="zone-col_IRHT_P_005002_1">
               <Shape>
                  <Polygon POINTS="147,88 1614,88 1614,1359 147,1359"/>
               </Shape>
               <TextLine ID="zone-line_IRHT_P_005002_1-1"
                         BASELINE=""
                         HPOS="193"
                         VPOS="183"
                         WIDTH="1380"
                         HEIGHT="50">
                  <Shape>
                     <Polygon POINTS="193,183 1573,183 1573,233 193,233"/>
                  </Shape>
                  <String CONTENT="si quid ob commissorum penitenciam eligitis uel iniuria"
                          HPOS="193"
                          VPOS="183"
                          WIDTH="1380"
                          HEIGHT="50"/>
               </TextLine>
               <TextLine ID="zone-line_IRHT_P_005002_1-2"
                         BASELINE=""
                         HPOS="188"
                         VPOS="244"
                         WIDTH="1383"
                         HEIGHT="48">
                  <Shape>
                     <Polygon POINTS="188,244 1571,244 1571,292 188,292"/>
                  </Shape>
                  <String CONTENT="amicis uestris ne a nicomede inferri sinite sic eni faciẽ"
                          HPOS="188"
                          VPOS="244"
                          WIDTH="1383"
                          HEIGHT="48"/>
               </TextLine>
               <TextLine ID="zone-line_IRHT_P_005002_1-3"
                         BASELINE=""
                         HPOS="180"
                         VPOS="305"
                         WIDTH="1389"
                         HEIGHT="47">
                  <Shape>
                     <Polygon POINTS="180,305 1569,305 1569,352 180,352"/>
                  </Shape>
                  <String CONTENT="tibus uobis auxilia contra italos regem nostrum laturum"
                          HPOS="180"
                          VPOS="305"
                          WIDTH="1389"
                          HEIGHT="47"/>
               </TextLine>
               <TextLine ID="zone-line_IRHT_P_005002_1-4"
                         BASELINE=""
                         HPOS="183"
                         VPOS="370"
                         WIDTH="1401"
                         HEIGHT="48">
                  <Shape>
                     <Polygon POINTS="183,370 1584,370 1584,418 183,418"/>
                  </Shape>
                  <String CONTENT="pollicemur uel apparentem amiciciam saltem dissoluite uel"
                          HPOS="183"
                          VPOS="370"
                          WIDTH="1401"
                          HEIGHT="48"/>
               </TextLine>
               <TextLine ID="zone-line_IRHT_P_005002_1-5"
                         BASELINE=""
                         HPOS="183"
                         VPOS="442"
                         WIDTH="1371"
                         HEIGHT="39">
                  <Shape>
                     <Polygon POINTS="183,442 1554,442 1554,481 183,481"/>
                  </Shape>
                  <String CONTENT="romam ad iudicium contendamus una sic pelopidas"
                          HPOS="183"
                          VPOS="442"
                          WIDTH="1371"
                          HEIGHT="39"/>
               </TextLine>
               <TextLine ID="zone-line_IRHT_P_005002_1-6"
                         BASELINE=""
                         HPOS="181"
                         VPOS="495"
                         WIDTH="1380"
                         HEIGHT="55">
                  <Shape>
                     <Polygon POINTS="181,495 1561,495 1561,550 181,550"/>
                  </Shape>
                  <String CONTENT="elocutus est hi autem insolenciis illum loqui"
                          HPOS="181"
                          VPOS="495"
                          WIDTH="1380"
                          HEIGHT="55"/>
               </TextLine>
               <TextLine ID="zone-line_IRHT_P_005002_1-7"
                         BASELINE=""
                         HPOS="187"
                         VPOS="572"
                         WIDTH="1371"
                         HEIGHT="33">
                  <Shape>
                     <Polygon POINTS="187,572 1558,572 1558,605 187,605"/>
                  </Shape>
                  <String CONTENT="arbitrantes mitridatem a nicomede et capadocia abstiñe"
                          HPOS="187"
                          VPOS="572"
                          WIDTH="1371"
                          HEIGHT="33"/>
               </TextLine>
               <TextLine ID="zone-line_IRHT_P_005002_1-8"
                         BASELINE=""
                         HPOS="178"
                         VPOS="622"
                         WIDTH="1401"
                         HEIGHT="48">
                  <Shape>
                     <Polygon POINTS="178,622 1579,622 1579,670 178,670"/>
                  </Shape>
                  <String CONTENT="imperant se statim ariobarzanem in eam reducturos esse"
                          HPOS="178"
                          VPOS="622"
                          WIDTH="1401"
                          HEIGHT="48"/>
               </TextLine>
               <TextLine ID="zone-line_IRHT_P_005002_1-9"
                         BASELINE=""
                         HPOS="194"
                         VPOS="685"
                         WIDTH="1393"
                         HEIGHT="50">
                  <Shape>
                     <Polygon POINTS="194,685 1587,685 1587,735 194,735"/>
                  </Shape>
                  <String CONTENT="pelopidam insuper ab exercitu cedere iubent nec ulterius ad"
                          HPOS="194"
                          VPOS="685"
                          WIDTH="1393"
                          HEIGHT="50"/>
               </TextLine>
               <TextLine ID="zone-line_IRHT_P_005002_1-10"
                         BASELINE=""
                         HPOS="184"
                         VPOS="749"
                         WIDTH="1402"
                         HEIGHT="49">
                  <Shape>
                     <Polygon POINTS="184,749 1586,749 1586,798 184,798"/>
                  </Shape>
                  <String CONTENT="eos reuerti nisi in his que mandata essent permaneret rex"
                          HPOS="184"
                          VPOS="749"
                          WIDTH="1402"
                          HEIGHT="49"/>
               </TextLine>
               <TextLine ID="zone-line_IRHT_P_005002_1-11"
                         BASELINE=""
                         HPOS="182"
                         VPOS="812"
                         WIDTH="1414"
                         HEIGHT="47">
                  <Shape>
                     <Polygon POINTS="182,812 1596,812 1596,859 182,859"/>
                  </Shape>
                  <String CONTENT="in hunc mod̃ tulere sentenciam et discendenti abinde pelopi"
                          HPOS="182"
                          VPOS="812"
                          WIDTH="1414"
                          HEIGHT="47"/>
               </TextLine>
               <TextLine ID="zone-line_IRHT_P_005002_1-12"
                         BASELINE=""
                         HPOS="184"
                         VPOS="872"
                         WIDTH="1397"
                         HEIGHT="47">
                  <Shape>
                     <Polygon POINTS="184,872 1581,872 1581,919 184,919"/>
                  </Shape>
                  <String CONTENT="de custodiam adhibuere ne quempiam in itinere ꝑuert̃et"
                          HPOS="184"
                          VPOS="872"
                          WIDTH="1397"
                          HEIGHT="47"/>
               </TextLine>
               <TextLine ID="zone-line_IRHT_P_005002_1-13"
                         BASELINE=""
                         HPOS="193"
                         VPOS="932"
                         WIDTH="1386"
                         HEIGHT="53">
                  <Shape>
                     <Polygon POINTS="193,932 1579,932 1579,985 193,985"/>
                  </Shape>
                  <String CONTENT="quibus peractis consilia tanti belli neutiq expectantes"
                          HPOS="193"
                          VPOS="932"
                          WIDTH="1386"
                          HEIGHT="53"/>
               </TextLine>
               <TextLine ID="zone-line_IRHT_P_005002_1-14"
                         BASELINE=""
                         HPOS="188"
                         VPOS="991"
                         WIDTH="1383"
                         HEIGHT="51">
                  <Shape>
                     <Polygon POINTS="188,991 1571,991 1571,1042 188,1042"/>
                  </Shape>
                  <String CONTENT="aut ut populo nota fierent"
                          HPOS="188"
                          VPOS="991"
                          WIDTH="1383"
                          HEIGHT="51"/>
               </TextLine>
               <TextLine ID="zone-line_IRHT_P_005002_1-15"
                         BASELINE=""
                         HPOS="188"
                         VPOS="1054"
                         WIDTH="1401"
                         HEIGHT="53">
                  <Shape>
                     <Polygon POINTS="188,1054 1589,1054 1589,1107 188,1107"/>
                  </Shape>
                  <String CONTENT="et galatis qui in asia sunt statim"
                          HPOS="188"
                          VPOS="1054"
                          WIDTH="1401"
                          HEIGHT="53"/>
               </TextLine>
               <TextLine ID="zone-line_IRHT_P_005002_1-16"
                         BASELINE=""
                         HPOS="190"
                         VPOS="1116"
                         WIDTH="1389"
                         HEIGHT="55">
                  <Shape>
                     <Polygon POINTS="190,1116 1579,1116 1579,1171 190,1171"/>
                  </Shape>
                  <String CONTENT="mouent verum quia propius ipis exercitus aderat quem lu"
                          HPOS="190"
                          VPOS="1116"
                          WIDTH="1389"
                          HEIGHT="55"/>
               </TextLine>
               <TextLine ID="zone-line_IRHT_P_005002_1-17"
                         BASELINE=""
                         HPOS="190"
                         VPOS="1183"
                         WIDTH="1391"
                         HEIGHT="55">
                  <Shape>
                     <Polygon POINTS="190,1183 1581,1183 1581,1238 190,1238"/>
                  </Shape>
                  <String CONTENT="cassius asie proconsul retinebat et omnes socioꝝ uires ĩ unũ"
                          HPOS="190"
                          VPOS="1183"
                          WIDTH="1391"
                          HEIGHT="55"/>
               </TextLine>
               <TextLine ID="zone-line_IRHT_P_005002_1-18"
                         BASELINE=""
                         HPOS="192"
                         VPOS="1247"
                         WIDTH="1392"
                         HEIGHT="53">
                  <Shape>
                     <Polygon POINTS="192,1247 1584,1247 1584,1300 192,1300"/>
                  </Shape>
                  <String CONTENT="conuenerant dispartitis copiis unusquisq castra ponit cas"
                          HPOS="192"
                          VPOS="1247"
                          WIDTH="1392"
                          HEIGHT="53"/>
               </TextLine>
               <TextLine ID="zone-line_IRHT_P_005002_1-19"
                         BASELINE=""
                         HPOS="187"
                         VPOS="1310"
                         WIDTH="1427"
                         HEIGHT="49">
                  <Shape>
                     <Polygon POINTS="187,1310 1614,1310 1614,1359 187,1359"/>
                  </Shape>
                  <String CONTENT="sius bithinie et galacie in medio in annis per inferiora bithi"
                          HPOS="187"
                          VPOS="1310"
                          WIDTH="1427"
                          HEIGHT="49"/>
               </TextLine>
            </TextBlock>
         </PrintSpace>
      </Page>
   </Layout>
</alto>
