<?xml version="1.0" encoding="UTF-8"?>
<alto xmlns="http://www.loc.gov/standards/alto/ns-v4#"
      xmlns:xsi="http://www.w3.org/2001/XMLSchema-instance"
      xmlns:tei="http://www.tei-c.org/ns/1.0"
      xsi:schemaLocation="http://www.loc.gov/standards/alto/ns-v4# ../schema/alto.xsd">
   <Description>
      <MeasurementUnit>pixel</MeasurementUnit>
      <sourceImageInformation>
         <fileName>IRHT_P_005468.tif</fileName>
      </sourceImageInformation>
   </Description>
   <Layout>
      <Page ID="zone-page_IRHT_P_005468"
            PHYSICAL_IMG_NR="0"
            WIDTH="1340"
            HEIGHT="1853">
         <PrintSpace HPOS="0" VPOS="0" WIDTH="1340" HEIGHT="1853">
            <TextBlock HPOS="137"
                       VPOS="56"
                       WIDTH="1098"
                       HEIGHT="1723"
                       ID="zone-col_IRHT_P_005468_1">
               <Shape>
                  <Polygon POINTS="137,56 1235,56 1235,1779 137,1779"/>
               </Shape>
               <TextLine ID="zone-line_IRHT_P_005468_1-1"
                         BASELINE=""
                         HPOS="137"
                         VPOS="81"
                         WIDTH="1062"
                         HEIGHT="92">
                  <Shape>
                     <Polygon POINTS="137,81 1199,81 1199,173 137,173"/>
                  </Shape>
                  <String CONTENT="non oportet a lxxma usq in oct̃ pasche"
                          HPOS="137"
                          VPOS="81"
                          WIDTH="1062"
                          HEIGHT="92"/>
               </TextLine>
               <TextLine ID="zone-line_IRHT_P_005468_1-2"
                         BASELINE=""
                         HPOS="224"
                         VPOS="187"
                         WIDTH="957"
                         HEIGHT="79">
                  <Shape>
                     <Polygon POINTS="224,187 1181,187 1181,266 224,266"/>
                  </Shape>
                  <String CONTENT="&amp; ab aduentu dñi usq p᷒ theophaniã"
                          HPOS="224"
                          VPOS="187"
                          WIDTH="957"
                          HEIGHT="79"/>
               </TextLine>
               <TextLine ID="zone-line_IRHT_P_005468_1-3"
                         BASELINE=""
                         HPOS="218"
                         VPOS="288"
                         WIDTH="959"
                         HEIGHT="76">
                  <Shape>
                     <Polygon POINTS="218,288 1177,288 1177,364 218,364"/>
                  </Shape>
                  <String CONTENT="nupcias celebrari conuenientib᷒"
                          HPOS="218"
                          VPOS="288"
                          WIDTH="959"
                          HEIGHT="76"/>
               </TextLine>
               <TextLine ID="zone-line_IRHT_P_005468_1-4"
                         BASELINE=""
                         HPOS="230"
                         VPOS="392"
                         WIDTH="972"
                         HEIGHT="74">
                  <Shape>
                     <Polygon POINTS="230,392 1202,392 1202,466 230,466"/>
                  </Shape>
                  <String CONTENT="eis qͥ hoc sacram̃tũ celebrare desiderant"
                          HPOS="230"
                          VPOS="392"
                          WIDTH="972"
                          HEIGHT="74"/>
               </TextLine>
               <TextLine ID="zone-line_IRHT_P_005468_1-5"
                         BASELINE=""
                         HPOS="212"
                         VPOS="502"
                         WIDTH="1022"
                         HEIGHT="66">
                  <Shape>
                     <Polygon POINTS="212,502 1234,502 1234,568 212,568"/>
                  </Shape>
                  <String CONTENT="pͥmo cauendũ &amp; diligentissime ẽ inqͥrend̃"
                          HPOS="212"
                          VPOS="502"
                          WIDTH="1022"
                          HEIGHT="66"/>
               </TextLine>
               <TextLine ID="zone-line_IRHT_P_005468_1-6"
                         BASELINE=""
                         HPOS="220"
                         VPOS="588"
                         WIDTH="1015"
                         HEIGHT="68">
                  <Shape>
                     <Polygon POINTS="220,588 1235,588 1235,656 220,656"/>
                  </Shape>
                  <String CONTENT="ne sit int̃ eos aliqͥd q̃d tanto sacram̃to posit"
                          HPOS="220"
                          VPOS="588"
                          WIDTH="1015"
                          HEIGHT="68"/>
               </TextLine>
               <TextLine ID="zone-line_IRHT_P_005468_1-7"
                         BASELINE=""
                         HPOS="225"
                         VPOS="684"
                         WIDTH="969"
                         HEIGHT="76">
                  <Shape>
                     <Polygon POINTS="225,684 1194,684 1194,760 225,760"/>
                  </Shape>
                  <String CONTENT="eẽ contrariũ reqͥendu ẽ ętiã dili"
                          HPOS="225"
                          VPOS="684"
                          WIDTH="969"
                          HEIGHT="76"/>
               </TextLine>
               <TextLine ID="zone-line_IRHT_P_005468_1-8"
                         BASELINE=""
                         HPOS="219"
                         VPOS="783"
                         WIDTH="994"
                         HEIGHT="73">
                  <Shape>
                     <Polygon POINTS="219,783 1213,783 1213,856 219,856"/>
                  </Shape>
                  <String CONTENT="gent̃ a sac̃dote amboꝝ id÷ uiri et mu"
                          HPOS="219"
                          VPOS="783"
                          WIDTH="994"
                          HEIGHT="73"/>
               </TextLine>
               <TextLine ID="zone-line_IRHT_P_005468_1-9"
                         BASELINE=""
                         HPOS="221"
                         VPOS="880"
                         WIDTH="947"
                         HEIGHT="75">
                  <Shape>
                     <Polygon POINTS="221,880 1168,880 1168,955 221,955"/>
                  </Shape>
                  <String CONTENT="lieris assensus q̃d si uota amboꝝ"
                          HPOS="221"
                          VPOS="880"
                          WIDTH="947"
                          HEIGHT="75"/>
               </TextLine>
               <TextLine ID="zone-line_IRHT_P_005468_1-10"
                         BASELINE=""
                         HPOS="226"
                         VPOS="983"
                         WIDTH="918"
                         HEIGHT="73">
                  <Shape>
                     <Polygon POINTS="226,983 1144,983 1144,1056 226,1056"/>
                  </Shape>
                  <String CONTENT="conuenerint sacerdos lecta carta"
                          HPOS="226"
                          VPOS="983"
                          WIDTH="918"
                          HEIGHT="73"/>
               </TextLine>
               <TextLine ID="zone-line_IRHT_P_005468_1-11"
                         BASELINE=""
                         HPOS="213"
                         VPOS="1082"
                         WIDTH="936"
                         HEIGHT="73">
                  <Shape>
                     <Polygon POINTS="213,1082 1149,1082 1149,1155 213,1155"/>
                  </Shape>
                  <String CONTENT="sponsalicii bñdicat arras dicens"
                          HPOS="213"
                          VPOS="1082"
                          WIDTH="936"
                          HEIGHT="73"/>
               </TextLine>
               <TextLine ID="zone-line_IRHT_P_005468_1-12"
                         BASELINE=""
                         HPOS="281"
                         VPOS="1187"
                         WIDTH="849"
                         HEIGHT="73">
                  <Shape>
                     <Polygon POINTS="281,1187 1130,1187 1130,1260 281,1260"/>
                  </Shape>
                  <String CONTENT="benedic dñe has arras quas"
                          HPOS="281"
                          VPOS="1187"
                          WIDTH="849"
                          HEIGHT="73"/>
               </TextLine>
               <TextLine ID="zone-line_IRHT_P_005468_1-13"
                         BASELINE=""
                         HPOS="225"
                         VPOS="1292"
                         WIDTH="913"
                         HEIGHT="73">
                  <Shape>
                     <Polygon POINTS="225,1292 1138,1292 1138,1365 225,1365"/>
                  </Shape>
                  <String CONTENT="hodie tradet famulus tuus in"
                          HPOS="225"
                          VPOS="1292"
                          WIDTH="913"
                          HEIGHT="73"/>
               </TextLine>
               <TextLine ID="zone-line_IRHT_P_005468_1-14"
                         BASELINE=""
                         HPOS="223"
                         VPOS="1388"
                         WIDTH="966"
                         HEIGHT="73">
                  <Shape>
                     <Polygon POINTS="223,1388 1189,1388 1189,1461 223,1461"/>
                  </Shape>
                  <String CONTENT="manu ancillę tuę quem admodũ"
                          HPOS="223"
                          VPOS="1388"
                          WIDTH="966"
                          HEIGHT="73"/>
               </TextLine>
               <TextLine ID="zone-line_IRHT_P_005468_1-15"
                         BASELINE=""
                         HPOS="227"
                         VPOS="1488"
                         WIDTH="917"
                         HEIGHT="75">
                  <Shape>
                     <Polygon POINTS="227,1488 1144,1488 1144,1563 227,1563"/>
                  </Shape>
                  <String CONTENT="benedixisti abraam cum saira"
                          HPOS="227"
                          VPOS="1488"
                          WIDTH="917"
                          HEIGHT="75"/>
               </TextLine>
               <TextLine ID="zone-line_IRHT_P_005468_1-16"
                         BASELINE=""
                         HPOS="217"
                         VPOS="1596"
                         WIDTH="970"
                         HEIGHT="73">
                  <Shape>
                     <Polygon POINTS="217,1596 1187,1596 1187,1669 217,1669"/>
                  </Shape>
                  <String CONTENT="ysaac cũ rebeca iacob cũ rachel"
                          HPOS="217"
                          VPOS="1596"
                          WIDTH="970"
                          HEIGHT="73"/>
               </TextLine>
               <TextLine ID="zone-line_IRHT_P_005468_1-17"
                         BASELINE=""
                         HPOS="219"
                         VPOS="1697"
                         WIDTH="917"
                         HEIGHT="82">
                  <Shape>
                     <Polygon POINTS="219,1697 1136,1697 1136,1779 219,1779"/>
                  </Shape>
                  <String CONTENT="dona suꝑ eos dñe gr̃am benedic"
                          HPOS="219"
                          VPOS="1697"
                          WIDTH="917"
                          HEIGHT="82"/>
               </TextLine>
            </TextBlock>
         </PrintSpace>
      </Page>
   </Layout>
</alto>
