<?xml version="1.0" encoding="UTF-8"?>
<alto xmlns="http://www.loc.gov/standards/alto/ns-v4#"
      xmlns:xsi="http://www.w3.org/2001/XMLSchema-instance"
      xmlns:tei="http://www.tei-c.org/ns/1.0"
      xsi:schemaLocation="http://www.loc.gov/standards/alto/ns-v4# ../schema/alto.xsd">
   <Description>
      <MeasurementUnit>pixel</MeasurementUnit>
      <sourceImageInformation>
         <fileName>IRHT_P_001206.tif</fileName>
      </sourceImageInformation>
   </Description>
   <Layout>
      <Page ID="zone-page_IRHT_P_001206"
            PHYSICAL_IMG_NR="0"
            WIDTH="1312"
            HEIGHT="1805">
         <PrintSpace HPOS="0" VPOS="0" WIDTH="1312" HEIGHT="1805">
            <TextBlock HPOS="77"
                       VPOS="17"
                       WIDTH="1202"
                       HEIGHT="1714"
                       ID="zone-col_IRHT_P_001206_1">
               <Shape>
                  <Polygon POINTS="77,17 1279,17 1279,1731 77,1731"/>
               </Shape>
               <TextLine ID="zone-line_IRHT_P_001206_1-1"
                         BASELINE=""
                         HPOS="90"
                         VPOS="98"
                         WIDTH="1189"
                         HEIGHT="77">
                  <Shape>
                     <Polygon POINTS="90,98 1279,98 1279,175 90,175"/>
                  </Shape>
                  <String CONTENT="debita nr̃a sic̃ &amp; nos dimittim᷒ debitorib n"
                          HPOS="90"
                          VPOS="98"
                          WIDTH="1189"
                          HEIGHT="77"/>
               </TextLine>
               <TextLine ID="zone-line_IRHT_P_001206_1-2"
                         BASELINE=""
                         HPOS="91"
                         VPOS="180"
                         WIDTH="1184"
                         HEIGHT="79">
                  <Shape>
                     <Polygon POINTS="91,180 1275,180 1275,259 91,259"/>
                  </Shape>
                  <String CONTENT="sꝑa te resurrecturũ &amp; tc̃ futurũ om̃i mͦ sin"
                          HPOS="91"
                          VPOS="180"
                          WIDTH="1184"
                          HEIGHT="79"/>
               </TextLine>
               <TextLine ID="zone-line_IRHT_P_001206_1-3"
                         BASELINE=""
                         HPOS="90"
                         VPOS="265"
                         WIDTH="1181"
                         HEIGHT="75">
                  <Shape>
                     <Polygon POINTS="90,265 1271,265 1271,340 90,340"/>
                  </Shape>
                  <String CONTENT="peccato qͥa ille resurrex̃ qͥ pͥm᷒ fuit sine peccato a uig"
                          HPOS="90"
                          VPOS="265"
                          WIDTH="1181"
                          HEIGHT="75"/>
               </TextLine>
               <TextLine ID="zone-line_IRHT_P_001206_1-4"
                         BASELINE=""
                         HPOS="86"
                         VPOS="353"
                         WIDTH="1185"
                         HEIGHT="69">
                  <Shape>
                     <Polygon POINTS="86,353 1271,353 1271,422 86,422"/>
                  </Shape>
                  <String CONTENT="matutina sꝑa noli dicere ego ñ sũ dign᷒ ꝓpt̃ peccata ñ e"
                          HPOS="86"
                          VPOS="353"
                          WIDTH="1185"
                          HEIGHT="69"/>
               </TextLine>
               <TextLine ID="zone-line_IRHT_P_001206_1-5"
                         BASELINE=""
                         HPOS="77"
                         VPOS="427"
                         WIDTH="1194"
                         HEIGHT="85">
                  <Shape>
                     <Polygon POINTS="77,427 1271,427 1271,512 77,512"/>
                  </Shape>
                  <String CONTENT="s multa apud illũ redẽptio et ipse redimet"
                          HPOS="77"
                          VPOS="427"
                          WIDTH="1194"
                          HEIGHT="85"/>
               </TextLine>
               <TextLine ID="zone-line_IRHT_P_001206_1-6"
                         BASELINE=""
                         HPOS="97"
                         VPOS="508"
                         WIDTH="1176"
                         HEIGHT="81">
                  <Shape>
                     <Polygon POINTS="97,508 1273,508 1273,589 97,589"/>
                  </Shape>
                  <String CONTENT="isr̃l ex om̃ib iniqͥtatib ei᷒ explic̃ de psa"
                          HPOS="97"
                          VPOS="508"
                          WIDTH="1176"
                          HEIGHT="81"/>
               </TextLine>
               <TextLine ID="zone-line_IRHT_P_001206_1-7"
                         BASELINE=""
                         HPOS="105"
                         VPOS="592"
                         WIDTH="1159"
                         HEIGHT="78">
                  <Shape>
                     <Polygon POINTS="105,592 1264,592 1264,670 105,670"/>
                  </Shape>
                  <String CONTENT="mo centesimo vicesimo nono incipit"
                          HPOS="105"
                          VPOS="592"
                          WIDTH="1159"
                          HEIGHT="78"/>
               </TextLine>
               <TextLine ID="zone-line_IRHT_P_001206_1-8"
                         BASELINE=""
                         HPOS="103"
                         VPOS="669"
                         WIDTH="1166"
                         HEIGHT="81">
                  <Shape>
                     <Polygon POINTS="103,669 1269,669 1269,750 103,750"/>
                  </Shape>
                  <String CONTENT="de psalmo centesimo tricesimo"
                          HPOS="103"
                          VPOS="669"
                          WIDTH="1166"
                          HEIGHT="81"/>
               </TextLine>
               <TextLine ID="zone-line_IRHT_P_001206_1-9"
                         BASELINE=""
                         HPOS="120"
                         VPOS="759"
                         WIDTH="1152"
                         HEIGHT="75">
                  <Shape>
                     <Polygon POINTS="120,759 1272,759 1272,834 120,834"/>
                  </Shape>
                  <String CONTENT="in isto psalmo cõm̃dat᷑ nob̃ humilitas se"
                          HPOS="120"
                          VPOS="759"
                          WIDTH="1152"
                          HEIGHT="75"/>
               </TextLine>
               <TextLine ID="zone-line_IRHT_P_001206_1-10"
                         BASELINE=""
                         HPOS="122"
                         VPOS="835"
                         WIDTH="1143"
                         HEIGHT="79">
                  <Shape>
                     <Polygon POINTS="122,835 1265,835 1265,914 122,914"/>
                  </Shape>
                  <String CONTENT="ui d̃i &amp; fidelis cui᷒ uoce cantat᷑ q̃d ẽ uni"
                          HPOS="122"
                          VPOS="835"
                          WIDTH="1143"
                          HEIGHT="79"/>
               </TextLine>
               <TextLine ID="zone-line_IRHT_P_001206_1-11"
                         BASELINE=""
                         HPOS="112"
                         VPOS="922"
                         WIDTH="1148"
                         HEIGHT="74">
                  <Shape>
                     <Polygon POINTS="112,922 1260,922 1260,996 112,996"/>
                  </Shape>
                  <String CONTENT="uersũ corp᷒ xp̃i sepe enĩ admonuim᷒ cari"
                          HPOS="112"
                          VPOS="922"
                          WIDTH="1148"
                          HEIGHT="74"/>
               </TextLine>
               <TextLine ID="zone-line_IRHT_P_001206_1-12"
                         BASELINE=""
                         HPOS="118"
                         VPOS="1001"
                         WIDTH="1144"
                         HEIGHT="73">
                  <Shape>
                     <Polygon POINTS="118,1001 1262,1001 1262,1074 118,1074"/>
                  </Shape>
                  <String CONTENT="tatẽ ur̃am ñ qͣsi uni᷒ hominis cantantis u"
                          HPOS="118"
                          VPOS="1001"
                          WIDTH="1144"
                          HEIGHT="73"/>
               </TextLine>
               <TextLine ID="zone-line_IRHT_P_001206_1-13"
                         BASELINE=""
                         HPOS="114"
                         VPOS="1078"
                         WIDTH="1142"
                         HEIGHT="73">
                  <Shape>
                     <Polygon POINTS="114,1078 1256,1078 1256,1151 114,1151"/>
                  </Shape>
                  <String CONTENT="cẽ accipi debere sed om̃iũ qͥ s̃t in xp̃i cor"
                          HPOS="114"
                          VPOS="1078"
                          WIDTH="1142"
                          HEIGHT="73"/>
               </TextLine>
               <TextLine ID="zone-line_IRHT_P_001206_1-14"
                         BASELINE=""
                         HPOS="124"
                         VPOS="1155"
                         WIDTH="1144"
                         HEIGHT="80">
                  <Shape>
                     <Polygon POINTS="124,1155 1268,1155 1268,1235 124,1235"/>
                  </Shape>
                  <String CONTENT="pore et qͥa in illi᷒ corpore s̃t om̃s tãquã i"
                          HPOS="124"
                          VPOS="1155"
                          WIDTH="1144"
                          HEIGHT="80"/>
               </TextLine>
               <TextLine ID="zone-line_IRHT_P_001206_1-15"
                         BASELINE=""
                         HPOS="128"
                         VPOS="1239"
                         WIDTH="1144"
                         HEIGHT="80">
                  <Shape>
                     <Polygon POINTS="128,1239 1272,1239 1272,1319 128,1319"/>
                  </Shape>
                  <String CONTENT="homo loqͥt᷑ et ipse ẽ un᷒ qͥ &amp; multi s̃t m"
                          HPOS="128"
                          VPOS="1239"
                          WIDTH="1144"
                          HEIGHT="80"/>
               </TextLine>
               <TextLine ID="zone-line_IRHT_P_001206_1-16"
                         BASELINE=""
                         HPOS="112"
                         VPOS="1328"
                         WIDTH="1158"
                         HEIGHT="74">
                  <Shape>
                     <Polygon POINTS="112,1328 1270,1328 1270,1402 112,1402"/>
                  </Shape>
                  <String CONTENT="ti enĩ s̃t in seipsis un᷒ s̃t in illo qͥ un᷒ ẽ"
                          HPOS="112"
                          VPOS="1328"
                          WIDTH="1158"
                          HEIGHT="74"/>
               </TextLine>
               <TextLine ID="zone-line_IRHT_P_001206_1-17"
                         BASELINE=""
                         HPOS="124"
                         VPOS="1414"
                         WIDTH="1146"
                         HEIGHT="73">
                  <Shape>
                     <Polygon POINTS="124,1414 1270,1414 1270,1487 124,1487"/>
                  </Shape>
                  <String CONTENT="ipsũ ẽ etiã tẽplũ d̃i de qͦ apl̃s dicit tẽp"
                          HPOS="124"
                          VPOS="1414"
                          WIDTH="1146"
                          HEIGHT="73"/>
               </TextLine>
               <TextLine ID="zone-line_IRHT_P_001206_1-18"
                         BASELINE=""
                         HPOS="124"
                         VPOS="1494"
                         WIDTH="1140"
                         HEIGHT="75">
                  <Shape>
                     <Polygon POINTS="124,1494 1264,1494 1264,1569 124,1569"/>
                  </Shape>
                  <String CONTENT="enĩ d̃i sc̃m ẽ q̃d estis uos om̃s qͥ credd̃t in"
                          HPOS="124"
                          VPOS="1494"
                          WIDTH="1140"
                          HEIGHT="75"/>
               </TextLine>
               <TextLine ID="zone-line_IRHT_P_001206_1-19"
                         BASELINE=""
                         HPOS="131"
                         VPOS="1571"
                         WIDTH="1132"
                         HEIGHT="80">
                  <Shape>
                     <Polygon POINTS="131,1571 1263,1571 1263,1651 131,1651"/>
                  </Shape>
                  <String CONTENT="xp̃m &amp; sic cred̃t ut diligant hoc ẽ crede"
                          HPOS="131"
                          VPOS="1571"
                          WIDTH="1132"
                          HEIGHT="80"/>
               </TextLine>
               <TextLine ID="zone-line_IRHT_P_001206_1-20"
                         BASELINE=""
                         HPOS="82"
                         VPOS="1649"
                         WIDTH="1167"
                         HEIGHT="82">
                  <Shape>
                     <Polygon POINTS="82,1649 1249,1649 1249,1731 82,1731"/>
                  </Shape>
                  <String CONTENT="in xp̃m diligere xp̃m non qͦmͦ demones"
                          HPOS="82"
                          VPOS="1649"
                          WIDTH="1167"
                          HEIGHT="82"/>
               </TextLine>
            </TextBlock>
         </PrintSpace>
      </Page>
   </Layout>
</alto>
