<?xml version="1.0" encoding="UTF-8"?>
<alto xmlns="http://www.loc.gov/standards/alto/ns-v4#"
      xmlns:xsi="http://www.w3.org/2001/XMLSchema-instance"
      xmlns:tei="http://www.tei-c.org/ns/1.0"
      xsi:schemaLocation="http://www.loc.gov/standards/alto/ns-v4# ../schema/alto.xsd">
   <Description>
      <MeasurementUnit>pixel</MeasurementUnit>
      <sourceImageInformation>
         <fileName>IRHT_P_001144.tif</fileName>
      </sourceImageInformation>
   </Description>
   <Layout>
      <Page ID="zone-page_IRHT_P_001144"
            PHYSICAL_IMG_NR="0"
            WIDTH="1806"
            HEIGHT="1316">
         <PrintSpace HPOS="0" VPOS="0" WIDTH="1806" HEIGHT="1316">
            <TextBlock HPOS="225"
                       VPOS="35"
                       WIDTH="720"
                       HEIGHT="1250"
                       ID="zone-col_IRHT_P_001144_1">
               <Shape>
                  <Polygon POINTS="225,35 945,35 945,1285 225,1285"/>
               </Shape>
               <TextLine ID="zone-line_IRHT_P_001144_1-1"
                         BASELINE=""
                         HPOS="225"
                         VPOS="242"
                         WIDTH="653"
                         HEIGHT="63">
                  <Shape>
                     <Polygon POINTS="225,242 878,242 878,305 225,305"/>
                  </Shape>
                  <String CONTENT="tore &amp; loquutus"
                          HPOS="225"
                          VPOS="242"
                          WIDTH="653"
                          HEIGHT="63"/>
               </TextLine>
               <TextLine ID="zone-line_IRHT_P_001144_1-2"
                         BASELINE=""
                         HPOS="234"
                         VPOS="377"
                         WIDTH="689"
                         HEIGHT="60">
                  <Shape>
                     <Polygon POINTS="234,377 923,377 923,437 234,437"/>
                  </Shape>
                  <String CONTENT="ẽ eis multa in par"
                          HPOS="234"
                          VPOS="377"
                          WIDTH="689"
                          HEIGHT="60"/>
               </TextLine>
               <TextLine ID="zone-line_IRHT_P_001144_1-3"
                         BASELINE=""
                         HPOS="261"
                         VPOS="503"
                         WIDTH="505"
                         HEIGHT="71">
                  <Shape>
                     <Polygon POINTS="261,503 766,503 766,574 261,574"/>
                  </Shape>
                  <String CONTENT="abolis dicens"
                          HPOS="261"
                          VPOS="503"
                          WIDTH="505"
                          HEIGHT="71"/>
               </TextLine>
               <TextLine ID="zone-line_IRHT_P_001144_1-4"
                         BASELINE=""
                         HPOS="419"
                         VPOS="642"
                         WIDTH="285"
                         HEIGHT="56">
                  <Shape>
                     <Polygon POINTS="419,642 704,642 704,698 419,698"/>
                  </Shape>
                  <String CONTENT="exiit qui"
                          HPOS="419"
                          VPOS="642"
                          WIDTH="285"
                          HEIGHT="56"/>
               </TextLine>
               <TextLine ID="zone-line_IRHT_P_001144_1-5"
                         BASELINE=""
                         HPOS="437"
                         VPOS="779"
                         WIDTH="222"
                         HEIGHT="56">
                  <Shape>
                     <Polygon POINTS="437,779 659,779 659,835 437,835"/>
                  </Shape>
                  <String CONTENT="semin"
                          HPOS="437"
                          VPOS="779"
                          WIDTH="222"
                          HEIGHT="56"/>
               </TextLine>
               <TextLine ID="zone-line_IRHT_P_001144_1-6"
                         BASELINE=""
                         HPOS="232"
                         VPOS="918"
                         WIDTH="449"
                         HEIGHT="51">
                  <Shape>
                     <Polygon POINTS="232,918 681,918 681,969 232,969"/>
                  </Shape>
                  <String CONTENT="at seminare"
                          HPOS="232"
                          VPOS="918"
                          WIDTH="449"
                          HEIGHT="51"/>
               </TextLine>
               <TextLine ID="zone-line_IRHT_P_001144_1-7"
                         BASELINE=""
                         HPOS="247"
                         VPOS="1063"
                         WIDTH="457"
                         HEIGHT="59">
                  <Shape>
                     <Polygon POINTS="247,1063 704,1063 704,1122 247,1122"/>
                  </Shape>
                  <String CONTENT="semen suum"
                          HPOS="247"
                          VPOS="1063"
                          WIDTH="457"
                          HEIGHT="59"/>
               </TextLine>
               <TextLine ID="zone-line_IRHT_P_001144_1-8"
                         BASELINE=""
                         HPOS="232"
                         VPOS="1181"
                         WIDTH="463"
                         HEIGHT="53">
                  <Shape>
                     <Polygon POINTS="232,1181 695,1181 695,1234 232,1234"/>
                  </Shape>
                  <String CONTENT="et dum semi"
                          HPOS="232"
                          VPOS="1181"
                          WIDTH="463"
                          HEIGHT="53"/>
               </TextLine>
            </TextBlock>
            <TextBlock HPOS="732"
                       VPOS="35"
                       WIDTH="835"
                       HEIGHT="1253"
                       ID="zone-col_IRHT_P_001144_2">
               <Shape>
                  <Polygon POINTS="732,35 1567,35 1567,1288 732,1288"/>
               </Shape>
               <TextLine ID="zone-line_IRHT_P_001144_2-1"
                         BASELINE=""
                         HPOS="945"
                         VPOS="107"
                         WIDTH="465"
                         HEIGHT="52">
                  <Shape>
                     <Polygon POINTS="945,107 1410,107 1410,159 945,159"/>
                  </Shape>
                  <String CONTENT="minores  subditi ĩ"
                          HPOS="945"
                          VPOS="107"
                          WIDTH="465"
                          HEIGHT="52"/>
               </TextLine>
               <TextLine ID="zone-line_IRHT_P_001144_2-2"
                         BASELINE=""
                         HPOS="992"
                         VPOS="186"
                         WIDTH="418"
                         HEIGHT="49">
                  <Shape>
                     <Polygon POINTS="992,186 1410,186 1410,235 992,235"/>
                  </Shape>
                  <String CONTENT="eccl̃ia intelligunt᷑"
                          HPOS="992"
                          VPOS="186"
                          WIDTH="418"
                          HEIGHT="49"/>
               </TextLine>
               <TextLine ID="zone-line_IRHT_P_001144_2-3"
                         BASELINE=""
                         HPOS="998"
                         VPOS="251"
                         WIDTH="412"
                         HEIGHT="51">
                  <Shape>
                     <Polygon POINTS="998,251 1410,251 1410,302 998,302"/>
                  </Shape>
                  <String CONTENT="qui ñ ascendunt in"
                          HPOS="998"
                          VPOS="251"
                          WIDTH="412"
                          HEIGHT="51"/>
               </TextLine>
               <TextLine ID="zone-line_IRHT_P_001144_2-4"
                         BASELINE=""
                         HPOS="994"
                         VPOS="310"
                         WIDTH="461"
                         HEIGHT="60">
                  <Shape>
                     <Polygon POINTS="994,310 1455,310 1455,370 994,370"/>
                  </Shape>
                  <String CONTENT="nauim ñdum cele"
                          HPOS="994"
                          VPOS="310"
                          WIDTH="461"
                          HEIGHT="60"/>
               </TextLine>
               <TextLine ID="zone-line_IRHT_P_001144_2-5"
                         BASELINE=""
                         HPOS="990"
                         VPOS="382"
                         WIDTH="372"
                         HEIGHT="56">
                  <Shape>
                     <Polygon POINTS="990,382 1362,382 1362,438 990,438"/>
                  </Shape>
                  <String CONTENT="stib misteriis imbuti"
                          HPOS="990"
                          VPOS="382"
                          WIDTH="372"
                          HEIGHT="56"/>
               </TextLine>
               <TextLine ID="zone-line_IRHT_P_001144_2-6"
                         BASELINE=""
                         HPOS="982"
                         VPOS="455"
                         WIDTH="439"
                         HEIGHT="52">
                  <Shape>
                     <Polygon POINTS="982,455 1421,455 1421,507 982,507"/>
                  </Shape>
                  <String CONTENT="cum xp̃o in ꝑabolis"
                          HPOS="982"
                          VPOS="455"
                          WIDTH="439"
                          HEIGHT="52"/>
               </TextLine>
               <TextLine ID="zone-line_IRHT_P_001144_2-7"
                         BASELINE=""
                         HPOS="995"
                         VPOS="523"
                         WIDTH="431"
                         HEIGHT="52">
                  <Shape>
                     <Polygon POINTS="995,523 1426,523 1426,575 995,575"/>
                  </Shape>
                  <String CONTENT="lucas ꝑ similitudi"
                          HPOS="995"
                          VPOS="523"
                          WIDTH="431"
                          HEIGHT="52"/>
               </TextLine>
               <TextLine ID="zone-line_IRHT_P_001144_2-8"
                         BASELINE=""
                         HPOS="981"
                         VPOS="593"
                         WIDTH="458"
                         HEIGHT="49">
                  <Shape>
                     <Polygon POINTS="981,593 1439,593 1439,642 981,642"/>
                  </Shape>
                  <String CONTENT="nẽ q̃d idem ẽ marcus"
                          HPOS="981"
                          VPOS="593"
                          WIDTH="458"
                          HEIGHT="49"/>
               </TextLine>
               <TextLine ID="zone-line_IRHT_P_001144_2-9"
                         BASELINE=""
                         HPOS="732"
                         VPOS="656"
                         WIDTH="829"
                         HEIGHT="55">
                  <Shape>
                     <Polygon POINTS="732,656 1561,656 1561,711 732,711"/>
                  </Shape>
                  <String CONTENT="dicebat eis in doctrina sua cap̃ lxxii"
                          HPOS="732"
                          VPOS="656"
                          WIDTH="829"
                          HEIGHT="55"/>
               </TextLine>
               <TextLine ID="zone-line_IRHT_P_001144_2-10"
                         BASELINE=""
                         HPOS="788"
                         VPOS="728"
                         WIDTH="625"
                         HEIGHT="51">
                  <Shape>
                     <Polygon POINTS="788,728 1413,728 1413,779 788,779"/>
                  </Shape>
                  <String CONTENT="exiit qui discipl̃is loq̃bat᷑"
                          HPOS="788"
                          VPOS="728"
                          WIDTH="625"
                          HEIGHT="51"/>
               </TextLine>
               <TextLine ID="zone-line_IRHT_P_001144_2-11"
                         BASELINE=""
                         HPOS="775"
                         VPOS="795"
                         WIDTH="649"
                         HEIGHT="51">
                  <Shape>
                     <Polygon POINTS="775,795 1424,795 1424,846 775,846"/>
                  </Shape>
                  <String CONTENT="sacramenta exiit seminare ũ"
                          HPOS="775"
                          VPOS="795"
                          WIDTH="649"
                          HEIGHT="51"/>
               </TextLine>
               <TextLine ID="zone-line_IRHT_P_001144_2-12"
                         BASELINE=""
                         HPOS="752"
                         VPOS="864"
                         WIDTH="683"
                         HEIGHT="52">
                  <Shape>
                     <Polygon POINTS="752,864 1435,864 1435,916 752,916"/>
                  </Shape>
                  <String CONTENT="bum dei in turbas  parabolas"
                          HPOS="752"
                          VPOS="864"
                          WIDTH="683"
                          HEIGHT="52"/>
               </TextLine>
               <TextLine ID="zone-line_IRHT_P_001144_2-13"
                         BASELINE=""
                         HPOS="765"
                         VPOS="930"
                         WIDTH="654"
                         HEIGHT="53">
                  <Shape>
                     <Polygon POINTS="765,930 1419,930 1419,983 765,983"/>
                  </Shape>
                  <String CONTENT="ut iuxta uarias uoluntates s."
                          HPOS="765"
                          VPOS="930"
                          WIDTH="654"
                          HEIGHT="53"/>
               </TextLine>
               <TextLine ID="zone-line_IRHT_P_001144_2-14"
                         BASELINE=""
                         HPOS="765"
                         VPOS="999"
                         WIDTH="657"
                         HEIGHT="55">
                  <Shape>
                     <Polygon POINTS="765,999 1422,999 1422,1054 765,1054"/>
                  </Shape>
                  <String CONTENT=" sentencias suas diũsas reci"
                          HPOS="765"
                          VPOS="999"
                          WIDTH="657"
                          HEIGHT="55"/>
               </TextLine>
               <TextLine ID="zone-line_IRHT_P_001144_2-15"
                         BASELINE=""
                         HPOS="767"
                         VPOS="1076"
                         WIDTH="660"
                         HEIGHT="47">
                  <Shape>
                     <Polygon POINTS="767,1076 1427,1076 1427,1123 767,1123"/>
                  </Shape>
                  <String CONTENT="piant disciplinas s. ut uiden"
                          HPOS="767"
                          VPOS="1076"
                          WIDTH="660"
                          HEIGHT="47"/>
               </TextLine>
               <TextLine ID="zone-line_IRHT_P_001144_2-16"
                         BASELINE=""
                         HPOS="774"
                         VPOS="1133"
                         WIDTH="630"
                         HEIGHT="50">
                  <Shape>
                     <Polygon POINTS="774,1133 1404,1133 1404,1183 774,1183"/>
                  </Shape>
                  <String CONTENT="tes ñ uideant  c̃ nota "
                          HPOS="774"
                          VPOS="1133"
                          WIDTH="630"
                          HEIGHT="50"/>
               </TextLine>
               <TextLine ID="zone-line_IRHT_P_001144_2-17"
                         BASELINE=""
                         HPOS="738"
                         VPOS="1205"
                         WIDTH="689"
                         HEIGHT="45">
                  <Shape>
                     <Polygon POINTS="738,1205 1427,1205 1427,1250 738,1250"/>
                  </Shape>
                  <String CONTENT="triplex ẽ sem̃ sem̃ seminatum"
                          HPOS="738"
                          VPOS="1205"
                          WIDTH="689"
                          HEIGHT="45"/>
               </TextLine>
            </TextBlock>
         </PrintSpace>
      </Page>
   </Layout>
</alto>
