<?xml version="1.0" encoding="UTF-8"?>
<alto xmlns="http://www.loc.gov/standards/alto/ns-v4#"
      xmlns:xsi="http://www.w3.org/2001/XMLSchema-instance"
      xmlns:tei="http://www.tei-c.org/ns/1.0"
      xsi:schemaLocation="http://www.loc.gov/standards/alto/ns-v4# ../schema/alto.xsd">
   <Description>
      <MeasurementUnit>pixel</MeasurementUnit>
      <sourceImageInformation>
         <fileName>IRHT_P_007999.tif</fileName>
      </sourceImageInformation>
   </Description>
   <Layout>
      <Page ID="zone-page_IRHT_P_007999"
            PHYSICAL_IMG_NR="0"
            WIDTH="1777"
            HEIGHT="1300">
         <PrintSpace HPOS="0" VPOS="0" WIDTH="1777" HEIGHT="1300">
            <TextBlock HPOS="41"
                       VPOS="0"
                       WIDTH="1452"
                       HEIGHT="1277"
                       ID="zone-col_IRHT_P_007999_1">
               <Shape>
                  <Polygon POINTS="41,0 1493,0 1493,1277 41,1277"/>
               </Shape>
               <TextLine ID="zone-line_IRHT_P_007999_1-1"
                         BASELINE=""
                         HPOS="259"
                         VPOS="90"
                         WIDTH="1217"
                         HEIGHT="65">
                  <Shape>
                     <Polygon POINTS="259,90 1476,90 1476,155 259,155"/>
                  </Shape>
                  <String CONTENT="uenietis requiem animab uestris iugũ enĩ meũ suaue"
                          HPOS="259"
                          VPOS="90"
                          WIDTH="1217"
                          HEIGHT="65"/>
               </TextLine>
               <TextLine ID="zone-line_IRHT_P_007999_1-2"
                         BASELINE=""
                         HPOS="258"
                         VPOS="174"
                         WIDTH="1188"
                         HEIGHT="64">
                  <Shape>
                     <Polygon POINTS="258,174 1446,174 1446,238 258,238"/>
                  </Shape>
                  <String CONTENT="est et onus meum leue"
                          HPOS="258"
                          VPOS="174"
                          WIDTH="1188"
                          HEIGHT="64"/>
               </TextLine>
               <TextLine ID="zone-line_IRHT_P_007999_1-3"
                         BASELINE=""
                         HPOS="231"
                         VPOS="325"
                         WIDTH="1232"
                         HEIGHT="74">
                  <Shape>
                     <Polygon POINTS="231,325 1463,325 1463,399 231,399"/>
                  </Shape>
                  <String CONTENT="om̃ips̃ sempiterne deus adesto magne pietatis"
                          HPOS="231"
                          VPOS="325"
                          WIDTH="1232"
                          HEIGHT="74"/>
               </TextLine>
               <TextLine ID="zone-line_IRHT_P_007999_1-4"
                         BASELINE=""
                         HPOS="186"
                         VPOS="407"
                         WIDTH="1285"
                         HEIGHT="73">
                  <Shape>
                     <Polygon POINTS="186,407 1471,407 1471,480 186,480"/>
                  </Shape>
                  <String CONTENT="tue misteriis adesto sacramentiis et ad creandos"
                          HPOS="186"
                          VPOS="407"
                          WIDTH="1285"
                          HEIGHT="73"/>
               </TextLine>
               <TextLine ID="zone-line_IRHT_P_007999_1-5"
                         BASELINE=""
                         HPOS="254"
                         VPOS="489"
                         WIDTH="1233"
                         HEIGHT="67">
                  <Shape>
                     <Polygon POINTS="254,489 1487,489 1487,556 254,556"/>
                  </Shape>
                  <String CONTENT="nouos popl̃os quos tibi fons baptismacis partu"
                          HPOS="254"
                          VPOS="489"
                          WIDTH="1233"
                          HEIGHT="67"/>
               </TextLine>
               <TextLine ID="zone-line_IRHT_P_007999_1-6"
                         BASELINE=""
                         HPOS="264"
                         VPOS="573"
                         WIDTH="1226"
                         HEIGHT="71">
                  <Shape>
                     <Polygon POINTS="264,573 1490,573 1490,644 264,644"/>
                  </Shape>
                  <String CONTENT="rit sp̃m adoptionis emitte ut quod nostre humi"
                          HPOS="264"
                          VPOS="573"
                          WIDTH="1226"
                          HEIGHT="71"/>
               </TextLine>
               <TextLine ID="zone-line_IRHT_P_007999_1-7"
                         BASELINE=""
                         HPOS="247"
                         VPOS="649"
                         WIDTH="1218"
                         HEIGHT="72">
                  <Shape>
                     <Polygon POINTS="247,649 1465,649 1465,721 247,721"/>
                  </Shape>
                  <String CONTENT="litatis genrendum ẽ misterio tue uirtutis inplea"
                          HPOS="247"
                          VPOS="649"
                          WIDTH="1218"
                          HEIGHT="72"/>
               </TextLine>
               <TextLine ID="zone-line_IRHT_P_007999_1-8"
                         BASELINE=""
                         HPOS="252"
                         VPOS="733"
                         WIDTH="1183"
                         HEIGHT="71">
                  <Shape>
                     <Polygon POINTS="252,733 1435,733 1435,804 252,804"/>
                  </Shape>
                  <String CONTENT="tur effectu per dominũ dñs uobiscum et"
                          HPOS="252"
                          VPOS="733"
                          WIDTH="1183"
                          HEIGHT="71"/>
               </TextLine>
               <TextLine ID="zone-line_IRHT_P_007999_1-9"
                         BASELINE=""
                         HPOS="243"
                         VPOS="813"
                         WIDTH="1250"
                         HEIGHT="73">
                  <Shape>
                     <Polygon POINTS="243,813 1493,813 1493,886 243,886"/>
                  </Shape>
                  <String CONTENT="cũ sp̃u tuo sursum corda habemus ad domi"
                          HPOS="243"
                          VPOS="813"
                          WIDTH="1250"
                          HEIGHT="73"/>
               </TextLine>
               <TextLine ID="zone-line_IRHT_P_007999_1-10"
                         BASELINE=""
                         HPOS="256"
                         VPOS="894"
                         WIDTH="1223"
                         HEIGHT="67">
                  <Shape>
                     <Polygon POINTS="256,894 1479,894 1479,961 256,961"/>
                  </Shape>
                  <String CONTENT="nũ gr̃as agamus domino deo nostro dignũ"
                          HPOS="256"
                          VPOS="894"
                          WIDTH="1223"
                          HEIGHT="67"/>
               </TextLine>
               <TextLine ID="zone-line_IRHT_P_007999_1-11"
                         BASELINE=""
                         HPOS="237"
                         VPOS="972"
                         WIDTH="1093"
                         HEIGHT="54">
                  <Shape>
                     <Polygon POINTS="237,972 1330,972 1330,1026 237,1026"/>
                  </Shape>
                  <String CONTENT="et iustum est prefatio"
                          HPOS="237"
                          VPOS="972"
                          WIDTH="1093"
                          HEIGHT="54"/>
               </TextLine>
               <TextLine ID="zone-line_IRHT_P_007999_1-12"
                         BASELINE=""
                         HPOS="232"
                         VPOS="1052"
                         WIDTH="1241"
                         HEIGHT="69">
                  <Shape>
                     <Polygon POINTS="232,1052 1473,1052 1473,1121 232,1121"/>
                  </Shape>
                  <String CONTENT="uere dignũ &amp; iustũ est equũ &amp; salutare no"
                          HPOS="232"
                          VPOS="1052"
                          WIDTH="1241"
                          HEIGHT="69"/>
               </TextLine>
               <TextLine ID="zone-line_IRHT_P_007999_1-13"
                         BASELINE=""
                         HPOS="301"
                         VPOS="1129"
                         WIDTH="1144"
                         HEIGHT="68">
                  <Shape>
                     <Polygon POINTS="301,1129 1445,1129 1445,1197 301,1197"/>
                  </Shape>
                  <String CONTENT="tibi semꝑ &amp; ubiq gr̃as agere dñe sc̃e pater"
                          HPOS="301"
                          VPOS="1129"
                          WIDTH="1144"
                          HEIGHT="68"/>
               </TextLine>
               <TextLine ID="zone-line_IRHT_P_007999_1-14"
                         BASELINE=""
                         HPOS="262"
                         VPOS="1197"
                         WIDTH="1187"
                         HEIGHT="80">
                  <Shape>
                     <Polygon POINTS="262,1197 1449,1197 1449,1277 262,1277"/>
                  </Shape>
                  <String CONTENT="omnipotens et̃ne d̃s qui inuisibili potentia sa"
                          HPOS="262"
                          VPOS="1197"
                          WIDTH="1187"
                          HEIGHT="80"/>
               </TextLine>
            </TextBlock>
         </PrintSpace>
      </Page>
   </Layout>
</alto>
