<?xml version="1.0" encoding="UTF-8"?>
<alto xmlns="http://www.loc.gov/standards/alto/ns-v4#"
      xmlns:xsi="http://www.w3.org/2001/XMLSchema-instance"
      xmlns:tei="http://www.tei-c.org/ns/1.0"
      xsi:schemaLocation="http://www.loc.gov/standards/alto/ns-v4# ../schema/alto.xsd">
   <Description>
      <MeasurementUnit>pixel</MeasurementUnit>
      <sourceImageInformation>
         <fileName>IRHT_P_008727.tif</fileName>
      </sourceImageInformation>
   </Description>
   <Layout>
      <Page ID="zone-page_IRHT_P_008727"
            PHYSICAL_IMG_NR="0"
            WIDTH="1763"
            HEIGHT="1178">
         <PrintSpace HPOS="0" VPOS="0" WIDTH="1763" HEIGHT="1178">
            <TextBlock HPOS="38"
                       VPOS="0"
                       WIDTH="1188"
                       HEIGHT="1107"
                       ID="zone-col_IRHT_P_008727_1">
               <Shape>
                  <Polygon POINTS="38,0 1226,0 1226,1107 38,1107"/>
               </Shape>
               <TextLine ID="zone-line_IRHT_P_008727_1-1"
                         BASELINE=""
                         HPOS="134"
                         VPOS="53"
                         WIDTH="999"
                         HEIGHT="45">
                  <Shape>
                     <Polygon POINTS="134,53 1133,53 1133,98 134,98"/>
                  </Shape>
                  <String CONTENT="mentis iudicans &amp; uulnerabili pa"
                          HPOS="134"
                          VPOS="53"
                          WIDTH="999"
                          HEIGHT="45"/>
               </TextLine>
               <TextLine ID="zone-line_IRHT_P_008727_1-2"
                         BASELINE=""
                         HPOS="134"
                         VPOS="122"
                         WIDTH="1004"
                         HEIGHT="89">
                  <Shape>
                     <Polygon POINTS="134,122 1138,122 1138,211 134,211"/>
                  </Shape>
                  <String CONTENT="ternę consolationis adhibens me"
                          HPOS="134"
                          VPOS="122"
                          WIDTH="1004"
                          HEIGHT="89"/>
               </TextLine>
               <TextLine ID="zone-line_IRHT_P_008727_1-3"
                         BASELINE=""
                         HPOS="136"
                         VPOS="221"
                         WIDTH="980"
                         HEIGHT="75">
                  <Shape>
                     <Polygon POINTS="136,221 1116,221 1116,296 136,296"/>
                  </Shape>
                  <String CONTENT="dicinam sic ille reuersus ad se"
                          HPOS="136"
                          VPOS="221"
                          WIDTH="980"
                          HEIGHT="75"/>
               </TextLine>
               <TextLine ID="zone-line_IRHT_P_008727_1-4"
                         BASELINE=""
                         HPOS="131"
                         VPOS="315"
                         WIDTH="1001"
                         HEIGHT="72">
                  <Shape>
                     <Polygon POINTS="131,315 1132,315 1132,387 131,387"/>
                  </Shape>
                  <String CONTENT="susceptionem quam dilatam do"
                          HPOS="131"
                          VPOS="315"
                          WIDTH="1001"
                          HEIGHT="72"/>
               </TextLine>
               <TextLine ID="zone-line_IRHT_P_008727_1-5"
                         BASELINE=""
                         HPOS="138"
                         VPOS="394"
                         WIDTH="760"
                         HEIGHT="78">
                  <Shape>
                     <Polygon POINTS="138,394 898,394 898,472 138,472"/>
                  </Shape>
                  <String CONTENT="luit pacient̃ expectauit"
                          HPOS="138"
                          VPOS="394"
                          WIDTH="760"
                          HEIGHT="78"/>
               </TextLine>
               <TextLine ID="zone-line_IRHT_P_008727_1-6"
                         BASELINE=""
                         HPOS="360"
                         VPOS="483"
                         WIDTH="794"
                         HEIGHT="70">
                  <Shape>
                     <Polygon POINTS="360,483 1154,483 1154,553 360,553"/>
                  </Shape>
                  <String CONTENT="mortem quoq willelmi iunio"
                          HPOS="360"
                          VPOS="483"
                          WIDTH="794"
                          HEIGHT="70"/>
               </TextLine>
               <TextLine ID="zone-line_IRHT_P_008727_1-7"
                         BASELINE=""
                         HPOS="376"
                         VPOS="572"
                         WIDTH="744"
                         HEIGHT="75">
                  <Shape>
                     <Polygon POINTS="376,572 1120,572 1120,647 376,647"/>
                  </Shape>
                  <String CONTENT="ris qui magno ac trium"
                          HPOS="376"
                          VPOS="572"
                          WIDTH="744"
                          HEIGHT="75"/>
               </TextLine>
               <TextLine ID="zone-line_IRHT_P_008727_1-8"
                         BASELINE=""
                         HPOS="375"
                         VPOS="658"
                         WIDTH="797"
                         HEIGHT="73">
                  <Shape>
                     <Polygon POINTS="375,658 1172,658 1172,731 375,731"/>
                  </Shape>
                  <String CONTENT="phatori anglorũ willelmo"
                          HPOS="375"
                          VPOS="658"
                          WIDTH="797"
                          HEIGHT="73"/>
               </TextLine>
               <TextLine ID="zone-line_IRHT_P_008727_1-9"
                         BASELINE=""
                         HPOS="146"
                         VPOS="752"
                         WIDTH="1010"
                         HEIGHT="64">
                  <Shape>
                     <Polygon POINTS="146,752 1156,752 1156,816 146,816"/>
                  </Shape>
                  <String CONTENT="patri suo successerat euidenti ua"
                          HPOS="146"
                          VPOS="752"
                          WIDTH="1010"
                          HEIGHT="64"/>
               </TextLine>
               <TextLine ID="zone-line_IRHT_P_008727_1-10"
                         BASELINE=""
                         HPOS="142"
                         VPOS="839"
                         WIDTH="1038"
                         HEIGHT="79">
                  <Shape>
                     <Polygon POINTS="142,839 1180,839 1180,918 142,918"/>
                  </Shape>
                  <String CONTENT="ticinio indicauit erat ille d̃i ser"
                          HPOS="142"
                          VPOS="839"
                          WIDTH="1038"
                          HEIGHT="79"/>
               </TextLine>
               <TextLine ID="zone-line_IRHT_P_008727_1-11"
                         BASELINE=""
                         HPOS="143"
                         VPOS="934"
                         WIDTH="977"
                         HEIGHT="72">
                  <Shape>
                     <Polygon POINTS="143,934 1120,934 1120,1006 143,1006"/>
                  </Shape>
                  <String CONTENT="uus" HPOS="143" VPOS="934" WIDTH="977" HEIGHT="72"/>
               </TextLine>
               <TextLine ID="zone-line_IRHT_P_008727_1-12"
                         BASELINE=""
                         HPOS="152"
                         VPOS="1029"
                         WIDTH="1066"
                         HEIGHT="78">
                  <Shape>
                     <Polygon POINTS="152,1029 1218,1029 1218,1107 152,1107"/>
                  </Shape>
                  <String CONTENT="gl̃ose opinionis anselm᷒ cantu"
                          HPOS="152"
                          VPOS="1029"
                          WIDTH="1066"
                          HEIGHT="78"/>
               </TextLine>
            </TextBlock>
            <TextBlock HPOS="1226"
                       VPOS="0"
                       WIDTH="534"
                       HEIGHT="1107"
                       ID="zone-col_IRHT_P_008727_2">
               <Shape>
                  <Polygon POINTS="1226,0 1760,0 1760,1107 1226,1107"/>
               </Shape>
               <TextLine ID="zone-line_IRHT_P_008727_2-1"
                         BASELINE=""
                         HPOS="1245"
                         VPOS="46"
                         WIDTH="509"
                         HEIGHT="41">
                  <Shape>
                     <Polygon POINTS="1245,46 1754,46 1754,87 1245,87"/>
                  </Shape>
                  <String CONTENT="ꝓmisit fuerat"
                          HPOS="1245"
                          VPOS="46"
                          WIDTH="509"
                          HEIGHT="41"/>
               </TextLine>
               <TextLine ID="zone-line_IRHT_P_008727_2-2"
                         BASELINE=""
                         HPOS="1241"
                         VPOS="121"
                         WIDTH="511"
                         HEIGHT="65">
                  <Shape>
                     <Polygon POINTS="1241,121 1752,121 1752,186 1241,186"/>
                  </Shape>
                  <String CONTENT="prescriptus siqui"
                          HPOS="1241"
                          VPOS="121"
                          WIDTH="511"
                          HEIGHT="65"/>
               </TextLine>
               <TextLine ID="zone-line_IRHT_P_008727_2-3"
                         BASELINE=""
                         HPOS="1270"
                         VPOS="216"
                         WIDTH="481"
                         HEIGHT="66">
                  <Shape>
                     <Polygon POINTS="1270,216 1751,216 1751,282 1270,282"/>
                  </Shape>
                  <String CONTENT="nationis insister"
                          HPOS="1270"
                          VPOS="216"
                          WIDTH="481"
                          HEIGHT="66"/>
               </TextLine>
               <TextLine ID="zone-line_IRHT_P_008727_2-4"
                         BASELINE=""
                         HPOS="1268"
                         VPOS="310"
                         WIDTH="491"
                         HEIGHT="61">
                  <Shape>
                     <Polygon POINTS="1268,310 1759,310 1759,371 1268,371"/>
                  </Shape>
                  <String CONTENT="cui᷒dã militis in"
                          HPOS="1268"
                          VPOS="310"
                          WIDTH="491"
                          HEIGHT="61"/>
               </TextLine>
               <TextLine ID="zone-line_IRHT_P_008727_2-5"
                         BASELINE=""
                         HPOS="1273"
                         VPOS="392"
                         WIDTH="470"
                         HEIGHT="60">
                  <Shape>
                     <Polygon POINTS="1273,392 1743,392 1743,452 1273,452"/>
                  </Shape>
                  <String CONTENT="statimq subita"
                          HPOS="1273"
                          VPOS="392"
                          WIDTH="470"
                          HEIGHT="60"/>
               </TextLine>
               <TextLine ID="zone-line_IRHT_P_008727_2-6"
                         BASELINE=""
                         HPOS="1274"
                         VPOS="473"
                         WIDTH="485"
                         HEIGHT="68">
                  <Shape>
                     <Polygon POINTS="1274,473 1759,473 1759,541 1274,541"/>
                  </Shape>
                  <String CONTENT="expirauit sic i"
                          HPOS="1274"
                          VPOS="473"
                          WIDTH="485"
                          HEIGHT="68"/>
               </TextLine>
               <TextLine ID="zone-line_IRHT_P_008727_2-7"
                         BASELINE=""
                         HPOS="1280"
                         VPOS="565"
                         WIDTH="480"
                         HEIGHT="71">
                  <Shape>
                     <Polygon POINTS="1280,565 1760,565 1760,636 1280,636"/>
                  </Shape>
                  <String CONTENT="terminata et a"
                          HPOS="1280"
                          VPOS="565"
                          WIDTH="480"
                          HEIGHT="71"/>
               </TextLine>
               <TextLine ID="zone-line_IRHT_P_008727_2-8"
                         BASELINE=""
                         HPOS="1274"
                         VPOS="653"
                         WIDTH="486"
                         HEIGHT="69">
                  <Shape>
                     <Polygon POINTS="1274,653 1760,653 1760,722 1274,722"/>
                  </Shape>
                  <String CONTENT="claruit &amp; cant"
                          HPOS="1274"
                          VPOS="653"
                          WIDTH="486"
                          HEIGHT="69"/>
               </TextLine>
               <TextLine ID="zone-line_IRHT_P_008727_2-9"
                         BASELINE=""
                         HPOS="1278"
                         VPOS="734"
                         WIDTH="477"
                         HEIGHT="71">
                  <Shape>
                     <Polygon POINTS="1278,734 1755,734 1755,805 1278,805"/>
                  </Shape>
                  <String CONTENT="qui ꝑsequenti s"
                          HPOS="1278"
                          VPOS="734"
                          WIDTH="477"
                          HEIGHT="71"/>
               </TextLine>
               <TextLine ID="zone-line_IRHT_P_008727_2-10"
                         BASELINE=""
                         HPOS="1285"
                         VPOS="833"
                         WIDTH="473"
                         HEIGHT="66">
                  <Shape>
                     <Polygon POINTS="1285,833 1758,833 1758,899 1285,899"/>
                  </Shape>
                  <String CONTENT="redeundi facul"
                          HPOS="1285"
                          VPOS="833"
                          WIDTH="473"
                          HEIGHT="66"/>
               </TextLine>
               <TextLine ID="zone-line_IRHT_P_008727_2-11"
                         BASELINE=""
                         HPOS="1264"
                         VPOS="922"
                         WIDTH="202"
                         HEIGHT="66">
                  <Shape>
                     <Polygon POINTS="1264,922 1466,922 1466,988 1264,988"/>
                  </Shape>
                  <String CONTENT="cessit"
                          HPOS="1264"
                          VPOS="922"
                          WIDTH="202"
                          HEIGHT="66"/>
               </TextLine>
               <TextLine ID="zone-line_IRHT_P_008727_2-12"
                         BASELINE=""
                         HPOS="1313"
                         VPOS="1025"
                         WIDTH="447"
                         HEIGHT="65">
                  <Shape>
                     <Polygon POINTS="1313,1025 1760,1025 1760,1090 1313,1090"/>
                  </Shape>
                  <String CONTENT="idem d̃i seruus"
                          HPOS="1313"
                          VPOS="1025"
                          WIDTH="447"
                          HEIGHT="65"/>
               </TextLine>
            </TextBlock>
         </PrintSpace>
      </Page>
   </Layout>
</alto>
