<?xml version="1.0" encoding="UTF-8"?>
<alto xmlns="http://www.loc.gov/standards/alto/ns-v4#"
      xmlns:xsi="http://www.w3.org/2001/XMLSchema-instance"
      xmlns:tei="http://www.tei-c.org/ns/1.0"
      xsi:schemaLocation="http://www.loc.gov/standards/alto/ns-v4# ../schema/alto.xsd">
   <Description>
      <MeasurementUnit>pixel</MeasurementUnit>
      <sourceImageInformation>
         <fileName>IRHT_P_005038.tif</fileName>
      </sourceImageInformation>
   </Description>
   <Layout>
      <Page ID="zone-page_IRHT_P_005038"
            PHYSICAL_IMG_NR="0"
            WIDTH="1446"
            HEIGHT="1962">
         <PrintSpace HPOS="0" VPOS="0" WIDTH="1446" HEIGHT="1962">
            <TextBlock HPOS="81"
                       VPOS="97"
                       WIDTH="1221"
                       HEIGHT="1776"
                       ID="zone-col_IRHT_P_005038_1">
               <Shape>
                  <Polygon POINTS="81,97 1302,97 1302,1873 81,1873"/>
               </Shape>
               <TextLine ID="zone-line_IRHT_P_005038_1-1"
                         BASELINE=""
                         HPOS="105"
                         VPOS="97"
                         WIDTH="1166"
                         HEIGHT="54">
                  <Shape>
                     <Polygon POINTS="105,97 1271,97 1271,151 105,151"/>
                  </Shape>
                  <String CONTENT="qua ·h· lib̃tate p᷒s̃t alios corriꝑe dũ tacite sibi r̃ndent se ead̃"
                          HPOS="105"
                          VPOS="97"
                          WIDTH="1166"
                          HEIGHT="54"/>
               </TextLine>
               <TextLine ID="zone-line_IRHT_P_005038_1-2"
                         BASELINE=""
                         HPOS="93"
                         VPOS="155"
                         WIDTH="1182"
                         HEIGHT="58">
                  <Shape>
                     <Polygon POINTS="93,155 1275,155 1275,213 93,213"/>
                  </Shape>
                  <String CONTENT="corrigũt ꝯmissise qm̃ ñ pͭ hortator eẽ uiduitatis qͥ ꝯiugia f"
                          HPOS="93"
                          VPOS="155"
                          WIDTH="1182"
                          HEIGHT="58"/>
               </TextLine>
               <TextLine ID="zone-line_IRHT_P_005038_1-3"
                         BASELINE=""
                         HPOS="89"
                         VPOS="209"
                         WIDTH="1182"
                         HEIGHT="61">
                  <Shape>
                     <Polygon POINTS="89,209 1271,209 1271,270 89,270"/>
                  </Shape>
                  <String CONTENT="taũit in euãg̃ qͦ ꝓbat᷑ eũ qͥ tͣbẽ gestat ĩ ocl̃o suo ñ p᷒se fes"
                          HPOS="89"
                          VPOS="209"
                          WIDTH="1182"
                          HEIGHT="61"/>
               </TextLine>
               <TextLine ID="zone-line_IRHT_P_005038_1-4"
                         BASELINE=""
                         HPOS="91"
                         VPOS="266"
                         WIDTH="1180"
                         HEIGHT="69">
                  <Shape>
                     <Polygon POINTS="91,266 1271,266 1271,335 91,335"/>
                  </Shape>
                  <String CONTENT="educ̃ de ocl̃o fr̃is sui it̃ d̃d pcc̃ori ã dixͭ de᷒ qr̃ tu enar. i᷒ticias"
                          HPOS="91"
                          VPOS="266"
                          WIDTH="1180"
                          HEIGHT="69"/>
               </TextLine>
               <TextLine ID="zone-line_IRHT_P_005038_1-5"
                         BASELINE=""
                         HPOS="81"
                         VPOS="315"
                         WIDTH="1196"
                         HEIGHT="77">
                  <Shape>
                     <Polygon POINTS="81,315 1277,315 1277,392 81,392"/>
                  </Shape>
                  <String CONTENT="et assũis test̃ͫ m. ꝑ os tuũ et ẜ gg̃ͫ c᷒ uita despic᷑ ꝯ re stat ut"
                          HPOS="81"
                          VPOS="315"
                          WIDTH="1196"
                          HEIGHT="77"/>
               </TextLine>
               <TextLine ID="zone-line_IRHT_P_005038_1-6"
                         BASELINE=""
                         HPOS="92"
                         VPOS="383"
                         WIDTH="1181"
                         HEIGHT="71">
                  <Shape>
                     <Polygon POINTS="92,383 1273,383 1273,454 92,454"/>
                  </Shape>
                  <String CONTENT="dicatõ ꝯdẽpnet᷑ hĩc ẽ eĩ ꝙ ysaias a dño ad dicand̃ mittend᷒ pͥ᷒ ab"
                          HPOS="92"
                          VPOS="383"
                          WIDTH="1181"
                          HEIGHT="71"/>
               </TextLine>
               <TextLine ID="zone-line_IRHT_P_005038_1-7"
                         BASELINE=""
                         HPOS="93"
                         VPOS="452"
                         WIDTH="1190"
                         HEIGHT="65">
                  <Shape>
                     <Polygon POINTS="93,452 1283,452 1283,517 93,517"/>
                  </Shape>
                  <String CONTENT="tate mũda᷑ et os e᷒ calcl̃o tãgi᷑ qͥ forcipe tolli᷑ de altari pri᷒ gͥ deb"
                          HPOS="93"
                          VPOS="452"
                          WIDTH="1190"
                          HEIGHT="65"/>
               </TextLine>
               <TextLine ID="zone-line_IRHT_P_005038_1-8"
                         BASELINE=""
                         HPOS="101"
                         VPOS="516"
                         WIDTH="1174"
                         HEIGHT="68">
                  <Shape>
                     <Polygon POINTS="101,516 1275,516 1275,584 101,584"/>
                  </Shape>
                  <String CONTENT="sac̃dotes errata sua corrig̃e  p᷒moͫ ad aliena diluenda festĩar"
                          HPOS="101"
                          VPOS="516"
                          WIDTH="1174"
                          HEIGHT="68"/>
               </TextLine>
               <TextLine ID="zone-line_IRHT_P_005038_1-9"
                         BASELINE=""
                         HPOS="99"
                         VPOS="576"
                         WIDTH="1176"
                         HEIGHT="67">
                  <Shape>
                     <Polygon POINTS="99,576 1275,576 1275,643 99,643"/>
                  </Shape>
                  <String CONTENT="nã  gall᷒ pͥ᷒ se ipͫ alaꝝ ũb̃e corripit  deiñ ad horas cinendas"
                          HPOS="99"
                          VPOS="576"
                          WIDTH="1176"
                          HEIGHT="67"/>
               </TextLine>
               <TextLine ID="zone-line_IRHT_P_005038_1-10"
                         BASELINE=""
                         HPOS="90"
                         VPOS="640"
                         WIDTH="1197"
                         HEIGHT="64">
                  <Shape>
                     <Polygon POINTS="90,640 1287,640 1287,704 90,704"/>
                  </Shape>
                  <String CONTENT="cedit sac̃dotes  ·h· pler̃ exem sue passiõis accendũt qͦs s̃uit"
                          HPOS="90"
                          VPOS="640"
                          WIDTH="1197"
                          HEIGHT="64"/>
               </TextLine>
               <TextLine ID="zone-line_IRHT_P_005038_1-11"
                         BASELINE=""
                         HPOS="89"
                         VPOS="713"
                         WIDTH="1193"
                         HEIGHT="53">
                  <Shape>
                     <Polygon POINTS="89,713 1282,713 1282,766 89,766"/>
                  </Shape>
                  <String CONTENT="doctͥne diuti᷒ ꝯfͬmare ñ p᷒s̃t et uita disciplinis ñ erudita exẽp"
                          HPOS="89"
                          VPOS="713"
                          WIDTH="1193"
                          HEIGHT="53"/>
               </TextLine>
               <TextLine ID="zone-line_IRHT_P_005038_1-12"
                         BASELINE=""
                         HPOS="93"
                         VPOS="781"
                         WIDTH="1186"
                         HEIGHT="48">
                  <Shape>
                     <Polygon POINTS="93,781 1279,781 1279,829 93,829"/>
                  </Shape>
                  <String CONTENT="religiõis de se pr̃are nescͭ q̃ ĩ se ip̃a exꝑimẽto ñ didicͭ ut g"
                          HPOS="93"
                          VPOS="781"
                          WIDTH="1186"
                          HEIGHT="48"/>
               </TextLine>
               <TextLine ID="zone-line_IRHT_P_005038_1-13"
                         BASELINE=""
                         HPOS="90"
                         VPOS="842"
                         WIDTH="1185"
                         HEIGHT="56">
                  <Shape>
                     <Polygon POINTS="90,842 1275,842 1275,898 90,898"/>
                  </Shape>
                  <String CONTENT="uita  ꝯũsaͦ ur̃a irrehẽsibl̃is appareat  cet͛is luceat ꝑ"
                          HPOS="90"
                          VPOS="842"
                          WIDTH="1185"
                          HEIGHT="56"/>
               </TextLine>
               <TextLine ID="zone-line_IRHT_P_005038_1-14"
                         BASELINE=""
                         HPOS="104"
                         VPOS="907"
                         WIDTH="1177"
                         HEIGHT="53">
                  <Shape>
                     <Polygon POINTS="104,907 1281,907 1281,960 104,960"/>
                  </Shape>
                  <String CONTENT="plũ expedit u sit iuxͣ eccͣm cella ur̃a nl̃lus ur̃m arma l̃ gla"
                          HPOS="104"
                          VPOS="907"
                          WIDTH="1177"
                          HEIGHT="53"/>
               </TextLine>
               <TextLine ID="zone-line_IRHT_P_005038_1-15"
                         BASELINE=""
                         HPOS="105"
                         VPOS="975"
                         WIDTH="1178"
                         HEIGHT="44">
                  <Shape>
                     <Polygon POINTS="105,975 1283,975 1283,1019 105,1019"/>
                  </Shape>
                  <String CONTENT="ad feriend̃ ferat nͥ forte tpr̃ guerre l̃ ex ꝓbabl̃i c̃a timor"
                          HPOS="105"
                          VPOS="975"
                          WIDTH="1178"
                          HEIGHT="44"/>
               </TextLine>
               <TextLine ID="zone-line_IRHT_P_005038_1-16"
                         BASELINE=""
                         HPOS="101"
                         VPOS="1034"
                         WIDTH="1180"
                         HEIGHT="36">
                  <Shape>
                     <Polygon POINTS="101,1034 1281,1034 1281,1070 101,1070"/>
                  </Shape>
                  <String CONTENT="nl̃l᷒ comã nutͥat ne barbã et un᷒qͥs coronã  tõsurã h"
                          HPOS="101"
                          VPOS="1034"
                          WIDTH="1180"
                          HEIGHT="36"/>
               </TextLine>
               <TextLine ID="zone-line_IRHT_P_005038_1-17"
                         BASELINE=""
                         HPOS="106"
                         VPOS="1092"
                         WIDTH="1178"
                         HEIGHT="38">
                  <Shape>
                     <Polygon POINTS="106,1092 1284,1092 1284,1130 106,1130"/>
                  </Shape>
                  <String CONTENT="ꝯgͧentes quas ̃ ꝯiugati ñ bigami pͥuilegio cl̃icali guaud̃e"
                          HPOS="106"
                          VPOS="1092"
                          WIDTH="1178"
                          HEIGHT="38"/>
               </TextLine>
               <TextLine ID="zone-line_IRHT_P_005038_1-18"
                         BASELINE=""
                         HPOS="112"
                         VPOS="1158"
                         WIDTH="1174"
                         HEIGHT="41">
                  <Shape>
                     <Polygon POINTS="112,1158 1286,1158 1286,1199 112,1199"/>
                  </Shape>
                  <String CONTENT="tes publice portent nl̃lus aut canũ aut auiũ iocis ĩs͛uiat nl̃lu"
                          HPOS="112"
                          VPOS="1158"
                          WIDTH="1174"
                          HEIGHT="41"/>
               </TextLine>
               <TextLine ID="zone-line_IRHT_P_005038_1-19"
                         BASELINE=""
                         HPOS="98"
                         VPOS="1220"
                         WIDTH="1193"
                         HEIGHT="36">
                  <Shape>
                     <Polygon POINTS="98,1220 1291,1220 1291,1256 98,1256"/>
                  </Shape>
                  <String CONTENT="tatib crapulis .i. gulositatibus litib scurrilitatib᷒ ꝑcussiõib᷒ et blasfemiis u"
                          HPOS="98"
                          VPOS="1220"
                          WIDTH="1193"
                          HEIGHT="36"/>
               </TextLine>
               <TextLine ID="zone-line_IRHT_P_005038_1-20"
                         BASELINE=""
                         HPOS="90"
                         VPOS="1276"
                         WIDTH="1196"
                         HEIGHT="42">
                  <Shape>
                     <Polygon POINTS="90,1276 1286,1276 1286,1318 90,1318"/>
                  </Shape>
                  <String CONTENT="null᷒ spͨtacl̃is aliqͥb q̃ aut ĩ nuptiis aut ĩ cenis fũit exh"
                          HPOS="90"
                          VPOS="1276"
                          WIDTH="1196"
                          HEIGHT="42"/>
               </TextLine>
               <TextLine ID="zone-line_IRHT_P_005038_1-21"
                         BASELINE=""
                         HPOS="98"
                         VPOS="1334"
                         WIDTH="1204"
                         HEIGHT="47">
                  <Shape>
                     <Polygon POINTS="98,1334 1302,1334 1302,1381 98,1381"/>
                  </Shape>
                  <String CONTENT="ĩtersit s põpas scl̃i  ꝯuiuia nota puca fugiat pͥuata uͦ ñ"
                          HPOS="98"
                          VPOS="1334"
                          WIDTH="1204"
                          HEIGHT="47"/>
               </TextLine>
               <TextLine ID="zone-line_IRHT_P_005038_1-22"
                         BASELINE=""
                         HPOS="96"
                         VPOS="1398"
                         WIDTH="1196"
                         HEIGHT="45">
                  <Shape>
                     <Polygon POINTS="96,1398 1292,1398 1292,1443 96,1443"/>
                  </Shape>
                  <String CONTENT="pudica s ⁊ sobria colat un᷒qͥs ur̃m dolos  ꝯiuratões c"
                          HPOS="96"
                          VPOS="1398"
                          WIDTH="1196"
                          HEIGHT="45"/>
               </TextLine>
               <TextLine ID="zone-line_IRHT_P_005038_1-23"
                         BASELINE=""
                         HPOS="103"
                         VPOS="1454"
                         WIDTH="1187"
                         HEIGHT="58">
                  <Shape>
                     <Polygon POINTS="103,1454 1290,1454 1290,1512 103,1512"/>
                  </Shape>
                  <String CONTENT="odiũ eml̃atões obtͤctatões at ĩuidiã effugiat ñ uagis oc"
                          HPOS="103"
                          VPOS="1454"
                          WIDTH="1187"
                          HEIGHT="58"/>
               </TextLine>
               <TextLine ID="zone-line_IRHT_P_005038_1-24"
                         BASELINE=""
                         HPOS="101"
                         VPOS="1509"
                         WIDTH="1188"
                         HEIGHT="64">
                  <Shape>
                     <Polygon POINTS="101,1509 1289,1509 1289,1573 101,1573"/>
                  </Shape>
                  <String CONTENT="effͤnata lĩgua aut petulãti fluidoq ĩ gestu ĩcedat s pu"
                          HPOS="101"
                          VPOS="1509"
                          WIDTH="1188"
                          HEIGHT="64"/>
               </TextLine>
               <TextLine ID="zone-line_IRHT_P_005038_1-25"
                         BASELINE=""
                         HPOS="105"
                         VPOS="1573"
                         WIDTH="1186"
                         HEIGHT="62">
                  <Shape>
                     <Polygon POINTS="105,1573 1291,1573 1291,1635 105,1635"/>
                  </Shape>
                  <String CONTENT="ac ueꝯdiã mẽtis sĩplici h̃itu ĩcessuq ost̃ndat obscenitatẽ"
                          HPOS="105"
                          VPOS="1573"
                          WIDTH="1186"
                          HEIGHT="62"/>
               </TextLine>
               <TextLine ID="zone-line_IRHT_P_005038_1-26"
                         BASELINE=""
                         HPOS="117"
                         VPOS="1637"
                         WIDTH="1180"
                         HEIGHT="58">
                  <Shape>
                     <Polygon POINTS="117,1637 1297,1637 1297,1695 117,1695"/>
                  </Shape>
                  <String CONTENT="boꝝ  mẽbroꝝ sic̃  operũ pẽit᷒ execret᷑ seniorib debit"
                          HPOS="117"
                          VPOS="1637"
                          WIDTH="1180"
                          HEIGHT="58"/>
               </TextLine>
               <TextLine ID="zone-line_IRHT_P_005038_1-27"
                         BASELINE=""
                         HPOS="117"
                         VPOS="1707"
                         WIDTH="1174"
                         HEIGHT="50">
                  <Shape>
                     <Polygon POINTS="117,1707 1291,1707 1291,1757 117,1757"/>
                  </Shape>
                  <String CONTENT="at ob̃iam n ullo iactãcie studio se ipͫ attollat bonis mo"
                          HPOS="117"
                          VPOS="1707"
                          WIDTH="1174"
                          HEIGHT="50"/>
               </TextLine>
               <TextLine ID="zone-line_IRHT_P_005038_1-28"
                         BASELINE=""
                         HPOS="129"
                         VPOS="1759"
                         WIDTH="1172"
                         HEIGHT="56">
                  <Shape>
                     <Polygon POINTS="129,1759 1301,1759 1301,1815 129,1815"/>
                  </Shape>
                  <String CONTENT="studeat  ab õib illicitis cor ac lĩguã  corp᷒ adeo t̃re ꝯs"
                          HPOS="129"
                          VPOS="1759"
                          WIDTH="1172"
                          HEIGHT="56"/>
               </TextLine>
               <TextLine ID="zone-line_IRHT_P_005038_1-29"
                         BASELINE=""
                         HPOS="128"
                         VPOS="1820"
                         WIDTH="1159"
                         HEIGHT="53">
                  <Shape>
                     <Polygon POINTS="128,1820 1287,1820 1287,1873 128,1873"/>
                  </Shape>
                  <String CONTENT="õis ·h· iactãcia at ĩmod̃atõ a bõis ÷ morib aliena null᷒"
                          HPOS="128"
                          VPOS="1820"
                          WIDTH="1159"
                          HEIGHT="53"/>
               </TextLine>
            </TextBlock>
         </PrintSpace>
      </Page>
   </Layout>
</alto>
