<?xml version="1.0" encoding="UTF-8"?>
<alto xmlns="http://www.loc.gov/standards/alto/ns-v4#"
      xmlns:xsi="http://www.w3.org/2001/XMLSchema-instance"
      xmlns:tei="http://www.tei-c.org/ns/1.0"
      xsi:schemaLocation="http://www.loc.gov/standards/alto/ns-v4# ../schema/alto.xsd">
   <Description>
      <MeasurementUnit>pixel</MeasurementUnit>
      <sourceImageInformation>
         <fileName>IRHT_P_006331.tif</fileName>
      </sourceImageInformation>
   </Description>
   <Layout>
      <Page ID="zone-page_IRHT_P_006331"
            PHYSICAL_IMG_NR="0"
            WIDTH="1222"
            HEIGHT="1710">
         <PrintSpace HPOS="0" VPOS="0" WIDTH="1222" HEIGHT="1710">
            <TextBlock HPOS="149"
                       VPOS="0"
                       WIDTH="490"
                       HEIGHT="1702"
                       ID="zone-col_IRHT_P_006331_1">
               <Shape>
                  <Polygon POINTS="149,0 639,0 639,1702 149,1702"/>
               </Shape>
               <TextLine ID="zone-line_IRHT_P_006331_1-1"
                         BASELINE=""
                         HPOS="247"
                         VPOS="77"
                         WIDTH="359"
                         HEIGHT="64">
                  <Shape>
                     <Polygon POINTS="247,77 606,77 606,141 247,141"/>
                  </Shape>
                  <String CONTENT="non ·h· nosm"
                          HPOS="247"
                          VPOS="77"
                          WIDTH="359"
                          HEIGHT="64"/>
               </TextLine>
               <TextLine ID="zone-line_IRHT_P_006331_1-2"
                         BASELINE=""
                         HPOS="149"
                         VPOS="203"
                         WIDTH="456"
                         HEIGHT="70">
                  <Shape>
                     <Polygon POINTS="149,203 605,203 605,273 149,273"/>
                  </Shape>
                  <String CONTENT="ip̃os dicamus"
                          HPOS="149"
                          VPOS="203"
                          WIDTH="456"
                          HEIGHT="70"/>
               </TextLine>
               <TextLine ID="zone-line_IRHT_P_006331_1-3"
                         BASELINE=""
                         HPOS="188"
                         VPOS="324"
                         WIDTH="389"
                         HEIGHT="61">
                  <Shape>
                     <Polygon POINTS="188,324 577,324 577,385 188,385"/>
                  </Shape>
                  <String CONTENT="s ih̃m xp̃m do"
                          HPOS="188"
                          VPOS="324"
                          WIDTH="389"
                          HEIGHT="61"/>
               </TextLine>
               <TextLine ID="zone-line_IRHT_P_006331_1-4"
                         BASELINE=""
                         HPOS="194"
                         VPOS="445"
                         WIDTH="385"
                         HEIGHT="56">
                  <Shape>
                     <Polygon POINTS="194,445 579,445 579,501 194,501"/>
                  </Shape>
                  <String CONTENT="minũ nr̃m no"
                          HPOS="194"
                          VPOS="445"
                          WIDTH="385"
                          HEIGHT="56"/>
               </TextLine>
               <TextLine ID="zone-line_IRHT_P_006331_1-5"
                         BASELINE=""
                         HPOS="188"
                         VPOS="562"
                         WIDTH="396"
                         HEIGHT="59">
                  <Shape>
                     <Polygon POINTS="188,562 584,562 584,621 188,621"/>
                  </Shape>
                  <String CONTENT="aũ seruos ur̃os"
                          HPOS="188"
                          VPOS="562"
                          WIDTH="396"
                          HEIGHT="59"/>
               </TextLine>
               <TextLine ID="zone-line_IRHT_P_006331_1-6"
                         BASELINE=""
                         HPOS="203"
                         VPOS="679"
                         WIDTH="361"
                         HEIGHT="59">
                  <Shape>
                     <Polygon POINTS="203,679 564,679 564,738 203,738"/>
                  </Shape>
                  <String CONTENT="ꝑ ih̃m qm̃ d̃s"
                          HPOS="203"
                          VPOS="679"
                          WIDTH="361"
                          HEIGHT="59"/>
               </TextLine>
               <TextLine ID="zone-line_IRHT_P_006331_1-7"
                         BASELINE=""
                         HPOS="215"
                         VPOS="796"
                         WIDTH="361"
                         HEIGHT="60">
                  <Shape>
                     <Polygon POINTS="215,796 576,796 576,856 215,856"/>
                  </Shape>
                  <String CONTENT="qͥ dixit de tene"
                          HPOS="215"
                          VPOS="796"
                          WIDTH="361"
                          HEIGHT="60"/>
               </TextLine>
               <TextLine ID="zone-line_IRHT_P_006331_1-8"
                         BASELINE=""
                         HPOS="189"
                         VPOS="917"
                         WIDTH="384"
                         HEIGHT="58">
                  <Shape>
                     <Polygon POINTS="189,917 573,917 573,975 189,975"/>
                  </Shape>
                  <String CONTENT="bris lucẽ splen"
                          HPOS="189"
                          VPOS="917"
                          WIDTH="384"
                          HEIGHT="58"/>
               </TextLine>
               <TextLine ID="zone-line_IRHT_P_006331_1-9"
                         BASELINE=""
                         HPOS="187"
                         VPOS="1037"
                         WIDTH="400"
                         HEIGHT="64">
                  <Shape>
                     <Polygon POINTS="187,1037 587,1037 587,1101 187,1101"/>
                  </Shape>
                  <String CONTENT="desc̃e ipse illux̃"
                          HPOS="187"
                          VPOS="1037"
                          WIDTH="400"
                          HEIGHT="64"/>
               </TextLine>
               <TextLine ID="zone-line_IRHT_P_006331_1-10"
                         BASELINE=""
                         HPOS="181"
                         VPOS="1151"
                         WIDTH="379"
                         HEIGHT="66">
                  <Shape>
                     <Polygon POINTS="181,1151 560,1151 560,1217 181,1217"/>
                  </Shape>
                  <String CONTENT="in cordib nr̃is"
                          HPOS="181"
                          VPOS="1151"
                          WIDTH="379"
                          HEIGHT="66"/>
               </TextLine>
               <TextLine ID="zone-line_IRHT_P_006331_1-11"
                         BASELINE=""
                         HPOS="190"
                         VPOS="1280"
                         WIDTH="395"
                         HEIGHT="59">
                  <Shape>
                     <Polygon POINTS="190,1280 585,1280 585,1339 190,1339"/>
                  </Shape>
                  <String CONTENT="ad illuminaci"
                          HPOS="190"
                          VPOS="1280"
                          WIDTH="395"
                          HEIGHT="59"/>
               </TextLine>
               <TextLine ID="zone-line_IRHT_P_006331_1-12"
                         BASELINE=""
                         HPOS="176"
                         VPOS="1395"
                         WIDTH="424"
                         HEIGHT="66">
                  <Shape>
                     <Polygon POINTS="176,1395 600,1395 600,1461 176,1461"/>
                  </Shape>
                  <String CONTENT="onẽscĩe clarita"
                          HPOS="176"
                          VPOS="1395"
                          WIDTH="424"
                          HEIGHT="66"/>
               </TextLine>
               <TextLine ID="zone-line_IRHT_P_006331_1-13"
                         BASELINE=""
                         HPOS="184"
                         VPOS="1523"
                         WIDTH="376"
                         HEIGHT="56">
                  <Shape>
                     <Polygon POINTS="184,1523 560,1523 560,1579 184,1579"/>
                  </Shape>
                  <String CONTENT="tis d̃i in facie xͥ"
                          HPOS="184"
                          VPOS="1523"
                          WIDTH="376"
                          HEIGHT="56"/>
               </TextLine>
               <TextLine ID="zone-line_IRHT_P_006331_1-14"
                         BASELINE=""
                         HPOS="185"
                         VPOS="1637"
                         WIDTH="101"
                         HEIGHT="56">
                  <Shape>
                     <Polygon POINTS="185,1637 286,1637 286,1693 185,1693"/>
                  </Shape>
                  <String CONTENT="ih̃u"
                          HPOS="185"
                          VPOS="1637"
                          WIDTH="101"
                          HEIGHT="56"/>
               </TextLine>
            </TextBlock>
            <TextBlock HPOS="283"
                       VPOS="0"
                       WIDTH="817"
                       HEIGHT="1702"
                       ID="zone-col_IRHT_P_006331_2">
               <Shape>
                  <Polygon POINTS="283,0 1100,0 1100,1702 283,1702"/>
               </Shape>
               <TextLine ID="zone-line_IRHT_P_006331_2-1"
                         BASELINE=""
                         HPOS="670"
                         VPOS="38"
                         WIDTH="386"
                         HEIGHT="43">
                  <Shape>
                     <Polygon POINTS="670,38 1056,38 1056,81 670,81"/>
                  </Shape>
                  <String CONTENT="nedico gl̃ie xp̃i non ·h·"
                          HPOS="670"
                          VPOS="38"
                          WIDTH="386"
                          HEIGHT="43"/>
               </TextLine>
               <TextLine ID="zone-line_IRHT_P_006331_2-2"
                         BASELINE=""
                         HPOS="669"
                         VPOS="96"
                         WIDTH="404"
                         HEIGHT="48">
                  <Shape>
                     <Polygon POINTS="669,96 1073,96 1073,144 669,144"/>
                  </Shape>
                  <String CONTENT="⁊ c̃ l̃ ita ꝯtinua ꝯm̃dam᷒"
                          HPOS="669"
                          VPOS="96"
                          WIDTH="404"
                          HEIGHT="48"/>
               </TextLine>
               <TextLine ID="zone-line_IRHT_P_006331_2-3"
                         BASELINE=""
                         HPOS="666"
                         VPOS="160"
                         WIDTH="430"
                         HEIGHT="48">
                  <Shape>
                     <Polygon POINTS="666,160 1096,160 1096,208 666,208"/>
                  </Shape>
                  <String CONTENT="nos in manifestacione ũi"
                          HPOS="666"
                          VPOS="160"
                          WIDTH="430"
                          HEIGHT="48"/>
               </TextLine>
               <TextLine ID="zone-line_IRHT_P_006331_2-4"
                         BASELINE=""
                         HPOS="662"
                         VPOS="221"
                         WIDTH="413"
                         HEIGHT="46">
                  <Shape>
                     <Polygon POINTS="662,221 1075,221 1075,267 662,267"/>
                  </Shape>
                  <String CONTENT="tatis ⁊ cet̃a alia facimus"
                          HPOS="662"
                          VPOS="221"
                          WIDTH="413"
                          HEIGHT="46"/>
               </TextLine>
               <TextLine ID="zone-line_IRHT_P_006331_2-5"
                         BASELINE=""
                         HPOS="670"
                         VPOS="279"
                         WIDTH="410"
                         HEIGHT="51">
                  <Shape>
                     <Polygon POINTS="670,279 1080,279 1080,330 670,330"/>
                  </Shape>
                  <String CONTENT="⁊ h̃ ꝓp̃ xp̃m ñ ·h· di. nos"
                          HPOS="670"
                          VPOS="279"
                          WIDTH="410"
                          HEIGHT="51"/>
               </TextLine>
               <TextLine ID="zone-line_IRHT_P_006331_2-6"
                         BASELINE=""
                         HPOS="676"
                         VPOS="341"
                         WIDTH="392"
                         HEIGHT="52">
                  <Shape>
                     <Polygon POINTS="676,341 1068,341 1068,393 676,393"/>
                  </Shape>
                  <String CONTENT="m ip̃os s ih̃m xp̃m do."
                          HPOS="676"
                          VPOS="341"
                          WIDTH="392"
                          HEIGHT="52"/>
               </TextLine>
               <TextLine ID="zone-line_IRHT_P_006331_2-7"
                         BASELINE=""
                         HPOS="669"
                         VPOS="404"
                         WIDTH="391"
                         HEIGHT="47">
                  <Shape>
                     <Polygon POINTS="669,404 1060,404 1060,451 669,451"/>
                  </Shape>
                  <String CONTENT="nos. .i. dicacio nr̃a non"
                          HPOS="669"
                          VPOS="404"
                          WIDTH="391"
                          HEIGHT="47"/>
               </TextLine>
               <TextLine ID="zone-line_IRHT_P_006331_2-8"
                         BASELINE=""
                         HPOS="669"
                         VPOS="462"
                         WIDTH="396"
                         HEIGHT="47">
                  <Shape>
                     <Polygon POINTS="669,462 1065,462 1065,509 669,509"/>
                  </Shape>
                  <String CONTENT="tendit ad gl̃iam nr̃am l̃"
                          HPOS="669"
                          VPOS="462"
                          WIDTH="396"
                          HEIGHT="47"/>
               </TextLine>
               <TextLine ID="zone-line_IRHT_P_006331_2-9"
                         BASELINE=""
                         HPOS="672"
                         VPOS="524"
                         WIDTH="404"
                         HEIGHT="43">
                  <Shape>
                     <Polygon POINTS="672,524 1076,524 1076,567 672,567"/>
                  </Shape>
                  <String CONTENT="ad lucra nr̃a s ad gl̃iam"
                          HPOS="672"
                          VPOS="524"
                          WIDTH="404"
                          HEIGHT="43"/>
               </TextLine>
               <TextLine ID="zone-line_IRHT_P_006331_2-10"
                         BASELINE=""
                         HPOS="665"
                         VPOS="580"
                         WIDTH="417"
                         HEIGHT="46">
                  <Shape>
                     <Polygon POINTS="665,580 1082,580 1082,626 665,626"/>
                  </Shape>
                  <String CONTENT="xͥ ꝙ̃ predicamus saluato"
                          HPOS="665"
                          VPOS="580"
                          WIDTH="417"
                          HEIGHT="46"/>
               </TextLine>
               <TextLine ID="zone-line_IRHT_P_006331_2-11"
                         BASELINE=""
                         HPOS="662"
                         VPOS="637"
                         WIDTH="408"
                         HEIGHT="47">
                  <Shape>
                     <Polygon POINTS="662,637 1070,637 1070,684 662,684"/>
                  </Shape>
                  <String CONTENT="rem ⁊ dñ m nr̃m eẽ illũ"
                          HPOS="662"
                          VPOS="637"
                          WIDTH="408"
                          HEIGHT="47"/>
               </TextLine>
               <TextLine ID="zone-line_IRHT_P_006331_2-12"
                         BASELINE=""
                         HPOS="663"
                         VPOS="699"
                         WIDTH="406"
                         HEIGHT="46">
                  <Shape>
                     <Polygon POINTS="663,699 1069,699 1069,745 663,745"/>
                  </Shape>
                  <String CONTENT="dicam᷒ eẽ dñm nos aũ"
                          HPOS="663"
                          VPOS="699"
                          WIDTH="406"
                          HEIGHT="46"/>
               </TextLine>
               <TextLine ID="zone-line_IRHT_P_006331_2-13"
                         BASELINE=""
                         HPOS="666"
                         VPOS="762"
                         WIDTH="387"
                         HEIGHT="41">
                  <Shape>
                     <Polygon POINTS="666,762 1053,762 1053,803 666,803"/>
                  </Shape>
                  <String CONTENT="dñis eẽ seruos .i. minis"
                          HPOS="666"
                          VPOS="762"
                          WIDTH="387"
                          HEIGHT="41"/>
               </TextLine>
               <TextLine ID="zone-line_IRHT_P_006331_2-14"
                         BASELINE=""
                         HPOS="661"
                         VPOS="816"
                         WIDTH="390"
                         HEIGHT="44">
                  <Shape>
                     <Polygon POINTS="661,816 1051,816 1051,860 661,860"/>
                  </Shape>
                  <String CONTENT="stros ur̃os ⁊ h̃ ꝑ xp̃m qui"
                          HPOS="661"
                          VPOS="816"
                          WIDTH="390"
                          HEIGHT="44"/>
               </TextLine>
               <TextLine ID="zone-line_IRHT_P_006331_2-15"
                         BASELINE=""
                         HPOS="658"
                         VPOS="877"
                         WIDTH="406"
                         HEIGHT="45">
                  <Shape>
                     <Polygon POINTS="658,877 1064,877 1064,922 658,922"/>
                  </Shape>
                  <String CONTENT="nobis h̃ iniunx̃ hoc aut̃"
                          HPOS="658"
                          VPOS="877"
                          WIDTH="406"
                          HEIGHT="45"/>
               </TextLine>
               <TextLine ID="zone-line_IRHT_P_006331_2-16"
                         BASELINE=""
                         HPOS="657"
                         VPOS="935"
                         WIDTH="408"
                         HEIGHT="46">
                  <Shape>
                     <Polygon POINTS="657,935 1065,935 1065,981 657,981"/>
                  </Shape>
                  <String CONTENT="facimus qm̃ d̃s ip. illux̃"
                          HPOS="657"
                          VPOS="935"
                          WIDTH="408"
                          HEIGHT="46"/>
               </TextLine>
               <TextLine ID="zone-line_IRHT_P_006331_2-17"
                         BASELINE=""
                         HPOS="661"
                         VPOS="996"
                         WIDTH="403"
                         HEIGHT="44">
                  <Shape>
                     <Polygon POINTS="661,996 1064,996 1064,1040 661,1040"/>
                  </Shape>
                  <String CONTENT="in cor. no. .i. se qͥ ẽ lumen"
                          HPOS="661"
                          VPOS="996"
                          WIDTH="403"
                          HEIGHT="44"/>
               </TextLine>
               <TextLine ID="zone-line_IRHT_P_006331_2-18"
                         BASELINE=""
                         HPOS="663"
                         VPOS="1055"
                         WIDTH="393"
                         HEIGHT="45">
                  <Shape>
                     <Polygon POINTS="663,1055 1056,1055 1056,1100 663,1100"/>
                  </Shape>
                  <String CONTENT="nobis infu n dit qͥ dixit"
                          HPOS="663"
                          VPOS="1055"
                          WIDTH="393"
                          HEIGHT="45"/>
               </TextLine>
               <TextLine ID="zone-line_IRHT_P_006331_2-19"
                         BASELINE=""
                         HPOS="661"
                         VPOS="1117"
                         WIDTH="404"
                         HEIGHT="42">
                  <Shape>
                     <Polygon POINTS="661,1117 1065,1117 1065,1159 661,1159"/>
                  </Shape>
                  <String CONTENT=".i. cepto solo fecit lucem"
                          HPOS="661"
                          VPOS="1117"
                          WIDTH="404"
                          HEIGHT="42"/>
               </TextLine>
               <TextLine ID="zone-line_IRHT_P_006331_2-20"
                         BASELINE=""
                         HPOS="655"
                         VPOS="1173"
                         WIDTH="386"
                         HEIGHT="44">
                  <Shape>
                     <Polygon POINTS="655,1173 1041,1173 1041,1217 655,1217"/>
                  </Shape>
                  <String CONTENT="splend̃e de tenebris q̃d"
                          HPOS="655"
                          VPOS="1173"
                          WIDTH="386"
                          HEIGHT="44"/>
               </TextLine>
               <TextLine ID="zone-line_IRHT_P_006331_2-21"
                         BASELINE=""
                         HPOS="653"
                         VPOS="1231"
                         WIDTH="421"
                         HEIGHT="46">
                  <Shape>
                     <Polygon POINTS="653,1231 1074,1231 1074,1277 653,1277"/>
                  </Shape>
                  <String CONTENT="fuit ĩ seꝑacione elem̃toꝝ"
                          HPOS="653"
                          VPOS="1231"
                          WIDTH="421"
                          HEIGHT="46"/>
               </TextLine>
               <TextLine ID="zone-line_IRHT_P_006331_2-22"
                         BASELINE=""
                         HPOS="661"
                         VPOS="1294"
                         WIDTH="403"
                         HEIGHT="54">
                  <Shape>
                     <Polygon POINTS="661,1294 1064,1294 1064,1348 661,1348"/>
                  </Shape>
                  <String CONTENT="ceꝑunt ·h· tenebre ex quo"
                          HPOS="661"
                          VPOS="1294"
                          WIDTH="403"
                          HEIGHT="54"/>
               </TextLine>
               <TextLine ID="zone-line_IRHT_P_006331_2-23"
                         BASELINE=""
                         HPOS="658"
                         VPOS="1361"
                         WIDTH="404"
                         HEIGHT="50">
                  <Shape>
                     <Polygon POINTS="658,1361 1062,1361 1062,1411 658,1411"/>
                  </Shape>
                  <String CONTENT="ꝯfusa moles celi ⁊ t̃re cep̃"
                          HPOS="658"
                          VPOS="1361"
                          WIDTH="404"
                          HEIGHT="50"/>
               </TextLine>
               <TextLine ID="zone-line_IRHT_P_006331_2-24"
                         BASELINE=""
                         HPOS="662"
                         VPOS="1418"
                         WIDTH="401"
                         HEIGHT="54">
                  <Shape>
                     <Polygon POINTS="662,1418 1063,1418 1063,1472 662,1472"/>
                  </Shape>
                  <String CONTENT="eẽ añqͣm lux fc̃a eẽt qua"
                          HPOS="662"
                          VPOS="1418"
                          WIDTH="401"
                          HEIGHT="54"/>
               </TextLine>
               <TextLine ID="zone-line_IRHT_P_006331_2-25"
                         BASELINE=""
                         HPOS="661"
                         VPOS="1477"
                         WIDTH="411"
                         HEIGHT="50">
                  <Shape>
                     <Polygon POINTS="661,1477 1072,1477 1072,1527 661,1527"/>
                  </Shape>
                  <String CONTENT="illuminaret᷑ ꝙ sñ luce fu"
                          HPOS="661"
                          VPOS="1477"
                          WIDTH="411"
                          HEIGHT="50"/>
               </TextLine>
               <TextLine ID="zone-line_IRHT_P_006331_2-26"
                         BASELINE=""
                         HPOS="642"
                         VPOS="1536"
                         WIDTH="418"
                         HEIGHT="51">
                  <Shape>
                     <Polygon POINTS="642,1536 1060,1536 1060,1587 642,1587"/>
                  </Shape>
                  <String CONTENT="erat tenebrosum p᷒ea e uõ"
                          HPOS="642"
                          VPOS="1536"
                          WIDTH="418"
                          HEIGHT="51"/>
               </TextLine>
               <TextLine ID="zone-line_IRHT_P_006331_2-27"
                         BASELINE=""
                         HPOS="305"
                         VPOS="1600"
                         WIDTH="754"
                         HEIGHT="48">
                  <Shape>
                     <Polygon POINTS="305,1600 1059,1600 1059,1648 305,1648"/>
                  </Shape>
                  <String CONTENT="accedente luce ꝙ fc̃m est melius reddr᷑ in qͦ ꝓfi"
                          HPOS="305"
                          VPOS="1600"
                          WIDTH="754"
                          HEIGHT="48"/>
               </TextLine>
               <TextLine ID="zone-line_IRHT_P_006331_2-28"
                         BASELINE=""
                         HPOS="285"
                         VPOS="1653"
                         WIDTH="777"
                         HEIGHT="49">
                  <Shape>
                     <Polygon POINTS="285,1653 1062,1653 1062,1702 285,1702"/>
                  </Shape>
                  <String CONTENT="cientis hõis affectio sigc̃atur uñ apl̃s loquẽs"
                          HPOS="285"
                          VPOS="1653"
                          WIDTH="777"
                          HEIGHT="49"/>
               </TextLine>
            </TextBlock>
         </PrintSpace>
      </Page>
   </Layout>
</alto>
