<?xml version="1.0" encoding="UTF-8"?>
<alto xmlns="http://www.loc.gov/standards/alto/ns-v4#"
      xmlns:xsi="http://www.w3.org/2001/XMLSchema-instance"
      xmlns:tei="http://www.tei-c.org/ns/1.0"
      xsi:schemaLocation="http://www.loc.gov/standards/alto/ns-v4# ../schema/alto.xsd">
   <Description>
      <MeasurementUnit>pixel</MeasurementUnit>
      <sourceImageInformation>
         <fileName>IRHT_P_003592.tif</fileName>
      </sourceImageInformation>
   </Description>
   <Layout>
      <Page ID="zone-page_IRHT_P_003592"
            PHYSICAL_IMG_NR="0"
            WIDTH="1820"
            HEIGHT="1368">
         <PrintSpace HPOS="0" VPOS="0" WIDTH="1820" HEIGHT="1368">
            <TextBlock HPOS="139"
                       VPOS="72"
                       WIDTH="825"
                       HEIGHT="1258"
                       ID="zone-col_IRHT_P_003592_1">
               <Shape>
                  <Polygon POINTS="139,72 964,72 964,1330 139,1330"/>
               </Shape>
               <TextLine ID="zone-line_IRHT_P_003592_1-1"
                         BASELINE=""
                         HPOS="151"
                         VPOS="198"
                         WIDTH="665"
                         HEIGHT="50">
                  <Shape>
                     <Polygon POINTS="151,198 816,198 816,248 151,248"/>
                  </Shape>
                  <String CONTENT="videbr̃ siñ fastidio amabr̃ siñ"
                          HPOS="151"
                          VPOS="198"
                          WIDTH="665"
                          HEIGHT="50"/>
               </TextLine>
               <TextLine ID="zone-line_IRHT_P_003592_1-2"
                         BASELINE=""
                         HPOS="139"
                         VPOS="257"
                         WIDTH="690"
                         HEIGHT="53">
                  <Shape>
                     <Polygon POINTS="139,257 829,257 829,310 139,310"/>
                  </Shape>
                  <String CONTENT="fatigatõe laudabr̃ hoc mun᷒ cete"
                          HPOS="139"
                          VPOS="257"
                          WIDTH="690"
                          HEIGHT="53"/>
               </TextLine>
               <TextLine ID="zone-line_IRHT_P_003592_1-3"
                         BASELINE=""
                         HPOS="141"
                         VPOS="317"
                         WIDTH="670"
                         HEIGHT="48">
                  <Shape>
                     <Polygon POINTS="141,317 811,317 811,365 141,365"/>
                  </Shape>
                  <String CONTENT="rum qui futuri sunt ꝓ m̃itis "
                          HPOS="141"
                          VPOS="317"
                          WIDTH="670"
                          HEIGHT="48"/>
               </TextLine>
               <TextLine ID="zone-line_IRHT_P_003592_1-4"
                         BASELINE=""
                         HPOS="141"
                         VPOS="382"
                         WIDTH="695"
                         HEIGHT="43">
                  <Shape>
                     <Polygon POINTS="141,382 836,382 836,425 141,425"/>
                  </Shape>
                  <String CONTENT="miorum ⁊ grado bonorũ atq gl̃i"
                          HPOS="141"
                          VPOS="382"
                          WIDTH="695"
                          HEIGHT="43"/>
               </TextLine>
               <TextLine ID="zone-line_IRHT_P_003592_1-5"
                         BASELINE=""
                         HPOS="149"
                         VPOS="442"
                         WIDTH="689"
                         HEIGHT="45">
                  <Shape>
                     <Polygon POINTS="149,442 838,442 838,487 149,487"/>
                  </Shape>
                  <String CONTENT="arum quis est ydo᷒ cogitare qͣnto"
                          HPOS="149"
                          VPOS="442"
                          WIDTH="689"
                          HEIGHT="45"/>
               </TextLine>
               <TextLine ID="zone-line_IRHT_P_003592_1-6"
                         BASELINE=""
                         HPOS="147"
                         VPOS="503"
                         WIDTH="672"
                         HEIGHT="44">
                  <Shape>
                     <Polygon POINTS="147,503 819,503 819,547 147,547"/>
                  </Shape>
                  <String CONTENT="mag̃ dic̃e  tm̃ fut᷑um sint ñ ẽ ã"
                          HPOS="147"
                          VPOS="503"
                          WIDTH="672"
                          HEIGHT="44"/>
               </TextLine>
               <TextLine ID="zone-line_IRHT_P_003592_1-7"
                         BASELINE=""
                         HPOS="157"
                         VPOS="564"
                         WIDTH="667"
                         HEIGHT="43">
                  <Shape>
                     <Polygon POINTS="157,564 824,564 824,607 157,607"/>
                  </Shape>
                  <String CONTENT="bigend̃ atq ita ⁊̃ bt̃a illa ciuitas"
                          HPOS="157"
                          VPOS="564"
                          WIDTH="667"
                          HEIGHT="43"/>
               </TextLine>
               <TextLine ID="zone-line_IRHT_P_003592_1-8"
                         BASELINE=""
                         HPOS="159"
                         VPOS="622"
                         WIDTH="659"
                         HEIGHT="46">
                  <Shape>
                     <Polygon POINTS="159,622 818,622 818,668 159,668"/>
                  </Shape>
                  <String CONTENT="magnum in se donum uidebit"
                          HPOS="159"
                          VPOS="622"
                          WIDTH="659"
                          HEIGHT="46"/>
               </TextLine>
               <TextLine ID="zone-line_IRHT_P_003592_1-9"
                         BASELINE=""
                         HPOS="154"
                         VPOS="684"
                         WIDTH="680"
                         HEIGHT="45">
                  <Shape>
                     <Polygon POINTS="154,684 834,684 834,729 154,729"/>
                  </Shape>
                  <String CONTENT="q̃d nulli superiori nullus inf̃ior"
                          HPOS="154"
                          VPOS="684"
                          WIDTH="680"
                          HEIGHT="45"/>
               </TextLine>
               <TextLine ID="zone-line_IRHT_P_003592_1-10"
                         BASELINE=""
                         HPOS="148"
                         VPOS="741"
                         WIDTH="680"
                         HEIGHT="50">
                  <Shape>
                     <Polygon POINTS="148,741 828,741 828,791 148,791"/>
                  </Shape>
                  <String CONTENT="inuidebit sic̃ ñ ĩuidẽt archãgl̃is"
                          HPOS="148"
                          VPOS="741"
                          WIDTH="680"
                          HEIGHT="50"/>
               </TextLine>
               <TextLine ID="zone-line_IRHT_P_003592_1-11"
                         BASELINE=""
                         HPOS="150"
                         VPOS="804"
                         WIDTH="663"
                         HEIGHT="44">
                  <Shape>
                     <Polygon POINTS="150,804 813,804 813,848 150,848"/>
                  </Shape>
                  <String CONTENT="ãgl̃i cet̃i tam nollet eẽ un᷒ꝗsq"
                          HPOS="150"
                          VPOS="804"
                          WIDTH="663"
                          HEIGHT="44"/>
               </TextLine>
               <TextLine ID="zone-line_IRHT_P_003592_1-12"
                         BASELINE=""
                         HPOS="150"
                         VPOS="862"
                         WIDTH="669"
                         HEIGHT="40">
                  <Shape>
                     <Polygon POINTS="150,862 819,862 819,902 150,902"/>
                  </Shape>
                  <String CONTENT="q̃d ñ accepit qͣmuis sit pacatissi"
                          HPOS="150"
                          VPOS="862"
                          WIDTH="669"
                          HEIGHT="40"/>
               </TextLine>
               <TextLine ID="zone-line_IRHT_P_003592_1-13"
                         BASELINE=""
                         HPOS="140"
                         VPOS="921"
                         WIDTH="678"
                         HEIGHT="45">
                  <Shape>
                     <Polygon POINTS="140,921 818,921 818,966 140,966"/>
                  </Shape>
                  <String CONTENT="mo uinculo cõcordie ei qui accep̃"
                          HPOS="140"
                          VPOS="921"
                          WIDTH="678"
                          HEIGHT="45"/>
               </TextLine>
               <TextLine ID="zone-line_IRHT_P_003592_1-14"
                         BASELINE=""
                         HPOS="148"
                         VPOS="982"
                         WIDTH="670"
                         HEIGHT="46">
                  <Shape>
                     <Polygon POINTS="148,982 818,982 818,1028 148,1028"/>
                  </Shape>
                  <String CONTENT="obstrictus qͣm nec ĩ corꝑe uult o"
                          HPOS="148"
                          VPOS="982"
                          WIDTH="670"
                          HEIGHT="46"/>
               </TextLine>
               <TextLine ID="zone-line_IRHT_P_003592_1-15"
                         BASELINE=""
                         HPOS="146"
                         VPOS="1041"
                         WIDTH="672"
                         HEIGHT="47">
                  <Shape>
                     <Polygon POINTS="146,1041 818,1041 818,1088 146,1088"/>
                  </Shape>
                  <String CONTENT="cul i u s eẽ qui ẽ digitus cum me"
                          HPOS="146"
                          VPOS="1041"
                          WIDTH="672"
                          HEIGHT="47"/>
               </TextLine>
               <TextLine ID="zone-line_IRHT_P_003592_1-16"
                         BASELINE=""
                         HPOS="145"
                         VPOS="1102"
                         WIDTH="690"
                         HEIGHT="44">
                  <Shape>
                     <Polygon POINTS="145,1102 835,1102 835,1146 145,1146"/>
                  </Shape>
                  <String CONTENT="brum utr̃q contineat toci partis"
                          HPOS="145"
                          VPOS="1102"
                          WIDTH="690"
                          HEIGHT="44"/>
               </TextLine>
               <TextLine ID="zone-line_IRHT_P_003592_1-17"
                         BASELINE=""
                         HPOS="143"
                         VPOS="1161"
                         WIDTH="677"
                         HEIGHT="45">
                  <Shape>
                     <Polygon POINTS="143,1161 820,1161 820,1206 143,1206"/>
                  </Shape>
                  <String CONTENT="paccata compago sic itaq habe"
                          HPOS="143"
                          VPOS="1161"
                          WIDTH="677"
                          HEIGHT="45"/>
               </TextLine>
               <TextLine ID="zone-line_IRHT_P_003592_1-18"
                         BASELINE=""
                         HPOS="141"
                         VPOS="1222"
                         WIDTH="682"
                         HEIGHT="44">
                  <Shape>
                     <Polygon POINTS="141,1222 823,1222 823,1266 141,1266"/>
                  </Shape>
                  <String CONTENT="bit donũ ali alio min ut hoc qͦ"
                          HPOS="141"
                          VPOS="1222"
                          WIDTH="682"
                          HEIGHT="44"/>
               </TextLine>
               <TextLine ID="zone-line_IRHT_P_003592_1-19"
                         BASELINE=""
                         HPOS="139"
                         VPOS="1283"
                         WIDTH="593"
                         HEIGHT="47">
                  <Shape>
                     <Polygon POINTS="139,1283 732,1283 732,1330 139,1330"/>
                  </Shape>
                  <String CONTENT="donũ h̃at ne ul̃it amplius"
                          HPOS="139"
                          VPOS="1283"
                          WIDTH="593"
                          HEIGHT="47"/>
               </TextLine>
            </TextBlock>
            <TextBlock HPOS="969"
                       VPOS="70"
                       WIDTH="706"
                       HEIGHT="1258"
                       ID="zone-col_IRHT_P_003592_2">
               <Shape>
                  <Polygon POINTS="969,70 1675,70 1675,1328 969,1328"/>
               </Shape>
               <TextLine ID="zone-line_IRHT_P_003592_2-1"
                         BASELINE=""
                         HPOS="983"
                         VPOS="208"
                         WIDTH="659"
                         HEIGHT="42">
                  <Shape>
                     <Polygon POINTS="983,208 1642,208 1642,250 983,250"/>
                  </Shape>
                  <String CONTENT="vicia per sapientie doctͥna alit̃"
                          HPOS="983"
                          VPOS="208"
                          WIDTH="659"
                          HEIGHT="42"/>
               </TextLine>
               <TextLine ID="zone-line_IRHT_P_003592_2-2"
                         BASELINE=""
                         HPOS="975"
                         VPOS="267"
                         WIDTH="654"
                         HEIGHT="48">
                  <Shape>
                     <Polygon POINTS="975,267 1629,267 1629,315 975,315"/>
                  </Shape>
                  <String CONTENT="ꝑ insipiẽtis pessimam uitã ita"
                          HPOS="975"
                          VPOS="267"
                          WIDTH="654"
                          HEIGHT="48"/>
               </TextLine>
               <TextLine ID="zone-line_IRHT_P_003592_2-3"
                         BASELINE=""
                         HPOS="995"
                         VPOS="330"
                         WIDTH="651"
                         HEIGHT="45">
                  <Shape>
                     <Polygon POINTS="995,330 1646,330 1646,375 995,375"/>
                  </Shape>
                  <String CONTENT="⁊ obliuiones maloꝝ due s̃t alr̃"
                          HPOS="995"
                          VPOS="330"
                          WIDTH="651"
                          HEIGHT="45"/>
               </TextLine>
               <TextLine ID="zone-line_IRHT_P_003592_2-4"
                         BASELINE=""
                         HPOS="993"
                         VPOS="386"
                         WIDTH="651"
                         HEIGHT="43">
                  <Shape>
                     <Polygon POINTS="993,386 1644,386 1644,429 993,429"/>
                  </Shape>
                  <String CONTENT="ea namq obliuiscitur eruditus"
                          HPOS="993"
                          VPOS="386"
                          WIDTH="651"
                          HEIGHT="43"/>
               </TextLine>
               <TextLine ID="zone-line_IRHT_P_003592_2-5"
                         BASELINE=""
                         HPOS="994"
                         VPOS="445"
                         WIDTH="656"
                         HEIGHT="46">
                  <Shape>
                     <Polygon POINTS="994,445 1650,445 1650,491 994,491"/>
                  </Shape>
                  <String CONTENT="⁊ doctus alit̃ expert ⁊ pass ille"
                          HPOS="994"
                          VPOS="445"
                          WIDTH="656"
                          HEIGHT="46"/>
               </TextLine>
               <TextLine ID="zone-line_IRHT_P_003592_2-6"
                         BASELINE=""
                         HPOS="994"
                         VPOS="504"
                         WIDTH="663"
                         HEIGHT="50">
                  <Shape>
                     <Polygon POINTS="994,504 1657,504 1657,554 994,554"/>
                  </Shape>
                  <String CONTENT="si periciam negligat iste si mise"
                          HPOS="994"
                          VPOS="504"
                          WIDTH="663"
                          HEIGHT="50"/>
               </TextLine>
               <TextLine ID="zone-line_IRHT_P_003592_2-7"
                         BASELINE=""
                         HPOS="987"
                         VPOS="569"
                         WIDTH="664"
                         HEIGHT="40">
                  <Shape>
                     <Polygon POINTS="987,569 1651,569 1651,609 987,609"/>
                  </Shape>
                  <String CONTENT="ria careat scd̃m hãc obliuiõe"
                          HPOS="987"
                          VPOS="569"
                          WIDTH="664"
                          HEIGHT="40"/>
               </TextLine>
               <TextLine ID="zone-line_IRHT_P_003592_2-8"
                         BASELINE=""
                         HPOS="996"
                         VPOS="623"
                         WIDTH="661"
                         HEIGHT="50">
                  <Shape>
                     <Polygon POINTS="996,623 1657,623 1657,673 996,673"/>
                  </Shape>
                  <String CONTENT="quã post̃iore loco posui nõ erunt"
                          HPOS="996"
                          VPOS="623"
                          WIDTH="661"
                          HEIGHT="50"/>
               </TextLine>
               <TextLine ID="zone-line_IRHT_P_003592_2-9"
                         BASELINE=""
                         HPOS="993"
                         VPOS="676"
                         WIDTH="682"
                         HEIGHT="57">
                  <Shape>
                     <Polygon POINTS="993,676 1675,676 1675,733 993,733"/>
                  </Shape>
                  <String CONTENT="memores sc̃i preteritorum maloꝝ"
                          HPOS="993"
                          VPOS="676"
                          WIDTH="682"
                          HEIGHT="57"/>
               </TextLine>
               <TextLine ID="zone-line_IRHT_P_003592_2-10"
                         BASELINE=""
                         HPOS="982"
                         VPOS="744"
                         WIDTH="662"
                         HEIGHT="49">
                  <Shape>
                     <Polygon POINTS="982,744 1644,744 1644,793 982,793"/>
                  </Shape>
                  <String CONTENT="carebũt eĩ om̃ib. ita ut penit"
                          HPOS="982"
                          VPOS="744"
                          WIDTH="662"
                          HEIGHT="49"/>
               </TextLine>
               <TextLine ID="zone-line_IRHT_P_003592_2-11"
                         BASELINE=""
                         HPOS="991"
                         VPOS="805"
                         WIDTH="671"
                         HEIGHT="42">
                  <Shape>
                     <Polygon POINTS="991,805 1662,805 1662,847 991,847"/>
                  </Shape>
                  <String CONTENT="deleatur eorum sensibus et tm̃"
                          HPOS="991"
                          VPOS="805"
                          WIDTH="671"
                          HEIGHT="42"/>
               </TextLine>
               <TextLine ID="zone-line_IRHT_P_003592_2-12"
                         BASELINE=""
                         HPOS="989"
                         VPOS="861"
                         WIDTH="660"
                         HEIGHT="47">
                  <Shape>
                     <Polygon POINTS="989,861 1649,861 1649,908 989,908"/>
                  </Shape>
                  <String CONTENT="potẽtia scĩe q̃ m̃gñ ĩ eis erit ñ solũ"
                          HPOS="989"
                          VPOS="861"
                          WIDTH="660"
                          HEIGHT="47"/>
               </TextLine>
               <TextLine ID="zone-line_IRHT_P_003592_2-13"
                         BASELINE=""
                         HPOS="988"
                         VPOS="920"
                         WIDTH="686"
                         HEIGHT="44">
                  <Shape>
                     <Polygon POINTS="988,920 1674,920 1674,964 988,964"/>
                  </Shape>
                  <String CONTENT="sua t̃ita s ⁊̃ dãpñtoꝝ eos sẽpit̃ñ mi"
                          HPOS="988"
                          VPOS="920"
                          WIDTH="686"
                          HEIGHT="44"/>
               </TextLine>
               <TextLine ID="zone-line_IRHT_P_003592_2-14"
                         BASELINE=""
                         HPOS="985"
                         VPOS="975"
                         WIDTH="687"
                         HEIGHT="52">
                  <Shape>
                     <Polygon POINTS="985,975 1672,975 1672,1027 985,1027"/>
                  </Shape>
                  <String CONTENT="ẜia ñ lateb̃ ĩuocabim ⁊ uidebim᷒"
                          HPOS="985"
                          VPOS="975"
                          WIDTH="687"
                          HEIGHT="52"/>
               </TextLine>
               <TextLine ID="zone-line_IRHT_P_003592_2-15"
                         BASELINE=""
                         HPOS="977"
                         VPOS="1033"
                         WIDTH="662"
                         HEIGHT="52">
                  <Shape>
                     <Polygon POINTS="977,1033 1639,1033 1639,1085 977,1085"/>
                  </Shape>
                  <String CONTENT="⁊ am̃bim᷒ am̃bim᷒ ⁊ laudabim᷒"
                          HPOS="977"
                          VPOS="1033"
                          WIDTH="662"
                          HEIGHT="52"/>
               </TextLine>
               <TextLine ID="zone-line_IRHT_P_003592_2-16"
                         BASELINE=""
                         HPOS="986"
                         VPOS="1089"
                         WIDTH="661"
                         HEIGHT="53">
                  <Shape>
                     <Polygon POINTS="986,1089 1647,1089 1647,1142 986,1142"/>
                  </Shape>
                  <String CONTENT="ecce ꝙ er̃ ĩ fĩe sũ fine explicit"
                          HPOS="986"
                          VPOS="1089"
                          WIDTH="661"
                          HEIGHT="53"/>
               </TextLine>
               <TextLine ID="zone-line_IRHT_P_003592_2-17"
                         BASELINE=""
                         HPOS="987"
                         VPOS="1206"
                         WIDTH="686"
                         HEIGHT="59">
                  <Shape>
                     <Polygon POINTS="987,1206 1673,1206 1673,1265 987,1265"/>
                  </Shape>
                  <String CONTENT="hũc libꝝ fec̃ scͥbi dñs b de castãeto"
                          HPOS="987"
                          VPOS="1206"
                          WIDTH="686"
                          HEIGHT="59"/>
               </TextLine>
               <TextLine ID="zone-line_IRHT_P_003592_2-18"
                         BASELINE=""
                         HPOS="988"
                         VPOS="1278"
                         WIDTH="633"
                         HEIGHT="50">
                  <Shape>
                     <Polygon POINTS="988,1278 1621,1278 1621,1328 988,1328"/>
                  </Shape>
                  <String CONTENT="d̃i gr̃a ep̃s albieñ anno dñi m ccc"
                          HPOS="988"
                          VPOS="1278"
                          WIDTH="633"
                          HEIGHT="50"/>
               </TextLine>
            </TextBlock>
         </PrintSpace>
      </Page>
   </Layout>
</alto>
