<?xml version="1.0" encoding="UTF-8"?>
<alto xmlns="http://www.loc.gov/standards/alto/ns-v4#"
      xmlns:xsi="http://www.w3.org/2001/XMLSchema-instance"
      xmlns:tei="http://www.tei-c.org/ns/1.0"
      xsi:schemaLocation="http://www.loc.gov/standards/alto/ns-v4# ../schema/alto.xsd">
   <Description>
      <MeasurementUnit>pixel</MeasurementUnit>
      <sourceImageInformation>
         <fileName>IRHT_P_007023.tif</fileName>
      </sourceImageInformation>
   </Description>
   <Layout>
      <Page ID="zone-page_IRHT_P_007023"
            PHYSICAL_IMG_NR="0"
            WIDTH="1304"
            HEIGHT="1766">
         <PrintSpace HPOS="0" VPOS="0" WIDTH="1304" HEIGHT="1766">
            <TextBlock HPOS="265"
                       VPOS="0"
                       WIDTH="815"
                       HEIGHT="1756"
                       ID="zone-col_IRHT_P_007023_1">
               <Shape>
                  <Polygon POINTS="265,0 1080,0 1080,1756 265,1756"/>
               </Shape>
               <TextLine ID="zone-line_IRHT_P_007023_1-1"
                         BASELINE=""
                         HPOS="287"
                         VPOS="47"
                         WIDTH="783"
                         HEIGHT="43">
                  <Shape>
                     <Polygon POINTS="287,47 1070,47 1070,90 287,90"/>
                  </Shape>
                  <String CONTENT="choraule pallio tyriantino quo ille"
                          HPOS="287"
                          VPOS="47"
                          WIDTH="783"
                          HEIGHT="43"/>
               </TextLine>
               <TextLine ID="zone-line_IRHT_P_007023_1-2"
                         BASELINE=""
                         HPOS="287"
                         VPOS="108"
                         WIDTH="773"
                         HEIGHT="40">
                  <Shape>
                     <Polygon POINTS="287,108 1060,108 1060,148 287,148"/>
                  </Shape>
                  <String CONTENT="uelut spolio nobilitatis exultat me"
                          HPOS="287"
                          VPOS="108"
                          WIDTH="773"
                          HEIGHT="40"/>
               </TextLine>
               <TextLine ID="zone-line_IRHT_P_007023_1-3"
                         BASELINE=""
                         HPOS="285"
                         VPOS="166"
                         WIDTH="791"
                         HEIGHT="39">
                  <Shape>
                     <Polygon POINTS="285,166 1076,166 1076,205 285,205"/>
                  </Shape>
                  <String CONTENT="sale nomẽ uxõis iam ꝗd lineas petita"
                          HPOS="285"
                          VPOS="166"
                          WIDTH="791"
                          HEIGHT="39"/>
               </TextLine>
               <TextLine ID="zone-line_IRHT_P_007023_1-4"
                         BASELINE=""
                         HPOS="287"
                         VPOS="224"
                         WIDTH="777"
                         HEIGHT="41">
                  <Shape>
                     <Polygon POINTS="287,224 1064,224 1064,265 287,265"/>
                  </Shape>
                  <String CONTENT="egypto loquar quid tyro et sydona"
                          HPOS="287"
                          VPOS="224"
                          WIDTH="777"
                          HEIGHT="41"/>
               </TextLine>
               <TextLine ID="zone-line_IRHT_P_007023_1-5"
                         BASELINE=""
                         HPOS="275"
                         VPOS="286"
                         WIDTH="787"
                         HEIGHT="40">
                  <Shape>
                     <Polygon POINTS="275,286 1062,286 1062,326 275,326"/>
                  </Shape>
                  <String CONTENT="tenuitate ꝑ lucida micãtes pũpura"
                          HPOS="275"
                          VPOS="286"
                          WIDTH="787"
                          HEIGHT="40"/>
               </TextLine>
               <TextLine ID="zone-line_IRHT_P_007023_1-6"
                         BASELINE=""
                         HPOS="287"
                         VPOS="349"
                         WIDTH="784"
                         HEIGHT="41">
                  <Shape>
                     <Polygon POINTS="287,349 1071,349 1071,390 287,390"/>
                  </Shape>
                  <String CONTENT="plumãdi difficultate ꝑ nobiles dõa"
                          HPOS="287"
                          VPOS="349"
                          WIDTH="784"
                          HEIGHT="41"/>
               </TextLine>
               <TextLine ID="zone-line_IRHT_P_007023_1-7"
                         BASELINE=""
                         HPOS="278"
                         VPOS="411"
                         WIDTH="784"
                         HEIGHT="40">
                  <Shape>
                     <Polygon POINTS="278,411 1062,411 1062,451 278,451"/>
                  </Shape>
                  <String CONTENT="ti sũ atrabatitis biri petiti donati bi"
                          HPOS="278"
                          VPOS="411"
                          WIDTH="784"
                          HEIGHT="40"/>
               </TextLine>
               <TextLine ID="zone-line_IRHT_P_007023_1-8"
                         BASELINE=""
                         HPOS="281"
                         VPOS="473"
                         WIDTH="770"
                         HEIGHT="39">
                  <Shape>
                     <Polygon POINTS="281,473 1051,473 1051,512 281,512"/>
                  </Shape>
                  <String CONTENT="ri canussini africane opes inscenari"
                          HPOS="281"
                          VPOS="473"
                          WIDTH="770"
                          HEIGHT="39"/>
               </TextLine>
               <TextLine ID="zone-line_IRHT_P_007023_1-9"
                         BASELINE=""
                         HPOS="286"
                         VPOS="540"
                         WIDTH="768"
                         HEIGHT="32">
                  <Shape>
                     <Polygon POINTS="286,540 1054,540 1054,572 286,572"/>
                  </Shape>
                  <String CONTENT="pri᷒ uise et hec quide idcĩco ego ĩ lit"
                          HPOS="286"
                          VPOS="540"
                          WIDTH="768"
                          HEIGHT="32"/>
               </TextLine>
               <TextLine ID="zone-line_IRHT_P_007023_1-10"
                         BASELINE=""
                         HPOS="287"
                         VPOS="602"
                         WIDTH="775"
                         HEIGHT="33">
                  <Shape>
                     <Polygon POINTS="287,602 1062,602 1062,635 287,635"/>
                  </Shape>
                  <String CONTENT="teras retuli ꝙ futuros editões pudõe"
                          HPOS="287"
                          VPOS="602"
                          WIDTH="775"
                          HEIGHT="33"/>
               </TextLine>
               <TextLine ID="zone-line_IRHT_P_007023_1-11"
                         BASELINE=""
                         HPOS="283"
                         VPOS="660"
                         WIDTH="777"
                         HEIGHT="34">
                  <Shape>
                     <Polygon POINTS="283,660 1060,660 1060,694 283,694"/>
                  </Shape>
                  <String CONTENT="tang̃et ne pr̃imonia sua pro scriptis"
                          HPOS="283"
                          VPOS="660"
                          WIDTH="777"
                          HEIGHT="34"/>
               </TextLine>
               <TextLine ID="zone-line_IRHT_P_007023_1-12"
                         BASELINE=""
                         HPOS="287"
                         VPOS="716"
                         WIDTH="778"
                         HEIGHT="35">
                  <Shape>
                     <Polygon POINTS="287,716 1065,716 1065,751 287,751"/>
                  </Shape>
                  <String CONTENT="legitimis hr̃dib᷒ mimis et balteõib."
                          HPOS="287"
                          VPOS="716"
                          WIDTH="778"
                          HEIGHT="35"/>
               </TextLine>
               <TextLine ID="zone-line_IRHT_P_007023_1-13"
                         BASELINE=""
                         HPOS="279"
                         VPOS="780"
                         WIDTH="798"
                         HEIGHT="40">
                  <Shape>
                     <Polygon POINTS="279,780 1077,780 1077,820 279,820"/>
                  </Shape>
                  <String CONTENT="deputarẽt habe mi amice meũ mim᷒"
                          HPOS="279"
                          VPOS="780"
                          WIDTH="798"
                          HEIGHT="40"/>
               </TextLine>
               <TextLine ID="zone-line_IRHT_P_007023_1-14"
                         BASELINE=""
                         HPOS="286"
                         VPOS="841"
                         WIDTH="774"
                         HEIGHT="41">
                  <Shape>
                     <Polygon POINTS="286,841 1060,841 1060,882 286,882"/>
                  </Shape>
                  <String CONTENT="ꝙ ego ut sepe dixi nõ eloquiẽtie causa"
                          HPOS="286"
                          VPOS="841"
                          WIDTH="774"
                          HEIGHT="41"/>
               </TextLine>
               <TextLine ID="zone-line_IRHT_P_007023_1-15"
                         BASELINE=""
                         HPOS="291"
                         VPOS="903"
                         WIDTH="769"
                         HEIGHT="39">
                  <Shape>
                     <Polygon POINTS="291,903 1060,903 1060,942 291,942"/>
                  </Shape>
                  <String CONTENT="sed cũiositatis in lumẽ edidi id ci"
                          HPOS="291"
                          VPOS="903"
                          WIDTH="769"
                          HEIGHT="39"/>
               </TextLine>
               <TextLine ID="zone-line_IRHT_P_007023_1-16"
                         BASELINE=""
                         HPOS="288"
                         VPOS="970"
                         WIDTH="774"
                         HEIGHT="32">
                  <Shape>
                     <Polygon POINTS="288,970 1062,970 1062,1002 288,1002"/>
                  </Shape>
                  <String CONTENT="pue agẽs ut siꝗs eloquẽs uellet fc̃a"
                          HPOS="288"
                          VPOS="970"
                          WIDTH="774"
                          HEIGHT="32"/>
               </TextLine>
               <TextLine ID="zone-line_IRHT_P_007023_1-17"
                         BASELINE=""
                         HPOS="295"
                         VPOS="1031"
                         WIDTH="768"
                         HEIGHT="35">
                  <Shape>
                     <Polygon POINTS="295,1031 1063,1031 1063,1066 295,1066"/>
                  </Shape>
                  <String CONTENT="prĩcipu reẜare materiã nõ reꝗuir̃et"
                          HPOS="295"
                          VPOS="1031"
                          WIDTH="768"
                          HEIGHT="35"/>
               </TextLine>
               <TextLine ID="zone-line_IRHT_P_007023_1-18"
                         BASELINE=""
                         HPOS="292"
                         VPOS="1087"
                         WIDTH="788"
                         HEIGHT="45">
                  <Shape>
                     <Polygon POINTS="292,1087 1080,1087 1080,1132 292,1132"/>
                  </Shape>
                  <String CONTENT="h̃ituros meos libellos ministros elo"
                          HPOS="292"
                          VPOS="1087"
                          WIDTH="788"
                          HEIGHT="45"/>
               </TextLine>
               <TextLine ID="zone-line_IRHT_P_007023_1-19"
                         BASELINE=""
                         HPOS="287"
                         VPOS="1154"
                         WIDTH="778"
                         HEIGHT="42">
                  <Shape>
                     <Polygon POINTS="287,1154 1065,1154 1065,1196 287,1196"/>
                  </Shape>
                  <String CONTENT="quii te queso sis ꝯtẽtus nosq. sic uo"
                          HPOS="287"
                          VPOS="1154"
                          WIDTH="778"
                          HEIGHT="42"/>
               </TextLine>
               <TextLine ID="zone-line_IRHT_P_007023_1-20"
                         BASELINE=""
                         HPOS="290"
                         VPOS="1215"
                         WIDTH="788"
                         HEIGHT="42">
                  <Shape>
                     <Polygon POINTS="290,1215 1078,1215 1078,1257 290,1257"/>
                  </Shape>
                  <String CONTENT="luisse scribere meli᷒ ꝙͣ potuisse contẽ"
                          HPOS="290"
                          VPOS="1215"
                          WIDTH="788"
                          HEIGHT="42"/>
               </TextLine>
               <TextLine ID="zone-line_IRHT_P_007023_1-21"
                         BASELINE=""
                         HPOS="281"
                         VPOS="1279"
                         WIDTH="794"
                         HEIGHT="40">
                  <Shape>
                     <Polygon POINTS="281,1279 1075,1279 1075,1319 281,1319"/>
                  </Shape>
                  <String CONTENT="das fe li ci ter am̃"
                          HPOS="281"
                          VPOS="1279"
                          WIDTH="794"
                          HEIGHT="40"/>
               </TextLine>
               <TextLine ID="zone-line_IRHT_P_007023_1-22"
                         BASELINE=""
                         HPOS="287"
                         VPOS="1396"
                         WIDTH="764"
                         HEIGHT="43">
                  <Shape>
                     <Polygon POINTS="287,1396 1051,1396 1051,1439 287,1439"/>
                  </Shape>
                  <String CONTENT="explicite uite diuersoꝝ prĩcipũ et"
                          HPOS="287"
                          VPOS="1396"
                          WIDTH="764"
                          HEIGHT="43"/>
               </TextLine>
               <TextLine ID="zone-line_IRHT_P_007023_1-23"
                         BASELINE=""
                         HPOS="289"
                         VPOS="1455"
                         WIDTH="772"
                         HEIGHT="51">
                  <Shape>
                     <Polygon POINTS="289,1455 1061,1455 1061,1506 289,1506"/>
                  </Shape>
                  <String CONTENT="tyrãnoꝝ a diuo adriano usq ad num̃"
                          HPOS="289"
                          VPOS="1455"
                          WIDTH="772"
                          HEIGHT="51"/>
               </TextLine>
               <TextLine ID="zone-line_IRHT_P_007023_1-24"
                         BASELINE=""
                         HPOS="288"
                         VPOS="1517"
                         WIDTH="764"
                         HEIGHT="51">
                  <Shape>
                     <Polygon POINTS="288,1517 1052,1517 1052,1568 288,1568"/>
                  </Shape>
                  <String CONTENT="ianum feliciter ut̃e felix script᷒ fuit"
                          HPOS="288"
                          VPOS="1517"
                          WIDTH="764"
                          HEIGHT="51"/>
               </TextLine>
               <TextLine ID="zone-line_IRHT_P_007023_1-25"
                         BASELINE=""
                         HPOS="293"
                         VPOS="1580"
                         WIDTH="758"
                         HEIGHT="55">
                  <Shape>
                     <Polygon POINTS="293,1580 1051,1580 1051,1635 293,1635"/>
                  </Shape>
                  <String CONTENT="sub millĩo ccc lvi de mense febr̃ et"
                          HPOS="293"
                          VPOS="1580"
                          WIDTH="758"
                          HEIGHT="55"/>
               </TextLine>
               <TextLine ID="zone-line_IRHT_P_007023_1-26"
                         BASELINE=""
                         HPOS="296"
                         VPOS="1643"
                         WIDTH="754"
                         HEIGHT="49">
                  <Shape>
                     <Polygon POINTS="296,1643 1050,1643 1050,1692 296,1692"/>
                  </Shape>
                  <String CONTENT="scripsit eum frat̃ ioh̃es de campagnola"
                          HPOS="296"
                          VPOS="1643"
                          WIDTH="754"
                          HEIGHT="49"/>
               </TextLine>
               <TextLine ID="zone-line_IRHT_P_007023_1-27"
                         BASELINE=""
                         HPOS="265"
                         VPOS="1702"
                         WIDTH="781"
                         HEIGHT="54">
                  <Shape>
                     <Polygon POINTS="265,1702 1046,1702 1046,1756 265,1756"/>
                  </Shape>
                  <String CONTENT="regiñ dioc̃ deo g̃as am̃ am̃ am̃"
                          HPOS="265"
                          VPOS="1702"
                          WIDTH="781"
                          HEIGHT="54"/>
               </TextLine>
            </TextBlock>
         </PrintSpace>
      </Page>
   </Layout>
</alto>
