<?xml version="1.0" encoding="UTF-8"?>
<alto xmlns="http://www.loc.gov/standards/alto/ns-v4#"
      xmlns:xsi="http://www.w3.org/2001/XMLSchema-instance"
      xmlns:tei="http://www.tei-c.org/ns/1.0"
      xsi:schemaLocation="http://www.loc.gov/standards/alto/ns-v4# ../schema/alto.xsd">
   <Description>
      <MeasurementUnit>pixel</MeasurementUnit>
      <sourceImageInformation>
         <fileName>IRHT_P_001198.tif</fileName>
      </sourceImageInformation>
   </Description>
   <Layout>
      <Page ID="zone-page_IRHT_P_001198"
            PHYSICAL_IMG_NR="0"
            WIDTH="1344"
            HEIGHT="1850">
         <PrintSpace HPOS="0" VPOS="0" WIDTH="1344" HEIGHT="1850">
            <TextBlock HPOS="198"
                       VPOS="18"
                       WIDTH="1097"
                       HEIGHT="1749"
                       ID="zone-col_IRHT_P_001198_1">
               <Shape>
                  <Polygon POINTS="198,18 1295,18 1295,1767 198,1767"/>
               </Shape>
               <TextLine ID="zone-line_IRHT_P_001198_1-1"
                         BASELINE=""
                         HPOS="287"
                         VPOS="43"
                         WIDTH="963"
                         HEIGHT="38">
                  <Shape>
                     <Polygon POINTS="287,43 1250,43 1250,81 287,81"/>
                  </Shape>
                  <String CONTENT="uestrę quare hunc sermonẽ necesse habui"
                          HPOS="287"
                          VPOS="43"
                          WIDTH="963"
                          HEIGHT="38"/>
               </TextLine>
               <TextLine ID="zone-line_IRHT_P_001198_1-2"
                         BASELINE=""
                         HPOS="281"
                         VPOS="114"
                         WIDTH="974"
                         HEIGHT="62">
                  <Shape>
                     <Polygon POINTS="281,114 1255,114 1255,176 281,176"/>
                  </Shape>
                  <String CONTENT="uob̃ ꝓmere ex quo hic sumus euntes ad"
                          HPOS="281"
                          VPOS="114"
                          WIDTH="974"
                          HEIGHT="62"/>
               </TextLine>
               <TextLine ID="zone-line_IRHT_P_001198_1-3"
                         BASELINE=""
                         HPOS="289"
                         VPOS="198"
                         WIDTH="959"
                         HEIGHT="61">
                  <Shape>
                     <Polygon POINTS="289,198 1248,198 1248,259 289,259"/>
                  </Shape>
                  <String CONTENT="ęccl̃am &amp; redeuntes pauperes int̃pellant"
                          HPOS="289"
                          VPOS="198"
                          WIDTH="959"
                          HEIGHT="61"/>
               </TextLine>
               <TextLine ID="zone-line_IRHT_P_001198_1-4"
                         BASELINE=""
                         HPOS="281"
                         VPOS="295"
                         WIDTH="996"
                         HEIGHT="41">
                  <Shape>
                     <Polygon POINTS="281,295 1277,295 1277,336 281,336"/>
                  </Shape>
                  <String CONTENT="nos &amp; dicunt ut dicam᷒ uob̃ ut aliqͥd acci"
                          HPOS="281"
                          VPOS="295"
                          WIDTH="996"
                          HEIGHT="41"/>
               </TextLine>
               <TextLine ID="zone-line_IRHT_P_001198_1-5"
                         BASELINE=""
                         HPOS="287"
                         VPOS="374"
                         WIDTH="1008"
                         HEIGHT="43">
                  <Shape>
                     <Polygon POINTS="287,374 1295,374 1295,417 287,417"/>
                  </Shape>
                  <String CONTENT="piant a uob̃ nos nouer̃ l̃ r̃t loqui uob̃ &amp; se ui"
                          HPOS="287"
                          VPOS="374"
                          WIDTH="1008"
                          HEIGHT="43"/>
               </TextLine>
               <TextLine ID="zone-line_IRHT_P_001198_1-6"
                         BASELINE=""
                         HPOS="281"
                         VPOS="444"
                         WIDTH="1003"
                         HEIGHT="59">
                  <Shape>
                     <Polygon POINTS="281,444 1284,444 1284,503 281,503"/>
                  </Shape>
                  <String CONTENT="dent ñ accipere a uob̃ inanit̃ nos arbitran"
                          HPOS="281"
                          VPOS="444"
                          WIDTH="1003"
                          HEIGHT="59"/>
               </TextLine>
               <TextLine ID="zone-line_IRHT_P_001198_1-7"
                         BASELINE=""
                         HPOS="250"
                         VPOS="519"
                         WIDTH="997"
                         HEIGHT="67">
                  <Shape>
                     <Polygon POINTS="250,519 1247,519 1247,586 250,586"/>
                  </Shape>
                  <String CONTENT="tur laborare in uob̃ expectant aliquid"
                          HPOS="250"
                          VPOS="519"
                          WIDTH="997"
                          HEIGHT="67"/>
               </TextLine>
               <TextLine ID="zone-line_IRHT_P_001198_1-8"
                         BASELINE=""
                         HPOS="273"
                         VPOS="607"
                         WIDTH="1004"
                         HEIGHT="64">
                  <Shape>
                     <Polygon POINTS="273,607 1277,607 1277,671 273,671"/>
                  </Shape>
                  <String CONTENT="&amp; a nob̃ damus quãtum habem᷒ damus sicut"
                          HPOS="273"
                          VPOS="607"
                          WIDTH="1004"
                          HEIGHT="64"/>
               </TextLine>
               <TextLine ID="zone-line_IRHT_P_001198_1-9"
                         BASELINE=""
                         HPOS="273"
                         VPOS="680"
                         WIDTH="962"
                         HEIGHT="63">
                  <Shape>
                     <Polygon POINTS="273,680 1235,680 1235,743 273,743"/>
                  </Shape>
                  <String CONTENT="possumus nũquid tam̃ ad eorũ necessitatẽ"
                          HPOS="273"
                          VPOS="680"
                          WIDTH="962"
                          HEIGHT="63"/>
               </TextLine>
               <TextLine ID="zone-line_IRHT_P_001198_1-10"
                         BASELINE=""
                         HPOS="268"
                         VPOS="772"
                         WIDTH="987"
                         HEIGHT="64">
                  <Shape>
                     <Polygon POINTS="268,772 1255,772 1255,836 268,836"/>
                  </Shape>
                  <String CONTENT="supplendã idonei sumus quia gͦ ad eorum"
                          HPOS="268"
                          VPOS="772"
                          WIDTH="987"
                          HEIGHT="64"/>
               </TextLine>
               <TextLine ID="zone-line_IRHT_P_001198_1-11"
                         BASELINE=""
                         HPOS="271"
                         VPOS="857"
                         WIDTH="999"
                         HEIGHT="61">
                  <Shape>
                     <Polygon POINTS="271,857 1270,857 1270,918 271,918"/>
                  </Shape>
                  <String CONTENT="necessitatẽ implendã idonei non sumus uel"
                          HPOS="271"
                          VPOS="857"
                          WIDTH="999"
                          HEIGHT="61"/>
               </TextLine>
               <TextLine ID="zone-line_IRHT_P_001198_1-12"
                         BASELINE=""
                         HPOS="266"
                         VPOS="938"
                         WIDTH="1020"
                         HEIGHT="61">
                  <Shape>
                     <Polygon POINTS="266,938 1286,938 1286,999 266,999"/>
                  </Shape>
                  <String CONTENT="ad uos legati ipsorũ sumus audistis laudas"
                          HPOS="266"
                          VPOS="938"
                          WIDTH="1020"
                          HEIGHT="61"/>
               </TextLine>
               <TextLine ID="zone-line_IRHT_P_001198_1-13"
                         BASELINE=""
                         HPOS="273"
                         VPOS="1020"
                         WIDTH="975"
                         HEIGHT="63">
                  <Shape>
                     <Polygon POINTS="273,1020 1248,1020 1248,1083 273,1083"/>
                  </Shape>
                  <String CONTENT="tis d̃o gr̃as egistis sem̃ accepistis ũba"
                          HPOS="273"
                          VPOS="1020"
                          WIDTH="975"
                          HEIGHT="63"/>
               </TextLine>
               <TextLine ID="zone-line_IRHT_P_001198_1-14"
                         BASELINE=""
                         HPOS="253"
                         VPOS="1113"
                         WIDTH="1014"
                         HEIGHT="59">
                  <Shape>
                     <Polygon POINTS="253,1113 1267,1113 1267,1172 253,1172"/>
                  </Shape>
                  <String CONTENT="reddidistis laudes istae ur̃ę grauant nos poti"
                          HPOS="253"
                          VPOS="1113"
                          WIDTH="1014"
                          HEIGHT="59"/>
               </TextLine>
               <TextLine ID="zone-line_IRHT_P_001198_1-15"
                         BASELINE=""
                         HPOS="269"
                         VPOS="1195"
                         WIDTH="970"
                         HEIGHT="64">
                  <Shape>
                     <Polygon POINTS="269,1195 1239,1195 1239,1259 269,1259"/>
                  </Shape>
                  <String CONTENT="us &amp; in periculũ mittunt toleram᷒ illas"
                          HPOS="269"
                          VPOS="1195"
                          WIDTH="970"
                          HEIGHT="64"/>
               </TextLine>
               <TextLine ID="zone-line_IRHT_P_001198_1-16"
                         BASELINE=""
                         HPOS="269"
                         VPOS="1281"
                         WIDTH="989"
                         HEIGHT="65">
                  <Shape>
                     <Polygon POINTS="269,1281 1258,1281 1258,1346 269,1346"/>
                  </Shape>
                  <String CONTENT="&amp; tremimus int̃ illas tam̃ fr̃s mei iste lau"
                          HPOS="269"
                          VPOS="1281"
                          WIDTH="989"
                          HEIGHT="65"/>
               </TextLine>
               <TextLine ID="zone-line_IRHT_P_001198_1-17"
                         BASELINE=""
                         HPOS="273"
                         VPOS="1370"
                         WIDTH="988"
                         HEIGHT="61">
                  <Shape>
                     <Polygon POINTS="273,1370 1261,1370 1261,1431 273,1431"/>
                  </Shape>
                  <String CONTENT="des ur̃ę folia sunt arborũ fructus quęritur"
                          HPOS="273"
                          VPOS="1370"
                          WIDTH="988"
                          HEIGHT="61"/>
               </TextLine>
               <TextLine ID="zone-line_IRHT_P_001198_1-18"
                         BASELINE=""
                         HPOS="268"
                         VPOS="1449"
                         WIDTH="984"
                         HEIGHT="56">
                  <Shape>
                     <Polygon POINTS="268,1449 1252,1449 1252,1505 268,1505"/>
                  </Shape>
                  <String CONTENT="explicit item eiusdem de verbis"
                          HPOS="268"
                          VPOS="1449"
                          WIDTH="984"
                          HEIGHT="56"/>
               </TextLine>
               <TextLine ID="zone-line_IRHT_P_001198_1-19"
                         BASELINE=""
                         HPOS="267"
                         VPOS="1530"
                         WIDTH="970"
                         HEIGHT="62">
                  <Shape>
                     <Polygon POINTS="267,1530 1237,1530 1237,1592 267,1592"/>
                  </Shape>
                  <String CONTENT="dñi in eugl̃o scd̃m math̃m de"
                          HPOS="267"
                          VPOS="1530"
                          WIDTH="970"
                          HEIGHT="62"/>
               </TextLine>
               <TextLine ID="zone-line_IRHT_P_001198_1-20"
                         BASELINE=""
                         HPOS="264"
                         VPOS="1612"
                         WIDTH="955"
                         HEIGHT="62">
                  <Shape>
                     <Polygon POINTS="264,1612 1219,1612 1219,1674 264,1674"/>
                  </Shape>
                  <String CONTENT="pvero centvrionis &amp; verbis"
                          HPOS="264"
                          VPOS="1612"
                          WIDTH="955"
                          HEIGHT="62"/>
               </TextLine>
               <TextLine ID="zone-line_IRHT_P_001198_1-21"
                         BASELINE=""
                         HPOS="267"
                         VPOS="1714"
                         WIDTH="938"
                         HEIGHT="53">
                  <Shape>
                     <Polygon POINTS="267,1714 1205,1714 1205,1767 267,1767"/>
                  </Shape>
                  <String CONTENT="ei᷒ indignṽ se presentia dñi"
                          HPOS="267"
                          VPOS="1714"
                          WIDTH="938"
                          HEIGHT="53"/>
               </TextLine>
            </TextBlock>
         </PrintSpace>
      </Page>
   </Layout>
</alto>
