<?xml version="1.0" encoding="UTF-8"?>
<alto xmlns="http://www.loc.gov/standards/alto/ns-v4#"
      xmlns:xsi="http://www.w3.org/2001/XMLSchema-instance"
      xmlns:tei="http://www.tei-c.org/ns/1.0"
      xsi:schemaLocation="http://www.loc.gov/standards/alto/ns-v4# ../schema/alto.xsd">
   <Description>
      <MeasurementUnit>pixel</MeasurementUnit>
      <sourceImageInformation>
         <fileName>IRHT_P_006550.tif</fileName>
      </sourceImageInformation>
   </Description>
   <Layout>
      <Page ID="zone-page_IRHT_P_006550"
            PHYSICAL_IMG_NR="0"
            WIDTH="1281"
            HEIGHT="1780">
         <PrintSpace HPOS="0" VPOS="0" WIDTH="1281" HEIGHT="1780">
            <TextBlock HPOS="115"
                       VPOS="17"
                       WIDTH="1163"
                       HEIGHT="1730"
                       ID="zone-col_IRHT_P_006550_1">
               <Shape>
                  <Polygon POINTS="115,17 1278,17 1278,1747 115,1747"/>
               </Shape>
               <TextLine ID="zone-line_IRHT_P_006550_1-1"
                         BASELINE=""
                         HPOS="128"
                         VPOS="43"
                         WIDTH="1068"
                         HEIGHT="87">
                  <Shape>
                     <Polygon POINTS="128,43 1196,43 1196,130 128,130"/>
                  </Shape>
                  <String CONTENT="aurelii augustini doctoris"
                          HPOS="128"
                          VPOS="43"
                          WIDTH="1068"
                          HEIGHT="87"/>
               </TextLine>
               <TextLine ID="zone-line_IRHT_P_006550_1-2"
                         BASELINE=""
                         HPOS="989"
                         VPOS="159"
                         WIDTH="215"
                         HEIGHT="42">
                  <Shape>
                     <Polygon POINTS="989,159 1204,159 1204,201 989,201"/>
                  </Shape>
                  <String CONTENT="liber i᷒"
                          HPOS="989"
                          VPOS="159"
                          WIDTH="215"
                          HEIGHT="42"/>
               </TextLine>
               <TextLine ID="zone-line_IRHT_P_006550_1-3"
                         BASELINE=""
                         HPOS="119"
                         VPOS="226"
                         WIDTH="1159"
                         HEIGHT="52">
                  <Shape>
                     <Polygon POINTS="119,226 1278,226 1278,278 119,278"/>
                  </Shape>
                  <String CONTENT="hypponiensis ep̃i de ciuitate d̃i incip̃ contr a"
                          HPOS="119"
                          VPOS="226"
                          WIDTH="1159"
                          HEIGHT="52"/>
               </TextLine>
               <TextLine ID="zone-line_IRHT_P_006550_1-4"
                         BASELINE=""
                         HPOS="958"
                         VPOS="299"
                         WIDTH="320"
                         HEIGHT="51">
                  <Shape>
                     <Polygon POINTS="958,299 1278,299 1278,350 958,350"/>
                  </Shape>
                  <String CONTENT="paganos"
                          HPOS="958"
                          VPOS="299"
                          WIDTH="320"
                          HEIGHT="51"/>
               </TextLine>
               <TextLine ID="zone-line_IRHT_P_006550_1-5"
                         BASELINE=""
                         HPOS="915"
                         VPOS="360"
                         WIDTH="314"
                         HEIGHT="111">
                  <Shape>
                     <Polygon POINTS="915,360 1229,360 1229,471 915,471"/>
                  </Shape>
                  <String CONTENT="gl̃iosis"
                          HPOS="915"
                          VPOS="360"
                          WIDTH="314"
                          HEIGHT="111"/>
               </TextLine>
               <TextLine ID="zone-line_IRHT_P_006550_1-6"
                         BASELINE=""
                         HPOS="889"
                         VPOS="484"
                         WIDTH="381"
                         HEIGHT="77">
                  <Shape>
                     <Polygon POINTS="889,484 1270,484 1270,561 889,561"/>
                  </Shape>
                  <String CONTENT="simam"
                          HPOS="889"
                          VPOS="484"
                          WIDTH="381"
                          HEIGHT="77"/>
               </TextLine>
               <TextLine ID="zone-line_IRHT_P_006550_1-7"
                         BASELINE=""
                         HPOS="841"
                         VPOS="627"
                         WIDTH="387"
                         HEIGHT="52">
                  <Shape>
                     <Polygon POINTS="841,627 1228,627 1228,679 841,679"/>
                  </Shape>
                  <String CONTENT="ciuitatem"
                          HPOS="841"
                          VPOS="627"
                          WIDTH="387"
                          HEIGHT="52"/>
               </TextLine>
               <TextLine ID="zone-line_IRHT_P_006550_1-8"
                         BASELINE=""
                         HPOS="841"
                         VPOS="703"
                         WIDTH="351"
                         HEIGHT="38">
                  <Shape>
                     <Polygon POINTS="841,703 1192,703 1192,741 841,741"/>
                  </Shape>
                  <String CONTENT="dei siue in"
                          HPOS="841"
                          VPOS="703"
                          WIDTH="351"
                          HEIGHT="38"/>
               </TextLine>
               <TextLine ID="zone-line_IRHT_P_006550_1-9"
                         BASELINE=""
                         HPOS="831"
                         VPOS="764"
                         WIDTH="380"
                         HEIGHT="52">
                  <Shape>
                     <Polygon POINTS="831,764 1211,764 1211,816 831,816"/>
                  </Shape>
                  <String CONTENT="hoc tẽporũ"
                          HPOS="831"
                          VPOS="764"
                          WIDTH="380"
                          HEIGHT="52"/>
               </TextLine>
               <TextLine ID="zone-line_IRHT_P_006550_1-10"
                         BASELINE=""
                         HPOS="866"
                         VPOS="829"
                         WIDTH="381"
                         HEIGHT="48">
                  <Shape>
                     <Polygon POINTS="866,829 1247,829 1247,877 866,877"/>
                  </Shape>
                  <String CONTENT="cursu cũ inter"
                          HPOS="866"
                          VPOS="829"
                          WIDTH="381"
                          HEIGHT="48"/>
               </TextLine>
               <TextLine ID="zone-line_IRHT_P_006550_1-11"
                         BASELINE=""
                         HPOS="886"
                         VPOS="892"
                         WIDTH="282"
                         HEIGHT="53">
                  <Shape>
                     <Polygon POINTS="886,892 1168,892 1168,945 886,945"/>
                  </Shape>
                  <String CONTENT="impios pere"
                          HPOS="886"
                          VPOS="892"
                          WIDTH="282"
                          HEIGHT="53"/>
               </TextLine>
               <TextLine ID="zone-line_IRHT_P_006550_1-12"
                         BASELINE=""
                         HPOS="895"
                         VPOS="956"
                         WIDTH="290"
                         HEIGHT="51">
                  <Shape>
                     <Polygon POINTS="895,956 1185,956 1185,1007 895,1007"/>
                  </Shape>
                  <String CONTENT="grinatur ex"
                          HPOS="895"
                          VPOS="956"
                          WIDTH="290"
                          HEIGHT="51"/>
               </TextLine>
               <TextLine ID="zone-line_IRHT_P_006550_1-13"
                         BASELINE=""
                         HPOS="886"
                         VPOS="1018"
                         WIDTH="292"
                         HEIGHT="52">
                  <Shape>
                     <Polygon POINTS="886,1018 1178,1018 1178,1070 886,1070"/>
                  </Shape>
                  <String CONTENT="fide uiuens"
                          HPOS="886"
                          VPOS="1018"
                          WIDTH="292"
                          HEIGHT="52"/>
               </TextLine>
               <TextLine ID="zone-line_IRHT_P_006550_1-14"
                         BASELINE=""
                         HPOS="869"
                         VPOS="1085"
                         WIDTH="280"
                         HEIGHT="54">
                  <Shape>
                     <Polygon POINTS="869,1085 1149,1085 1149,1139 869,1139"/>
                  </Shape>
                  <String CONTENT="siue in illa"
                          HPOS="869"
                          VPOS="1085"
                          WIDTH="280"
                          HEIGHT="54"/>
               </TextLine>
               <TextLine ID="zone-line_IRHT_P_006550_1-15"
                         BASELINE=""
                         HPOS="880"
                         VPOS="1155"
                         WIDTH="274"
                         HEIGHT="56">
                  <Shape>
                     <Polygon POINTS="880,1155 1154,1155 1154,1211 880,1211"/>
                  </Shape>
                  <String CONTENT="stabilitate"
                          HPOS="880"
                          VPOS="1155"
                          WIDTH="274"
                          HEIGHT="56"/>
               </TextLine>
               <TextLine ID="zone-line_IRHT_P_006550_1-16"
                         BASELINE=""
                         HPOS="156"
                         VPOS="1225"
                         WIDTH="1040"
                         HEIGHT="52">
                  <Shape>
                     <Polygon POINTS="156,1225 1196,1225 1196,1277 156,1277"/>
                  </Shape>
                  <String CONTENT="sedis ęternę quam nunc expectat ꝑ pacien"
                          HPOS="156"
                          VPOS="1225"
                          WIDTH="1040"
                          HEIGHT="52"/>
               </TextLine>
               <TextLine ID="zone-line_IRHT_P_006550_1-17"
                         BASELINE=""
                         HPOS="153"
                         VPOS="1293"
                         WIDTH="1028"
                         HEIGHT="52">
                  <Shape>
                     <Polygon POINTS="153,1293 1181,1293 1181,1345 153,1345"/>
                  </Shape>
                  <String CONTENT="tiã quoadusq iustitia c̃uertat᷑ in iudiciũ"
                          HPOS="153"
                          VPOS="1293"
                          WIDTH="1028"
                          HEIGHT="52"/>
               </TextLine>
               <TextLine ID="zone-line_IRHT_P_006550_1-18"
                         BASELINE=""
                         HPOS="160"
                         VPOS="1363"
                         WIDTH="995"
                         HEIGHT="48">
                  <Shape>
                     <Polygon POINTS="160,1363 1155,1363 1155,1411 160,1411"/>
                  </Shape>
                  <String CONTENT="deinceps adeptura ꝑ excellentiã uictoria"
                          HPOS="160"
                          VPOS="1363"
                          WIDTH="995"
                          HEIGHT="48"/>
               </TextLine>
               <TextLine ID="zone-line_IRHT_P_006550_1-19"
                         BASELINE=""
                         HPOS="163"
                         VPOS="1425"
                         WIDTH="1063"
                         HEIGHT="47">
                  <Shape>
                     <Polygon POINTS="163,1425 1226,1425 1226,1472 163,1472"/>
                  </Shape>
                  <String CONTENT="ultima &amp; pace ꝑfecta hoc oꝑe ad te institu"
                          HPOS="163"
                          VPOS="1425"
                          WIDTH="1063"
                          HEIGHT="47"/>
               </TextLine>
               <TextLine ID="zone-line_IRHT_P_006550_1-20"
                         BASELINE=""
                         HPOS="160"
                         VPOS="1490"
                         WIDTH="1055"
                         HEIGHT="52">
                  <Shape>
                     <Polygon POINTS="160,1490 1215,1490 1215,1542 160,1542"/>
                  </Shape>
                  <String CONTENT="to &amp; mea ꝓmissione debito defendere ad"
                          HPOS="160"
                          VPOS="1490"
                          WIDTH="1055"
                          HEIGHT="52"/>
               </TextLine>
               <TextLine ID="zone-line_IRHT_P_006550_1-21"
                         BASELINE=""
                         HPOS="155"
                         VPOS="1563"
                         WIDTH="1044"
                         HEIGHT="53">
                  <Shape>
                     <Polygon POINTS="155,1563 1199,1563 1199,1616 155,1616"/>
                  </Shape>
                  <String CONTENT="uersus eos qui c̃ditori ei᷒ deos suos ferunt"
                          HPOS="155"
                          VPOS="1563"
                          WIDTH="1044"
                          HEIGHT="53"/>
               </TextLine>
               <TextLine ID="zone-line_IRHT_P_006550_1-22"
                         BASELINE=""
                         HPOS="145"
                         VPOS="1630"
                         WIDTH="1022"
                         HEIGHT="51">
                  <Shape>
                     <Polygon POINTS="145,1630 1167,1630 1167,1681 145,1681"/>
                  </Shape>
                  <String CONTENT="fili km̃e marcelline suscepi magnũ opus"
                          HPOS="145"
                          VPOS="1630"
                          WIDTH="1022"
                          HEIGHT="51"/>
               </TextLine>
               <TextLine ID="zone-line_IRHT_P_006550_1-23"
                         BASELINE=""
                         HPOS="144"
                         VPOS="1693"
                         WIDTH="1076"
                         HEIGHT="54">
                  <Shape>
                     <Polygon POINTS="144,1693 1220,1693 1220,1747 144,1747"/>
                  </Shape>
                  <String CONTENT="&amp; arduũ sed d̃s adiutor nr̃ nam scio quib"
                          HPOS="144"
                          VPOS="1693"
                          WIDTH="1076"
                          HEIGHT="54"/>
               </TextLine>
            </TextBlock>
         </PrintSpace>
      </Page>
   </Layout>
</alto>
