<?xml version="1.0" encoding="UTF-8"?>
<alto xmlns="http://www.loc.gov/standards/alto/ns-v4#"
      xmlns:xsi="http://www.w3.org/2001/XMLSchema-instance"
      xmlns:tei="http://www.tei-c.org/ns/1.0"
      xsi:schemaLocation="http://www.loc.gov/standards/alto/ns-v4# ../schema/alto.xsd">
   <Description>
      <MeasurementUnit>pixel</MeasurementUnit>
      <sourceImageInformation>
         <fileName>IRHT_P_000166.tif</fileName>
      </sourceImageInformation>
   </Description>
   <Layout>
      <Page ID="zone-page_IRHT_P_000166"
            PHYSICAL_IMG_NR="0"
            WIDTH="1871"
            HEIGHT="1326">
         <PrintSpace HPOS="0" VPOS="0" WIDTH="1871" HEIGHT="1326">
            <TextBlock HPOS="21"
                       VPOS="46"
                       WIDTH="1756"
                       HEIGHT="1268"
                       ID="zone-col_IRHT_P_000166_1">
               <Shape>
                  <Polygon POINTS="21,46 1777,46 1777,1314 21,1314"/>
               </Shape>
               <TextLine ID="zone-line_IRHT_P_000166_1-1"
                         BASELINE=""
                         HPOS="47"
                         VPOS="135"
                         WIDTH="1223"
                         HEIGHT="91">
                  <Shape>
                     <Polygon POINTS="47,135 1270,135 1270,226 47,226"/>
                  </Shape>
                  <String CONTENT="tria hec maior aũ his est caritas xiiii"
                          HPOS="47"
                          VPOS="135"
                          WIDTH="1223"
                          HEIGHT="91"/>
               </TextLine>
               <TextLine ID="zone-line_IRHT_P_000166_1-2"
                         BASELINE=""
                         HPOS="288"
                         VPOS="247"
                         WIDTH="1458"
                         HEIGHT="81">
                  <Shape>
                     <Polygon POINTS="288,247 1746,247 1746,328 288,328"/>
                  </Shape>
                  <String CONTENT="sectamini caritatẽ emulamini sp̃ualia magis autẽ"
                          HPOS="288"
                          VPOS="247"
                          WIDTH="1458"
                          HEIGHT="81"/>
               </TextLine>
               <TextLine ID="zone-line_IRHT_P_000166_1-3"
                         BASELINE=""
                         HPOS="256"
                         VPOS="353"
                         WIDTH="1497"
                         HEIGHT="97">
                  <Shape>
                     <Polygon POINTS="256,353 1753,353 1753,450 256,450"/>
                  </Shape>
                  <String CONTENT="ut ꝓph̃etis qͥ enĩ loquitur lingua nõ hõib loquit᷑"
                          HPOS="256"
                          VPOS="353"
                          WIDTH="1497"
                          HEIGHT="97"/>
               </TextLine>
               <TextLine ID="zone-line_IRHT_P_000166_1-4"
                         BASELINE=""
                         HPOS="71"
                         VPOS="467"
                         WIDTH="1698"
                         HEIGHT="85">
                  <Shape>
                     <Polygon POINTS="71,467 1769,467 1769,552 71,552"/>
                  </Shape>
                  <String CONTENT="sed deo nemo enĩ audit sp̃s aũ loquitur myst̃ia nã qui"
                          HPOS="71"
                          VPOS="467"
                          WIDTH="1698"
                          HEIGHT="85"/>
               </TextLine>
               <TextLine ID="zone-line_IRHT_P_000166_1-5"
                         BASELINE=""
                         HPOS="39"
                         VPOS="567"
                         WIDTH="1738"
                         HEIGHT="102">
                  <Shape>
                     <Polygon POINTS="39,567 1777,567 1777,669 39,669"/>
                  </Shape>
                  <String CONTENT="ꝓph̃at hõib loquitur ad edificatõem et exhortatõem et con"
                          HPOS="39"
                          VPOS="567"
                          WIDTH="1738"
                          HEIGHT="102"/>
               </TextLine>
               <TextLine ID="zone-line_IRHT_P_000166_1-6"
                         BASELINE=""
                         HPOS="59"
                         VPOS="680"
                         WIDTH="1718"
                         HEIGHT="82">
                  <Shape>
                     <Polygon POINTS="59,680 1777,680 1777,762 59,762"/>
                  </Shape>
                  <String CONTENT="solationẽ qͥ loquitur lingua semet ip̃m edificat qͥ autem"
                          HPOS="59"
                          VPOS="680"
                          WIDTH="1718"
                          HEIGHT="82"/>
               </TextLine>
               <TextLine ID="zone-line_IRHT_P_000166_1-7"
                         BASELINE=""
                         HPOS="37"
                         VPOS="796"
                         WIDTH="1720"
                         HEIGHT="97">
                  <Shape>
                     <Polygon POINTS="37,796 1757,796 1757,893 37,893"/>
                  </Shape>
                  <String CONTENT="ꝓph̃at eccl̃am dei edificat uolo aũ uos om̃s loqui linguis"
                          HPOS="37"
                          VPOS="796"
                          WIDTH="1720"
                          HEIGHT="97"/>
               </TextLine>
               <TextLine ID="zone-line_IRHT_P_000166_1-8"
                         BASELINE=""
                         HPOS="54"
                         VPOS="911"
                         WIDTH="1711"
                         HEIGHT="91">
                  <Shape>
                     <Polygon POINTS="54,911 1765,911 1765,1002 54,1002"/>
                  </Shape>
                  <String CONTENT="magis aũ proph̃are nam maior est qui proph̃at quã qui loqui"
                          HPOS="54"
                          VPOS="911"
                          WIDTH="1711"
                          HEIGHT="91"/>
               </TextLine>
               <TextLine ID="zone-line_IRHT_P_000166_1-9"
                         BASELINE=""
                         HPOS="62"
                         VPOS="1020"
                         WIDTH="1697"
                         HEIGHT="90">
                  <Shape>
                     <Polygon POINTS="62,1020 1759,1020 1759,1110 62,1110"/>
                  </Shape>
                  <String CONTENT="tur lingua nisi forte intertetur ut eccl̃a edificatõem accip"
                          HPOS="62"
                          VPOS="1020"
                          WIDTH="1697"
                          HEIGHT="90"/>
               </TextLine>
               <TextLine ID="zone-line_IRHT_P_000166_1-10"
                         BASELINE=""
                         HPOS="57"
                         VPOS="1133"
                         WIDTH="1720"
                         HEIGHT="93">
                  <Shape>
                     <Polygon POINTS="57,1133 1777,1133 1777,1226 57,1226"/>
                  </Shape>
                  <String CONTENT="at nunc aũ fr̃es si ueño ad uos linguis loquens quid uo"
                          HPOS="57"
                          VPOS="1133"
                          WIDTH="1720"
                          HEIGHT="93"/>
               </TextLine>
               <TextLine ID="zone-line_IRHT_P_000166_1-11"
                         BASELINE=""
                         HPOS="74"
                         VPOS="1248"
                         WIDTH="1680"
                         HEIGHT="59">
                  <Shape>
                     <Polygon POINTS="74,1248 1754,1248 1754,1307 74,1307"/>
                  </Shape>
                  <String CONTENT="ꝓdero nisi uobis loquar aut in reuelatõe aut in scĩa au"
                          HPOS="74"
                          VPOS="1248"
                          WIDTH="1680"
                          HEIGHT="59"/>
               </TextLine>
            </TextBlock>
         </PrintSpace>
      </Page>
   </Layout>
</alto>
