<?xml version="1.0" encoding="UTF-8"?>
<alto xmlns="http://www.loc.gov/standards/alto/ns-v4#"
      xmlns:xsi="http://www.w3.org/2001/XMLSchema-instance"
      xmlns:tei="http://www.tei-c.org/ns/1.0"
      xsi:schemaLocation="http://www.loc.gov/standards/alto/ns-v4# ../schema/alto.xsd">
   <Description>
      <MeasurementUnit>pixel</MeasurementUnit>
      <sourceImageInformation>
         <fileName>IRHT_P_006943.tif</fileName>
      </sourceImageInformation>
   </Description>
   <Layout>
      <Page ID="zone-page_IRHT_P_006943"
            PHYSICAL_IMG_NR="0"
            WIDTH="1240"
            HEIGHT="1767">
         <PrintSpace HPOS="0" VPOS="0" WIDTH="1240" HEIGHT="1767">
            <TextBlock HPOS="132"
                       VPOS="0"
                       WIDTH="1015"
                       HEIGHT="1766"
                       ID="zone-col_IRHT_P_006943_1">
               <Shape>
                  <Polygon POINTS="132,0 1147,0 1147,1766 132,1766"/>
               </Shape>
               <TextLine ID="zone-line_IRHT_P_006943_1-1"
                         BASELINE=""
                         HPOS="237"
                         VPOS="17"
                         WIDTH="597"
                         HEIGHT="81">
                  <Shape>
                     <Polygon POINTS="237,17 834,17 834,98 237,98"/>
                  </Shape>
                  <String CONTENT="dum scelestis"
                          HPOS="237"
                          VPOS="17"
                          WIDTH="597"
                          HEIGHT="81"/>
               </TextLine>
               <TextLine ID="zone-line_IRHT_P_006943_1-2"
                         BASELINE=""
                         HPOS="275"
                         VPOS="105"
                         WIDTH="835"
                         HEIGHT="78">
                  <Shape>
                     <Polygon POINTS="275,105 1110,105 1110,183 275,183"/>
                  </Shape>
                  <String CONTENT="primoq christi quadrin"
                          HPOS="275"
                          VPOS="105"
                          WIDTH="835"
                          HEIGHT="78"/>
               </TextLine>
               <TextLine ID="zone-line_IRHT_P_006943_1-3"
                         BASELINE=""
                         HPOS="245"
                         VPOS="193"
                         WIDTH="611"
                         HEIGHT="57">
                  <Shape>
                     <Polygon POINTS="245,193 856,193 856,250 245,250"/>
                  </Shape>
                  <String CONTENT="gentesimo nati"
                          HPOS="245"
                          VPOS="193"
                          WIDTH="611"
                          HEIGHT="57"/>
               </TextLine>
               <TextLine ID="zone-line_IRHT_P_006943_1-4"
                         BASELINE=""
                         HPOS="250"
                         VPOS="265"
                         WIDTH="858"
                         HEIGHT="69">
                  <Shape>
                     <Polygon POINTS="250,265 1108,265 1108,334 250,334"/>
                  </Shape>
                  <String CONTENT="dieq uere secunda uice"
                          HPOS="250"
                          VPOS="265"
                          WIDTH="858"
                          HEIGHT="69"/>
               </TextLine>
               <TextLine ID="zone-line_IRHT_P_006943_1-5"
                         BASELINE=""
                         HPOS="243"
                         VPOS="347"
                         WIDTH="411"
                         HEIGHT="68">
                  <Shape>
                     <Polygon POINTS="243,347 654,347 654,415 243,415"/>
                  </Shape>
                  <String CONTENT="sima iani"
                          HPOS="243"
                          VPOS="347"
                          WIDTH="411"
                          HEIGHT="68"/>
               </TextLine>
               <TextLine ID="zone-line_IRHT_P_006943_1-6"
                         BASELINE=""
                         HPOS="238"
                         VPOS="432"
                         WIDTH="884"
                         HEIGHT="76">
                  <Shape>
                     <Polygon POINTS="238,432 1122,432 1122,508 238,508"/>
                  </Shape>
                  <String CONTENT="antonius dictus sancii"
                          HPOS="238"
                          VPOS="432"
                          WIDTH="884"
                          HEIGHT="76"/>
               </TextLine>
               <TextLine ID="zone-line_IRHT_P_006943_1-7"
                         BASELINE=""
                         HPOS="251"
                         VPOS="505"
                         WIDTH="631"
                         HEIGHT="70">
                  <Shape>
                     <Polygon POINTS="251,505 882,505 882,575 251,575"/>
                  </Shape>
                  <String CONTENT="cognomine fultus"
                          HPOS="251"
                          VPOS="505"
                          WIDTH="631"
                          HEIGHT="70"/>
               </TextLine>
               <TextLine ID="zone-line_IRHT_P_006943_1-8"
                         BASELINE=""
                         HPOS="251"
                         VPOS="593"
                         WIDTH="826"
                         HEIGHT="59">
                  <Shape>
                     <Polygon POINTS="251,593 1077,593 1077,652 251,652"/>
                  </Shape>
                  <String CONTENT="ispanus natu astigie fõ"
                          HPOS="251"
                          VPOS="593"
                          WIDTH="826"
                          HEIGHT="59"/>
               </TextLine>
               <TextLine ID="zone-line_IRHT_P_006943_1-9"
                         BASELINE=""
                         HPOS="245"
                         VPOS="668"
                         WIDTH="535"
                         HEIGHT="64">
                  <Shape>
                     <Polygon POINTS="245,668 780,668 780,732 245,732"/>
                  </Shape>
                  <String CONTENT="te perunctus"
                          HPOS="245"
                          VPOS="668"
                          WIDTH="535"
                          HEIGHT="64"/>
               </TextLine>
               <TextLine ID="zone-line_IRHT_P_006943_1-10"
                         BASELINE=""
                         HPOS="269"
                         VPOS="743"
                         WIDTH="856"
                         HEIGHT="70">
                  <Shape>
                     <Polygon POINTS="269,743 1125,743 1125,813 269,813"/>
                  </Shape>
                  <String CONTENT="hunc librum scripsit ius"
                          HPOS="269"
                          VPOS="743"
                          WIDTH="856"
                          HEIGHT="70"/>
               </TextLine>
               <TextLine ID="zone-line_IRHT_P_006943_1-11"
                         BASELINE=""
                         HPOS="233"
                         VPOS="820"
                         WIDTH="757"
                         HEIGHT="69">
                  <Shape>
                     <Polygon POINTS="233,820 990,820 990,889 233,889"/>
                  </Shape>
                  <String CONTENT="su sanctissimi patris"
                          HPOS="233"
                          VPOS="820"
                          WIDTH="757"
                          HEIGHT="69"/>
               </TextLine>
               <TextLine ID="zone-line_IRHT_P_006943_1-12"
                         BASELINE=""
                         HPOS="241"
                         VPOS="903"
                         WIDTH="865"
                         HEIGHT="63">
                  <Shape>
                     <Polygon POINTS="241,903 1106,903 1106,966 241,966"/>
                  </Shape>
                  <String CONTENT="qui cunctis pandit celes"
                          HPOS="241"
                          VPOS="903"
                          WIDTH="865"
                          HEIGHT="63"/>
               </TextLine>
               <TextLine ID="zone-line_IRHT_P_006943_1-13"
                         BASELINE=""
                         HPOS="247"
                         VPOS="988"
                         WIDTH="582"
                         HEIGHT="60">
                  <Shape>
                     <Polygon POINTS="247,988 829,988 829,1048 247,1048"/>
                  </Shape>
                  <String CONTENT="tia regna beatis"
                          HPOS="247"
                          VPOS="988"
                          WIDTH="582"
                          HEIGHT="60"/>
               </TextLine>
               <TextLine ID="zone-line_IRHT_P_006943_1-14"
                         BASELINE=""
                         HPOS="155"
                         VPOS="1065"
                         WIDTH="992"
                         HEIGHT="63">
                  <Shape>
                     <Polygon POINTS="155,1065 1147,1065 1147,1128 155,1128"/>
                  </Shape>
                  <String CONTENT="pro huius statu oret plebs"
                          HPOS="155"
                          VPOS="1065"
                          WIDTH="992"
                          HEIGHT="63"/>
               </TextLine>
               <TextLine ID="zone-line_IRHT_P_006943_1-15"
                         BASELINE=""
                         HPOS="239"
                         VPOS="1140"
                         WIDTH="519"
                         HEIGHT="63">
                  <Shape>
                     <Polygon POINTS="239,1140 758,1140 758,1203 239,1203"/>
                  </Shape>
                  <String CONTENT="christi fidelis"
                          HPOS="239"
                          VPOS="1140"
                          WIDTH="519"
                          HEIGHT="63"/>
               </TextLine>
               <TextLine ID="zone-line_IRHT_P_006943_1-16"
                         BASELINE=""
                         HPOS="181"
                         VPOS="1223"
                         WIDTH="955"
                         HEIGHT="60">
                  <Shape>
                     <Polygon POINTS="181,1223 1136,1223 1136,1283 181,1283"/>
                  </Shape>
                  <String CONTENT="qui ut eam saluet pressu"
                          HPOS="181"
                          VPOS="1223"
                          WIDTH="955"
                          HEIGHT="60"/>
               </TextLine>
               <TextLine ID="zone-line_IRHT_P_006943_1-17"
                         BASELINE=""
                         HPOS="249"
                         VPOS="1302"
                         WIDTH="674"
                         HEIGHT="57">
                  <Shape>
                     <Polygon POINTS="249,1302 923,1302 923,1359 249,1359"/>
                  </Shape>
                  <String CONTENT="ras subit in terris"
                          HPOS="249"
                          VPOS="1302"
                          WIDTH="674"
                          HEIGHT="57"/>
               </TextLine>
               <TextLine ID="zone-line_IRHT_P_006943_1-18"
                         BASELINE=""
                         HPOS="261"
                         VPOS="1379"
                         WIDTH="843"
                         HEIGHT="65">
                  <Shape>
                     <Polygon POINTS="261,1379 1104,1379 1104,1444 261,1444"/>
                  </Shape>
                  <String CONTENT="ymo ut plebis christus"
                          HPOS="261"
                          VPOS="1379"
                          WIDTH="843"
                          HEIGHT="65"/>
               </TextLine>
               <TextLine ID="zone-line_IRHT_P_006943_1-19"
                         BASELINE=""
                         HPOS="231"
                         VPOS="1465"
                         WIDTH="662"
                         HEIGHT="57">
                  <Shape>
                     <Polygon POINTS="231,1465 893,1465 893,1522 231,1522"/>
                  </Shape>
                  <String CONTENT="abstergat peccata"
                          HPOS="231"
                          VPOS="1465"
                          WIDTH="662"
                          HEIGHT="57"/>
               </TextLine>
               <TextLine ID="zone-line_IRHT_P_006943_1-20"
                         BASELINE=""
                         HPOS="276"
                         VPOS="1540"
                         WIDTH="838"
                         HEIGHT="63">
                  <Shape>
                     <Polygon POINTS="276,1540 1114,1540 1114,1603 276,1603"/>
                  </Shape>
                  <String CONTENT="pius pastor oret qui est"
                          HPOS="276"
                          VPOS="1540"
                          WIDTH="838"
                          HEIGHT="63"/>
               </TextLine>
               <TextLine ID="zone-line_IRHT_P_006943_1-21"
                         BASELINE=""
                         HPOS="247"
                         VPOS="1622"
                         WIDTH="639"
                         HEIGHT="58">
                  <Shape>
                     <Polygon POINTS="247,1622 886,1622 886,1680 247,1680"/>
                  </Shape>
                  <String CONTENT="dignus uita beata"
                          HPOS="247"
                          VPOS="1622"
                          WIDTH="639"
                          HEIGHT="58"/>
               </TextLine>
               <TextLine ID="zone-line_IRHT_P_006943_1-22"
                         BASELINE=""
                         HPOS="233"
                         VPOS="1680"
                         WIDTH="862"
                         HEIGHT="86">
                  <Shape>
                     <Polygon POINTS="233,1680 1095,1680 1095,1766 233,1766"/>
                  </Shape>
                  <String CONTENT="qui fec̃ hos ũsus deuotus"
                          HPOS="233"
                          VPOS="1680"
                          WIDTH="862"
                          HEIGHT="86"/>
               </TextLine>
            </TextBlock>
         </PrintSpace>
      </Page>
   </Layout>
</alto>
