<?xml version="1.0" encoding="UTF-8"?>
<alto xmlns="http://www.loc.gov/standards/alto/ns-v4#"
      xmlns:xsi="http://www.w3.org/2001/XMLSchema-instance"
      xmlns:tei="http://www.tei-c.org/ns/1.0"
      xsi:schemaLocation="http://www.loc.gov/standards/alto/ns-v4# ../schema/alto.xsd">
   <Description>
      <MeasurementUnit>pixel</MeasurementUnit>
      <sourceImageInformation>
         <fileName>IRHT_P_001204.tif</fileName>
      </sourceImageInformation>
   </Description>
   <Layout>
      <Page ID="zone-page_IRHT_P_001204"
            PHYSICAL_IMG_NR="0"
            WIDTH="1783"
            HEIGHT="1324">
         <PrintSpace HPOS="0" VPOS="0" WIDTH="1783" HEIGHT="1324">
            <TextBlock HPOS="56"
                       VPOS="52"
                       WIDTH="1695"
                       HEIGHT="1225"
                       ID="zone-col_IRHT_P_001204_1">
               <Shape>
                  <Polygon POINTS="56,52 1751,52 1751,1277 56,1277"/>
               </Shape>
               <TextLine ID="zone-line_IRHT_P_001204_1-1"
                         BASELINE=""
                         HPOS="139"
                         VPOS="161"
                         WIDTH="1576"
                         HEIGHT="81">
                  <Shape>
                     <Polygon POINTS="139,161 1715,161 1715,242 139,242"/>
                  </Shape>
                  <String CONTENT="fontẽ uenirent nͥ aliqͣ die lauarent᷑ istũ aut̃ diem"
                          HPOS="139"
                          VPOS="161"
                          WIDTH="1576"
                          HEIGHT="81"/>
               </TextLine>
               <TextLine ID="zone-line_IRHT_P_001204_1-2"
                         BASELINE=""
                         HPOS="102"
                         VPOS="253"
                         WIDTH="1643"
                         HEIGHT="78">
                  <Shape>
                     <Polygon POINTS="102,253 1745,253 1745,331 102,331"/>
                  </Shape>
                  <String CONTENT="poti᷒ ad hoc electũ qͦ cena dñica anniuersarie celebͣt᷑"
                          HPOS="102"
                          VPOS="253"
                          WIDTH="1643"
                          HEIGHT="78"/>
               </TextLine>
               <TextLine ID="zone-line_IRHT_P_001204_1-3"
                         BASELINE=""
                         HPOS="134"
                         VPOS="340"
                         WIDTH="1601"
                         HEIGHT="72">
                  <Shape>
                     <Polygon POINTS="134,340 1735,340 1735,412 134,412"/>
                  </Shape>
                  <String CONTENT="&amp; qͥa concessũ ẽ hoc baptismũ accept᷑is multi cũ his la"
                          HPOS="134"
                          VPOS="340"
                          WIDTH="1601"
                          HEIGHT="72"/>
               </TextLine>
               <TextLine ID="zone-line_IRHT_P_001204_1-4"
                         BASELINE=""
                         HPOS="143"
                         VPOS="437"
                         WIDTH="1600"
                         HEIGHT="74">
                  <Shape>
                     <Polygon POINTS="143,437 1743,437 1743,511 143,511"/>
                  </Shape>
                  <String CONTENT="uare uoluer̃ ieiuniũq laxare his ꝓut potui disputati"
                          HPOS="143"
                          VPOS="437"
                          WIDTH="1600"
                          HEIGHT="74"/>
               </TextLine>
               <TextLine ID="zone-line_IRHT_P_001204_1-5"
                         BASELINE=""
                         HPOS="135"
                         VPOS="528"
                         WIDTH="1610"
                         HEIGHT="80">
                  <Shape>
                     <Polygon POINTS="135,528 1745,528 1745,608 135,608"/>
                  </Shape>
                  <String CONTENT="moneo ea quę locut᷒ sũ serues qͣntũ potes ut ęccl̃ę d"
                          HPOS="135"
                          VPOS="528"
                          WIDTH="1610"
                          HEIGHT="80"/>
               </TextLine>
               <TextLine ID="zone-line_IRHT_P_001204_1-6"
                         BASELINE=""
                         HPOS="138"
                         VPOS="632"
                         WIDTH="1605"
                         HEIGHT="77">
                  <Shape>
                     <Polygon POINTS="138,632 1743,632 1743,709 138,709"/>
                  </Shape>
                  <String CONTENT="prudentẽ ac pacificũ filiũ aliaquę quę int̃rogasti"
                          HPOS="138"
                          VPOS="632"
                          WIDTH="1605"
                          HEIGHT="77"/>
               </TextLine>
               <TextLine ID="zone-line_IRHT_P_001204_1-7"
                         BASELINE=""
                         HPOS="118"
                         VPOS="759"
                         WIDTH="1627"
                         HEIGHT="44">
                  <Shape>
                     <Polygon POINTS="118,759 1745,759 1745,803 118,803"/>
                  </Shape>
                  <String CONTENT="si dñs uoluerit alio tẽpore expediam explic̃ lib̃"
                          HPOS="118"
                          VPOS="759"
                          WIDTH="1627"
                          HEIGHT="44"/>
               </TextLine>
               <TextLine ID="zone-line_IRHT_P_001204_1-8"
                         BASELINE=""
                         HPOS="218"
                         VPOS="846"
                         WIDTH="1533"
                         HEIGHT="58">
                  <Shape>
                     <Polygon POINTS="218,846 1751,846 1751,904 218,904"/>
                  </Shape>
                  <String CONTENT="incipit ii᷒ ad evndẽ iañ de c̃svetvdine ęccl̃ę"
                          HPOS="218"
                          VPOS="846"
                          WIDTH="1533"
                          HEIGHT="58"/>
               </TextLine>
               <TextLine ID="zone-line_IRHT_P_001204_1-9"
                         BASELINE=""
                         HPOS="260"
                         VPOS="922"
                         WIDTH="1462"
                         HEIGHT="81">
                  <Shape>
                     <Polygon POINTS="260,922 1722,922 1722,1003 260,1003"/>
                  </Shape>
                  <String CONTENT="dilectissimo filio ianuario augustinus"
                          HPOS="260"
                          VPOS="922"
                          WIDTH="1462"
                          HEIGHT="81"/>
               </TextLine>
               <TextLine ID="zone-line_IRHT_P_001204_1-10"
                         BASELINE=""
                         HPOS="279"
                         VPOS="1013"
                         WIDTH="1466"
                         HEIGHT="74">
                  <Shape>
                     <Polygon POINTS="279,1013 1745,1013 1745,1087 279,1087"/>
                  </Shape>
                  <String CONTENT="lectis litt͛is tuis ubi me cõmonuisti ut debitũ"
                          HPOS="279"
                          VPOS="1013"
                          WIDTH="1466"
                          HEIGHT="74"/>
               </TextLine>
               <TextLine ID="zone-line_IRHT_P_001204_1-11"
                         BASELINE=""
                         HPOS="201"
                         VPOS="1106"
                         WIDTH="1548"
                         HEIGHT="73">
                  <Shape>
                     <Polygon POINTS="201,1106 1749,1106 1749,1179 201,1179"/>
                  </Shape>
                  <String CONTENT="redderẽ de residuis enodandis questionib᷒ qͣs iã lon"
                          HPOS="201"
                          VPOS="1106"
                          WIDTH="1548"
                          HEIGHT="73"/>
               </TextLine>
               <TextLine ID="zone-line_IRHT_P_001204_1-12"
                         BASELINE=""
                         HPOS="140"
                         VPOS="1203"
                         WIDTH="1605"
                         HEIGHT="74">
                  <Shape>
                     <Polygon POINTS="140,1203 1745,1203 1745,1277 140,1277"/>
                  </Shape>
                  <String CONTENT="ge añ quesiueras gͣtissimũ mͥ atq karissimũ desideriũ"
                          HPOS="140"
                          VPOS="1203"
                          WIDTH="1605"
                          HEIGHT="74"/>
               </TextLine>
            </TextBlock>
         </PrintSpace>
      </Page>
   </Layout>
</alto>
