<?xml version="1.0" encoding="UTF-8"?>
<alto xmlns="http://www.loc.gov/standards/alto/ns-v4#"
      xmlns:xsi="http://www.w3.org/2001/XMLSchema-instance"
      xmlns:tei="http://www.tei-c.org/ns/1.0"
      xsi:schemaLocation="http://www.loc.gov/standards/alto/ns-v4# ../schema/alto.xsd">
   <Description>
      <MeasurementUnit>pixel</MeasurementUnit>
      <sourceImageInformation>
         <fileName>IRHT_P_008194.tif</fileName>
      </sourceImageInformation>
   </Description>
   <Layout>
      <Page ID="zone-page_IRHT_P_008194"
            PHYSICAL_IMG_NR="0"
            WIDTH="1718"
            HEIGHT="1251">
         <PrintSpace HPOS="0" VPOS="0" WIDTH="1718" HEIGHT="1251">
            <TextBlock HPOS="178"
                       VPOS="8"
                       WIDTH="396"
                       HEIGHT="1223"
                       ID="zone-col_IRHT_P_008194_1">
               <Shape>
                  <Polygon POINTS="178,8 574,8 574,1231 178,1231"/>
               </Shape>
               <TextLine ID="zone-line_IRHT_P_008194_1-1"
                         BASELINE=""
                         HPOS="216"
                         VPOS="81"
                         WIDTH="216"
                         HEIGHT="37">
                  <Shape>
                     <Polygon POINTS="216,81 432,81 432,118 216,118"/>
                  </Shape>
                  <String CONTENT="ꝑegͥnus"
                          HPOS="216"
                          VPOS="81"
                          WIDTH="216"
                          HEIGHT="37"/>
               </TextLine>
               <TextLine ID="zone-line_IRHT_P_008194_1-2"
                         BASELINE=""
                         HPOS="239"
                         VPOS="131"
                         WIDTH="104"
                         HEIGHT="41">
                  <Shape>
                     <Polygon POINTS="239,131 343,131 343,172 239,172"/>
                  </Shape>
                  <String CONTENT="ꝑficio"
                          HPOS="239"
                          VPOS="131"
                          WIDTH="104"
                          HEIGHT="41"/>
               </TextLine>
               <TextLine ID="zone-line_IRHT_P_008194_1-3"
                         BASELINE=""
                         HPOS="228"
                         VPOS="178"
                         WIDTH="178"
                         HEIGHT="37">
                  <Shape>
                     <Polygon POINTS="228,178 406,178 406,215 228,215"/>
                  </Shape>
                  <String CONTENT="pericl̃m"
                          HPOS="228"
                          VPOS="178"
                          WIDTH="178"
                          HEIGHT="37"/>
               </TextLine>
               <TextLine ID="zone-line_IRHT_P_008194_1-4"
                         BASELINE=""
                         HPOS="229"
                         VPOS="226"
                         WIDTH="204"
                         HEIGHT="38">
                  <Shape>
                     <Polygon POINTS="229,226 433,226 433,264 229,264"/>
                  </Shape>
                  <String CONTENT="periuriũ"
                          HPOS="229"
                          VPOS="226"
                          WIDTH="204"
                          HEIGHT="38"/>
               </TextLine>
               <TextLine ID="zone-line_IRHT_P_008194_1-5"
                         BASELINE=""
                         HPOS="230"
                         VPOS="275"
                         WIDTH="238"
                         HEIGHT="36">
                  <Shape>
                     <Polygon POINTS="230,275 468,275 468,311 230,311"/>
                  </Shape>
                  <String CONTENT="perseũanͣ"
                          HPOS="230"
                          VPOS="275"
                          WIDTH="238"
                          HEIGHT="36"/>
               </TextLine>
               <TextLine ID="zone-line_IRHT_P_008194_1-6"
                         BASELINE=""
                         HPOS="222"
                         VPOS="330"
                         WIDTH="168"
                         HEIGHT="36">
                  <Shape>
                     <Polygon POINTS="222,330 390,330 390,366 222,366"/>
                  </Shape>
                  <String CONTENT="peticio"
                          HPOS="222"
                          VPOS="330"
                          WIDTH="168"
                          HEIGHT="36"/>
               </TextLine>
               <TextLine ID="zone-line_IRHT_P_008194_1-7"
                         BASELINE=""
                         HPOS="227"
                         VPOS="375"
                         WIDTH="247"
                         HEIGHT="38">
                  <Shape>
                     <Polygon POINTS="227,375 474,375 474,413 227,413"/>
                  </Shape>
                  <String CONTENT="petr᷒ apl̃s"
                          HPOS="227"
                          VPOS="375"
                          WIDTH="247"
                          HEIGHT="38"/>
               </TextLine>
               <TextLine ID="zone-line_IRHT_P_008194_1-8"
                         BASELINE=""
                         HPOS="218"
                         VPOS="434"
                         WIDTH="300"
                         HEIGHT="41">
                  <Shape>
                     <Polygon POINTS="218,434 518,434 518,475 218,475"/>
                  </Shape>
                  <String CONTENT="petr᷒ martir"
                          HPOS="218"
                          VPOS="434"
                          WIDTH="300"
                          HEIGHT="41"/>
               </TextLine>
               <TextLine ID="zone-line_IRHT_P_008194_1-9"
                         BASELINE=""
                         HPOS="214"
                         VPOS="479"
                         WIDTH="196"
                         HEIGHT="36">
                  <Shape>
                     <Polygon POINTS="214,479 410,479 410,515 214,515"/>
                  </Shape>
                  <String CONTENT="pietas"
                          HPOS="214"
                          VPOS="479"
                          WIDTH="196"
                          HEIGHT="36"/>
               </TextLine>
               <TextLine ID="zone-line_IRHT_P_008194_1-10"
                         BASELINE=""
                         HPOS="213"
                         VPOS="534"
                         WIDTH="212"
                         HEIGHT="37">
                  <Shape>
                     <Polygon POINTS="213,534 425,534 425,571 213,571"/>
                  </Shape>
                  <String CONTENT="pigricia"
                          HPOS="213"
                          VPOS="534"
                          WIDTH="212"
                          HEIGHT="37"/>
               </TextLine>
               <TextLine ID="zone-line_IRHT_P_008194_1-11"
                         BASELINE=""
                         HPOS="205"
                         VPOS="582"
                         WIDTH="200"
                         HEIGHT="36">
                  <Shape>
                     <Polygon POINTS="205,582 405,582 405,618 205,618"/>
                  </Shape>
                  <String CONTENT="piscator"
                          HPOS="205"
                          VPOS="582"
                          WIDTH="200"
                          HEIGHT="36"/>
               </TextLine>
               <TextLine ID="zone-line_IRHT_P_008194_1-12"
                         BASELINE=""
                         HPOS="218"
                         VPOS="627"
                         WIDTH="190"
                         HEIGHT="39">
                  <Shape>
                     <Polygon POINTS="218,627 408,627 408,666 218,666"/>
                  </Shape>
                  <String CONTENT="pollucio"
                          HPOS="218"
                          VPOS="627"
                          WIDTH="190"
                          HEIGHT="39"/>
               </TextLine>
               <TextLine ID="zone-line_IRHT_P_008194_1-13"
                         BASELINE=""
                         HPOS="212"
                         VPOS="683"
                         WIDTH="224"
                         HEIGHT="34">
                  <Shape>
                     <Polygon POINTS="212,683 436,683 436,717 212,717"/>
                  </Shape>
                  <String CONTENT="potencia"
                          HPOS="212"
                          VPOS="683"
                          WIDTH="224"
                          HEIGHT="34"/>
               </TextLine>
               <TextLine ID="zone-line_IRHT_P_008194_1-14"
                         BASELINE=""
                         HPOS="210"
                         VPOS="727"
                         WIDTH="201"
                         HEIGHT="44">
                  <Shape>
                     <Polygon POINTS="210,727 411,727 411,771 210,771"/>
                  </Shape>
                  <String CONTENT="potus"
                          HPOS="210"
                          VPOS="727"
                          WIDTH="201"
                          HEIGHT="44"/>
               </TextLine>
               <TextLine ID="zone-line_IRHT_P_008194_1-15"
                         BASELINE=""
                         HPOS="219"
                         VPOS="786"
                         WIDTH="243"
                         HEIGHT="35">
                  <Shape>
                     <Polygon POINTS="219,786 462,786 462,821 219,821"/>
                  </Shape>
                  <String CONTENT="preceptũ"
                          HPOS="219"
                          VPOS="786"
                          WIDTH="243"
                          HEIGHT="35"/>
               </TextLine>
               <TextLine ID="zone-line_IRHT_P_008194_1-16"
                         BASELINE=""
                         HPOS="215"
                         VPOS="838"
                         WIDTH="291"
                         HEIGHT="35">
                  <Shape>
                     <Polygon POINTS="215,838 506,838 506,873 215,873"/>
                  </Shape>
                  <String CONTENT="predestinacõ"
                          HPOS="215"
                          VPOS="838"
                          WIDTH="291"
                          HEIGHT="35"/>
               </TextLine>
               <TextLine ID="zone-line_IRHT_P_008194_1-17"
                         BASELINE=""
                         HPOS="211"
                         VPOS="888"
                         WIDTH="249"
                         HEIGHT="36">
                  <Shape>
                     <Polygon POINTS="211,888 460,888 460,924 211,924"/>
                  </Shape>
                  <String CONTENT="predicacio"
                          HPOS="211"
                          VPOS="888"
                          WIDTH="249"
                          HEIGHT="36"/>
               </TextLine>
               <TextLine ID="zone-line_IRHT_P_008194_1-18"
                         BASELINE=""
                         HPOS="218"
                         VPOS="938"
                         WIDTH="236"
                         HEIGHT="38">
                  <Shape>
                     <Polygon POINTS="218,938 454,938 454,976 218,976"/>
                  </Shape>
                  <String CONTENT="predicator"
                          HPOS="218"
                          VPOS="938"
                          WIDTH="236"
                          HEIGHT="38"/>
               </TextLine>
               <TextLine ID="zone-line_IRHT_P_008194_1-19"
                         BASELINE=""
                         HPOS="207"
                         VPOS="988"
                         WIDTH="166"
                         HEIGHT="35">
                  <Shape>
                     <Polygon POINTS="207,988 373,988 373,1023 207,1023"/>
                  </Shape>
                  <String CONTENT="predo"
                          HPOS="207"
                          VPOS="988"
                          WIDTH="166"
                          HEIGHT="35"/>
               </TextLine>
               <TextLine ID="zone-line_IRHT_P_008194_1-20"
                         BASELINE=""
                         HPOS="204"
                         VPOS="1037"
                         WIDTH="215"
                         HEIGHT="40">
                  <Shape>
                     <Polygon POINTS="204,1037 419,1037 419,1077 204,1077"/>
                  </Shape>
                  <String CONTENT="prelatus"
                          HPOS="204"
                          VPOS="1037"
                          WIDTH="215"
                          HEIGHT="40"/>
               </TextLine>
               <TextLine ID="zone-line_IRHT_P_008194_1-21"
                         BASELINE=""
                         HPOS="202"
                         VPOS="1089"
                         WIDTH="214"
                         HEIGHT="41">
                  <Shape>
                     <Polygon POINTS="202,1089 416,1089 416,1130 202,1130"/>
                  </Shape>
                  <String CONTENT="prelacio"
                          HPOS="202"
                          VPOS="1089"
                          WIDTH="214"
                          HEIGHT="41"/>
               </TextLine>
               <TextLine ID="zone-line_IRHT_P_008194_1-22"
                         BASELINE=""
                         HPOS="201"
                         VPOS="1143"
                         WIDTH="213"
                         HEIGHT="37">
                  <Shape>
                     <Polygon POINTS="201,1143 414,1143 414,1180 201,1180"/>
                  </Shape>
                  <String CONTENT="positus"
                          HPOS="201"
                          VPOS="1143"
                          WIDTH="213"
                          HEIGHT="37"/>
               </TextLine>
               <TextLine ID="zone-line_IRHT_P_008194_1-23"
                         BASELINE=""
                         HPOS="207"
                         VPOS="1195"
                         WIDTH="203"
                         HEIGHT="36">
                  <Shape>
                     <Polygon POINTS="207,1195 410,1195 410,1231 207,1231"/>
                  </Shape>
                  <String CONTENT="sciencia"
                          HPOS="207"
                          VPOS="1195"
                          WIDTH="203"
                          HEIGHT="36"/>
               </TextLine>
            </TextBlock>
            <TextBlock HPOS="574"
                       VPOS="8"
                       WIDTH="413"
                       HEIGHT="1223"
                       ID="zone-col_IRHT_P_008194_2">
               <Shape>
                  <Polygon POINTS="574,8 987,8 987,1231 574,1231"/>
               </Shape>
               <TextLine ID="zone-line_IRHT_P_008194_2-1"
                         BASELINE=""
                         HPOS="650"
                         VPOS="95"
                         WIDTH="196"
                         HEIGHT="37">
                  <Shape>
                     <Polygon POINTS="650,95 846,95 846,132 650,132"/>
                  </Shape>
                  <String CONTENT="sermo"
                          HPOS="650"
                          VPOS="95"
                          WIDTH="196"
                          HEIGHT="37"/>
               </TextLine>
               <TextLine ID="zone-line_IRHT_P_008194_2-2"
                         BASELINE=""
                         HPOS="645"
                         VPOS="142"
                         WIDTH="214"
                         HEIGHT="34">
                  <Shape>
                     <Polygon POINTS="645,142 859,142 859,176 645,176"/>
                  </Shape>
                  <String CONTENT="serpens"
                          HPOS="645"
                          VPOS="142"
                          WIDTH="214"
                          HEIGHT="34"/>
               </TextLine>
               <TextLine ID="zone-line_IRHT_P_008194_2-3"
                         BASELINE=""
                         HPOS="647"
                         VPOS="188"
                         WIDTH="172"
                         HEIGHT="40">
                  <Shape>
                     <Polygon POINTS="647,188 819,188 819,228 647,228"/>
                  </Shape>
                  <String CONTENT="s̃uiciũ"
                          HPOS="647"
                          VPOS="188"
                          WIDTH="172"
                          HEIGHT="40"/>
               </TextLine>
               <TextLine ID="zone-line_IRHT_P_008194_2-4"
                         BASELINE=""
                         HPOS="643"
                         VPOS="234"
                         WIDTH="210"
                         HEIGHT="42">
                  <Shape>
                     <Polygon POINTS="643,234 853,234 853,276 643,276"/>
                  </Shape>
                  <String CONTENT="seũitas"
                          HPOS="643"
                          VPOS="234"
                          WIDTH="210"
                          HEIGHT="42"/>
               </TextLine>
               <TextLine ID="zone-line_IRHT_P_008194_2-5"
                         BASELINE=""
                         HPOS="652"
                         VPOS="283"
                         WIDTH="147"
                         HEIGHT="42">
                  <Shape>
                     <Polygon POINTS="652,283 799,283 799,325 652,325"/>
                  </Shape>
                  <String CONTENT="signũ"
                          HPOS="652"
                          VPOS="283"
                          WIDTH="147"
                          HEIGHT="42"/>
               </TextLine>
               <TextLine ID="zone-line_IRHT_P_008194_2-6"
                         BASELINE=""
                         HPOS="649"
                         VPOS="332"
                         WIDTH="193"
                         HEIGHT="42">
                  <Shape>
                     <Polygon POINTS="649,332 842,332 842,374 649,374"/>
                  </Shape>
                  <String CONTENT="silenciũ"
                          HPOS="649"
                          VPOS="332"
                          WIDTH="193"
                          HEIGHT="42"/>
               </TextLine>
               <TextLine ID="zone-line_IRHT_P_008194_2-7"
                         BASELINE=""
                         HPOS="646"
                         VPOS="385"
                         WIDTH="175"
                         HEIGHT="38">
                  <Shape>
                     <Polygon POINTS="646,385 821,385 821,423 646,423"/>
                  </Shape>
                  <String CONTENT="siluest̃"
                          HPOS="646"
                          VPOS="385"
                          WIDTH="175"
                          HEIGHT="38"/>
               </TextLine>
               <TextLine ID="zone-line_IRHT_P_008194_2-8"
                         BASELINE=""
                         HPOS="645"
                         VPOS="435"
                         WIDTH="168"
                         HEIGHT="37">
                  <Shape>
                     <Polygon POINTS="645,435 813,435 813,472 645,472"/>
                  </Shape>
                  <String CONTENT="simia"
                          HPOS="645"
                          VPOS="435"
                          WIDTH="168"
                          HEIGHT="37"/>
               </TextLine>
               <TextLine ID="zone-line_IRHT_P_008194_2-9"
                         BASELINE=""
                         HPOS="641"
                         VPOS="486"
                         WIDTH="318"
                         HEIGHT="37">
                  <Shape>
                     <Polygon POINTS="641,486 959,486 959,523 641,523"/>
                  </Shape>
                  <String CONTENT="symon mag᷒"
                          HPOS="641"
                          VPOS="486"
                          WIDTH="318"
                          HEIGHT="37"/>
               </TextLine>
               <TextLine ID="zone-line_IRHT_P_008194_2-10"
                         BASELINE=""
                         HPOS="659"
                         VPOS="536"
                         WIDTH="328"
                         HEIGHT="37">
                  <Shape>
                     <Polygon POINTS="659,536 987,536 987,573 659,573"/>
                  </Shape>
                  <String CONTENT="symon  iudas"
                          HPOS="659"
                          VPOS="536"
                          WIDTH="328"
                          HEIGHT="37"/>
               </TextLine>
               <TextLine ID="zone-line_IRHT_P_008194_2-11"
                         BASELINE=""
                         HPOS="648"
                         VPOS="590"
                         WIDTH="237"
                         HEIGHT="36">
                  <Shape>
                     <Polygon POINTS="648,590 885,590 885,626 648,626"/>
                  </Shape>
                  <String CONTENT="symonia"
                          HPOS="648"
                          VPOS="590"
                          WIDTH="237"
                          HEIGHT="36"/>
               </TextLine>
               <TextLine ID="zone-line_IRHT_P_008194_2-12"
                         BASELINE=""
                         HPOS="647"
                         VPOS="636"
                         WIDTH="262"
                         HEIGHT="37">
                  <Shape>
                     <Polygon POINTS="647,636 909,636 909,673 647,673"/>
                  </Shape>
                  <String CONTENT="sĩplicitas"
                          HPOS="647"
                          VPOS="636"
                          WIDTH="262"
                          HEIGHT="37"/>
               </TextLine>
               <TextLine ID="zone-line_IRHT_P_008194_2-13"
                         BASELINE=""
                         HPOS="649"
                         VPOS="682"
                         WIDTH="254"
                         HEIGHT="41">
                  <Shape>
                     <Polygon POINTS="649,682 903,682 903,723 649,723"/>
                  </Shape>
                  <String CONTENT="simulacio"
                          HPOS="649"
                          VPOS="682"
                          WIDTH="254"
                          HEIGHT="41"/>
               </TextLine>
               <TextLine ID="zone-line_IRHT_P_008194_2-14"
                         BASELINE=""
                         HPOS="648"
                         VPOS="735"
                         WIDTH="283"
                         HEIGHT="38">
                  <Shape>
                     <Polygon POINTS="648,735 931,735 931,773 648,773"/>
                  </Shape>
                  <String CONTENT="singl̃aritas"
                          HPOS="648"
                          VPOS="735"
                          WIDTH="283"
                          HEIGHT="38"/>
               </TextLine>
               <TextLine ID="zone-line_IRHT_P_008194_2-15"
                         BASELINE=""
                         HPOS="643"
                         VPOS="778"
                         WIDTH="124"
                         HEIGHT="44">
                  <Shape>
                     <Polygon POINTS="643,778 767,778 767,822 643,822"/>
                  </Shape>
                  <String CONTENT="sitis"
                          HPOS="643"
                          VPOS="778"
                          WIDTH="124"
                          HEIGHT="44"/>
               </TextLine>
               <TextLine ID="zone-line_IRHT_P_008194_2-16"
                         BASELINE=""
                         HPOS="651"
                         VPOS="838"
                         WIDTH="242"
                         HEIGHT="33">
                  <Shape>
                     <Polygon POINTS="651,838 893,838 893,871 651,871"/>
                  </Shape>
                  <String CONTENT="sobrietas"
                          HPOS="651"
                          VPOS="838"
                          WIDTH="242"
                          HEIGHT="33"/>
               </TextLine>
               <TextLine ID="zone-line_IRHT_P_008194_2-17"
                         BASELINE=""
                         HPOS="640"
                         VPOS="882"
                         WIDTH="201"
                         HEIGHT="39">
                  <Shape>
                     <Polygon POINTS="640,882 841,882 841,921 640,921"/>
                  </Shape>
                  <String CONTENT="sompn᷒"
                          HPOS="640"
                          VPOS="882"
                          WIDTH="201"
                          HEIGHT="39"/>
               </TextLine>
               <TextLine ID="zone-line_IRHT_P_008194_2-18"
                         BASELINE=""
                         HPOS="643"
                         VPOS="936"
                         WIDTH="246"
                         HEIGHT="42">
                  <Shape>
                     <Polygon POINTS="643,936 889,936 889,978 643,978"/>
                  </Shape>
                  <String CONTENT="sortilegiũ"
                          HPOS="643"
                          VPOS="936"
                          WIDTH="246"
                          HEIGHT="42"/>
               </TextLine>
               <TextLine ID="zone-line_IRHT_P_008194_2-19"
                         BASELINE=""
                         HPOS="644"
                         VPOS="986"
                         WIDTH="233"
                         HEIGHT="43">
                  <Shape>
                     <Polygon POINTS="644,986 877,986 877,1029 644,1029"/>
                  </Shape>
                  <String CONTENT="spectacl̃m"
                          HPOS="644"
                          VPOS="986"
                          WIDTH="233"
                          HEIGHT="43"/>
               </TextLine>
               <TextLine ID="zone-line_IRHT_P_008194_2-20"
                         BASELINE=""
                         HPOS="643"
                         VPOS="1043"
                         WIDTH="210"
                         HEIGHT="39">
                  <Shape>
                     <Polygon POINTS="643,1043 853,1043 853,1082 643,1082"/>
                  </Shape>
                  <String CONTENT="solitudo"
                          HPOS="643"
                          VPOS="1043"
                          WIDTH="210"
                          HEIGHT="39"/>
               </TextLine>
               <TextLine ID="zone-line_IRHT_P_008194_2-21"
                         BASELINE=""
                         HPOS="640"
                         VPOS="1099"
                         WIDTH="193"
                         HEIGHT="38">
                  <Shape>
                     <Polygon POINTS="640,1099 833,1099 833,1137 640,1137"/>
                  </Shape>
                  <String CONTENT="solucio"
                          HPOS="640"
                          VPOS="1099"
                          WIDTH="193"
                          HEIGHT="38"/>
               </TextLine>
               <TextLine ID="zone-line_IRHT_P_008194_2-22"
                         BASELINE=""
                         HPOS="647"
                         VPOS="1148"
                         WIDTH="232"
                         HEIGHT="42">
                  <Shape>
                     <Polygon POINTS="647,1148 879,1148 879,1190 647,1190"/>
                  </Shape>
                  <String CONTENT="sponsalia"
                          HPOS="647"
                          VPOS="1148"
                          WIDTH="232"
                          HEIGHT="42"/>
               </TextLine>
               <TextLine ID="zone-line_IRHT_P_008194_2-23"
                         BASELINE=""
                         HPOS="640"
                         VPOS="1179"
                         WIDTH="170"
                         HEIGHT="56">
                  <Shape>
                     <Polygon POINTS="640,1179 810,1179 810,1235 640,1235"/>
                  </Shape>
                  <String CONTENT="status"
                          HPOS="640"
                          VPOS="1179"
                          WIDTH="170"
                          HEIGHT="56"/>
               </TextLine>
            </TextBlock>
            <TextBlock HPOS="1082"
                       VPOS="104"
                       WIDTH="495"
                       HEIGHT="1049"
                       ID="zone-col_IRHT_P_008194_3">
               <Shape>
                  <Polygon POINTS="1082,104 1577,104 1577,1153 1082,1153"/>
               </Shape>
               <TextLine ID="zone-line_IRHT_P_008194_3-1"
                         BASELINE=""
                         HPOS="1100"
                         VPOS="104"
                         WIDTH="416"
                         HEIGHT="45">
                  <Shape>
                     <Polygon POINTS="1100,104 1516,104 1516,149 1100,149"/>
                  </Shape>
                  <String CONTENT="finis huic uenit"
                          HPOS="1100"
                          VPOS="104"
                          WIDTH="416"
                          HEIGHT="45"/>
               </TextLine>
               <TextLine ID="zone-line_IRHT_P_008194_3-2"
                         BASELINE=""
                         HPOS="1095"
                         VPOS="153"
                         WIDTH="422"
                         HEIGHT="43">
                  <Shape>
                     <Polygon POINTS="1095,153 1517,153 1517,196 1095,196"/>
                  </Shape>
                  <String CONTENT=" ecce nũc uenit"
                          HPOS="1095"
                          VPOS="153"
                          WIDTH="422"
                          HEIGHT="43"/>
               </TextLine>
               <TextLine ID="zone-line_IRHT_P_008194_3-3"
                         BASELINE=""
                         HPOS="1103"
                         VPOS="202"
                         WIDTH="446"
                         HEIGHT="46">
                  <Shape>
                     <Polygon POINTS="1103,202 1549,202 1549,248 1103,248"/>
                  </Shape>
                  <String CONTENT="hi᷒ alphabeti finis"
                          HPOS="1103"
                          VPOS="202"
                          WIDTH="446"
                          HEIGHT="46"/>
               </TextLine>
               <TextLine ID="zone-line_IRHT_P_008194_3-4"
                         BASELINE=""
                         HPOS="1121"
                         VPOS="255"
                         WIDTH="408"
                         HEIGHT="41">
                  <Shape>
                     <Polygon POINTS="1121,255 1529,255 1529,296 1121,296"/>
                  </Shape>
                  <String CONTENT="illi gr̃as qui÷ al"
                          HPOS="1121"
                          VPOS="255"
                          WIDTH="408"
                          HEIGHT="41"/>
               </TextLine>
               <TextLine ID="zone-line_IRHT_P_008194_3-5"
                         BASELINE=""
                         HPOS="1103"
                         VPOS="305"
                         WIDTH="406"
                         HEIGHT="44">
                  <Shape>
                     <Polygon POINTS="1103,305 1509,305 1509,349 1103,349"/>
                  </Shape>
                  <String CONTENT="pha  o pͥncipiũ"
                          HPOS="1103"
                          VPOS="305"
                          WIDTH="406"
                          HEIGHT="44"/>
               </TextLine>
               <TextLine ID="zone-line_IRHT_P_008194_3-6"
                         BASELINE=""
                         HPOS="1100"
                         VPOS="358"
                         WIDTH="411"
                         HEIGHT="45">
                  <Shape>
                     <Polygon POINTS="1100,358 1511,358 1511,403 1100,403"/>
                  </Shape>
                  <String CONTENT=" finis ꝙ qͥ hũc"
                          HPOS="1100"
                          VPOS="358"
                          WIDTH="411"
                          HEIGHT="45"/>
               </TextLine>
               <TextLine ID="zone-line_IRHT_P_008194_3-7"
                         BASELINE=""
                         HPOS="1102"
                         VPOS="413"
                         WIDTH="407"
                         HEIGHT="38">
                  <Shape>
                     <Polygon POINTS="1102,413 1509,413 1509,451 1102,451"/>
                  </Shape>
                  <String CONTENT="libꝝ lecturi sunt"
                          HPOS="1102"
                          VPOS="413"
                          WIDTH="407"
                          HEIGHT="38"/>
               </TextLine>
               <TextLine ID="zone-line_IRHT_P_008194_3-8"
                         BASELINE=""
                         HPOS="1095"
                         VPOS="461"
                         WIDTH="414"
                         HEIGHT="31">
                  <Shape>
                     <Polygon POINTS="1095,461 1509,461 1509,492 1095,492"/>
                  </Shape>
                  <String CONTENT="orare deuote dig"
                          HPOS="1095"
                          VPOS="461"
                          WIDTH="414"
                          HEIGHT="31"/>
               </TextLine>
               <TextLine ID="zone-line_IRHT_P_008194_3-9"
                         BASELINE=""
                         HPOS="1101"
                         VPOS="502"
                         WIDTH="428"
                         HEIGHT="38">
                  <Shape>
                     <Polygon POINTS="1101,502 1529,502 1529,540 1101,540"/>
                  </Shape>
                  <String CONTENT="nent᷑ ut hoꝝ ꝯpi"
                          HPOS="1101"
                          VPOS="502"
                          WIDTH="428"
                          HEIGHT="38"/>
               </TextLine>
               <TextLine ID="zone-line_IRHT_P_008194_3-10"
                         BASELINE=""
                         HPOS="1098"
                         VPOS="548"
                         WIDTH="444"
                         HEIGHT="42">
                  <Shape>
                     <Polygon POINTS="1098,548 1542,548 1542,590 1098,590"/>
                  </Shape>
                  <String CONTENT="lator c᷒ nom̃ ĩ ꝓlo"
                          HPOS="1098"
                          VPOS="548"
                          WIDTH="444"
                          HEIGHT="42"/>
               </TextLine>
               <TextLine ID="zone-line_IRHT_P_008194_3-11"
                         BASELINE=""
                         HPOS="1100"
                         VPOS="599"
                         WIDTH="422"
                         HEIGHT="41">
                  <Shape>
                     <Polygon POINTS="1100,599 1522,599 1522,640 1100,640"/>
                  </Shape>
                  <String CONTENT="go ꝯtinet᷑ eoꝝ o"
                          HPOS="1100"
                          VPOS="599"
                          WIDTH="422"
                          HEIGHT="41"/>
               </TextLine>
               <TextLine ID="zone-line_IRHT_P_008194_3-12"
                         BASELINE=""
                         HPOS="1093"
                         VPOS="647"
                         WIDTH="412"
                         HEIGHT="36">
                  <Shape>
                     <Polygon POINTS="1093,647 1505,647 1505,683 1093,683"/>
                  </Shape>
                  <String CONTENT="racõib adiutus"
                          HPOS="1093"
                          VPOS="647"
                          WIDTH="412"
                          HEIGHT="36"/>
               </TextLine>
               <TextLine ID="zone-line_IRHT_P_008194_3-13"
                         BASELINE=""
                         HPOS="1095"
                         VPOS="693"
                         WIDTH="444"
                         HEIGHT="45">
                  <Shape>
                     <Polygon POINTS="1095,693 1539,693 1539,738 1095,738"/>
                  </Shape>
                  <String CONTENT="finẽ legatũ ꝯsequi"
                          HPOS="1095"
                          VPOS="693"
                          WIDTH="444"
                          HEIGHT="45"/>
               </TextLine>
               <TextLine ID="zone-line_IRHT_P_008194_3-14"
                         BASELINE=""
                         HPOS="1091"
                         VPOS="748"
                         WIDTH="434"
                         HEIGHT="50">
                  <Shape>
                     <Polygon POINTS="1091,748 1525,748 1525,798 1091,798"/>
                  </Shape>
                  <String CONTENT="m̃eat᷑ ꝙ ipe pr̃a"
                          HPOS="1091"
                          VPOS="748"
                          WIDTH="434"
                          HEIGHT="50"/>
               </TextLine>
               <TextLine ID="zone-line_IRHT_P_008194_3-15"
                         BASELINE=""
                         HPOS="1091"
                         VPOS="799"
                         WIDTH="422"
                         HEIGHT="51">
                  <Shape>
                     <Polygon POINTS="1091,799 1513,799 1513,850 1091,850"/>
                  </Shape>
                  <String CONTENT="re dignetur sc̃a"
                          HPOS="1091"
                          VPOS="799"
                          WIDTH="422"
                          HEIGHT="51"/>
               </TextLine>
               <TextLine ID="zone-line_IRHT_P_008194_3-16"
                         BASELINE=""
                         HPOS="1099"
                         VPOS="850"
                         WIDTH="414"
                         HEIGHT="51">
                  <Shape>
                     <Polygon POINTS="1099,850 1513,850 1513,901 1099,901"/>
                  </Shape>
                  <String CONTENT="trinitas un᷒ de᷒"
                          HPOS="1099"
                          VPOS="850"
                          WIDTH="414"
                          HEIGHT="51"/>
               </TextLine>
               <TextLine ID="zone-line_IRHT_P_008194_3-17"
                         BASELINE=""
                         HPOS="1101"
                         VPOS="904"
                         WIDTH="428"
                         HEIGHT="42">
                  <Shape>
                     <Polygon POINTS="1101,904 1529,904 1529,946 1101,946"/>
                  </Shape>
                  <String CONTENT="sñ fine benedc̃us"
                          HPOS="1101"
                          VPOS="904"
                          WIDTH="428"
                          HEIGHT="42"/>
               </TextLine>
               <TextLine ID="zone-line_IRHT_P_008194_3-18"
                         BASELINE=""
                         HPOS="1095"
                         VPOS="960"
                         WIDTH="482"
                         HEIGHT="42">
                  <Shape>
                     <Polygon POINTS="1095,960 1577,960 1577,1002 1095,1002"/>
                  </Shape>
                  <String CONTENT="in scl̃a scl̃oꝝ amen"
                          HPOS="1095"
                          VPOS="960"
                          WIDTH="482"
                          HEIGHT="42"/>
               </TextLine>
               <TextLine ID="zone-line_IRHT_P_008194_3-19"
                         BASELINE=""
                         HPOS="1082"
                         VPOS="1055"
                         WIDTH="467"
                         HEIGHT="49">
                  <Shape>
                     <Polygon POINTS="1082,1055 1549,1055 1549,1104 1082,1104"/>
                  </Shape>
                  <String CONTENT="anno dñi m cccmo"
                          HPOS="1082"
                          VPOS="1055"
                          WIDTH="467"
                          HEIGHT="49"/>
               </TextLine>
               <TextLine ID="zone-line_IRHT_P_008194_3-20"
                         BASELINE=""
                         HPOS="1096"
                         VPOS="1115"
                         WIDTH="120"
                         HEIGHT="37">
                  <Shape>
                     <Polygon POINTS="1096,1115 1216,1115 1216,1152 1096,1152"/>
                  </Shape>
                  <String CONTENT="viii"
                          HPOS="1096"
                          VPOS="1115"
                          WIDTH="120"
                          HEIGHT="37"/>
               </TextLine>
            </TextBlock>
         </PrintSpace>
      </Page>
   </Layout>
</alto>
