<?xml version="1.0" encoding="UTF-8"?>
<alto xmlns="http://www.loc.gov/standards/alto/ns-v4#"
      xmlns:xsi="http://www.w3.org/2001/XMLSchema-instance"
      xmlns:tei="http://www.tei-c.org/ns/1.0"
      xsi:schemaLocation="http://www.loc.gov/standards/alto/ns-v4# ../schema/alto.xsd">
   <Description>
      <MeasurementUnit>pixel</MeasurementUnit>
      <sourceImageInformation>
         <fileName>IRHT_P_005296.tif</fileName>
      </sourceImageInformation>
   </Description>
   <Layout>
      <Page ID="zone-page_IRHT_P_005296"
            PHYSICAL_IMG_NR="0"
            WIDTH="1876"
            HEIGHT="1316">
         <PrintSpace HPOS="0" VPOS="0" WIDTH="1876" HEIGHT="1316">
            <TextBlock HPOS="138"
                       VPOS="55"
                       WIDTH="795"
                       HEIGHT="1223"
                       ID="zone-col_IRHT_P_005296_1">
               <Shape>
                  <Polygon POINTS="138,55 933,55 933,1278 138,1278"/>
               </Shape>
               <TextLine ID="zone-line_IRHT_P_005296_1-1"
                         BASELINE=""
                         HPOS="207"
                         VPOS="236"
                         WIDTH="648"
                         HEIGHT="51">
                  <Shape>
                     <Polygon POINTS="207,236 855,236 855,287 207,287"/>
                  </Shape>
                  <String CONTENT="dubium non est idem qͣre die do"
                          HPOS="207"
                          VPOS="236"
                          WIDTH="648"
                          HEIGHT="51"/>
               </TextLine>
               <TextLine ID="zone-line_IRHT_P_005296_1-2"
                         BASELINE=""
                         HPOS="219"
                         VPOS="292"
                         WIDTH="647"
                         HEIGHT="45">
                  <Shape>
                     <Polygon POINTS="219,292 866,292 866,337 219,337"/>
                  </Shape>
                  <String CONTENT="minico sac̃dotũ ordinacões cele"
                          HPOS="219"
                          VPOS="292"
                          WIDTH="647"
                          HEIGHT="45"/>
               </TextLine>
               <TextLine ID="zone-line_IRHT_P_005296_1-3"
                         BASELINE=""
                         HPOS="725"
                         VPOS="348"
                         WIDTH="141"
                         HEIGHT="42">
                  <Shape>
                     <Polygon POINTS="725,348 866,348 866,390 725,390"/>
                  </Shape>
                  <String CONTENT="brant᷑"
                          HPOS="725"
                          VPOS="348"
                          WIDTH="141"
                          HEIGHT="42"/>
               </TextLine>
               <TextLine ID="zone-line_IRHT_P_005296_1-4"
                         BASELINE=""
                         HPOS="335"
                         VPOS="350"
                         WIDTH="390"
                         HEIGHT="44">
                  <Shape>
                     <Polygon POINTS="335,350 725,350 725,394 335,394"/>
                  </Shape>
                  <String CONTENT="quod in die dñico or"
                          HPOS="335"
                          VPOS="350"
                          WIDTH="390"
                          HEIGHT="44"/>
               </TextLine>
               <TextLine ID="zone-line_IRHT_P_005296_1-5"
                         BASELINE=""
                         HPOS="318"
                         VPOS="409"
                         WIDTH="545"
                         HEIGHT="44">
                  <Shape>
                     <Polygon POINTS="318,409 863,409 863,453 318,453"/>
                  </Shape>
                  <String CONTENT="dinaciones sac̃dotũ ep̃oꝝ celebrã"
                          HPOS="318"
                          VPOS="409"
                          WIDTH="545"
                          HEIGHT="44"/>
               </TextLine>
               <TextLine ID="zone-line_IRHT_P_005296_1-6"
                         BASELINE=""
                         HPOS="187"
                         VPOS="466"
                         WIDTH="662"
                         HEIGHT="48">
                  <Shape>
                     <Polygon POINTS="187,466 849,466 849,514 187,514"/>
                  </Shape>
                  <String CONTENT="tur nõ tm̃ ex consuetudĩe set eciã"
                          HPOS="187"
                          VPOS="466"
                          WIDTH="662"
                          HEIGHT="48"/>
               </TextLine>
               <TextLine ID="zone-line_IRHT_P_005296_1-7"
                         BASELINE=""
                         HPOS="220"
                         VPOS="525"
                         WIDTH="624"
                         HEIGHT="51">
                  <Shape>
                     <Polygon POINTS="220,525 844,525 844,576 220,576"/>
                  </Shape>
                  <String CONTENT="ex apl̃ica nouim᷒ uẽire doctrina"
                          HPOS="220"
                          VPOS="525"
                          WIDTH="624"
                          HEIGHT="51"/>
               </TextLine>
               <TextLine ID="zone-line_IRHT_P_005296_1-8"
                         BASELINE=""
                         HPOS="224"
                         VPOS="582"
                         WIDTH="615"
                         HEIGHT="48">
                  <Shape>
                     <Polygon POINTS="224,582 839,582 839,630 224,630"/>
                  </Shape>
                  <String CONTENT="scriptura act᷒ xiii ũsus pͥn mãifestante q̃d cũ apl̃i"
                          HPOS="224"
                          VPOS="582"
                          WIDTH="615"
                          HEIGHT="48"/>
               </TextLine>
               <TextLine ID="zone-line_IRHT_P_005296_1-9"
                         BASELINE=""
                         HPOS="220"
                         VPOS="642"
                         WIDTH="642"
                         HEIGHT="47">
                  <Shape>
                     <Polygon POINTS="220,642 862,642 862,689 220,689"/>
                  </Shape>
                  <String CONTENT="paulũ  barnabam ex sp̃s sc̃i cepto"
                          HPOS="220"
                          VPOS="642"
                          WIDTH="642"
                          HEIGHT="47"/>
               </TextLine>
               <TextLine ID="zone-line_IRHT_P_005296_1-10"
                         BASELINE=""
                         HPOS="228"
                         VPOS="697"
                         WIDTH="631"
                         HEIGHT="48">
                  <Shape>
                     <Polygon POINTS="228,697 859,697 859,745 228,745"/>
                  </Shape>
                  <String CONTENT="ad eungl̃ium gentib mitt̃ent di"
                          HPOS="228"
                          VPOS="697"
                          WIDTH="631"
                          HEIGHT="48"/>
               </TextLine>
               <TextLine ID="zone-line_IRHT_P_005296_1-11"
                         BASELINE=""
                         HPOS="228"
                         VPOS="754"
                         WIDTH="643"
                         HEIGHT="48">
                  <Shape>
                     <Polygon POINTS="228,754 871,754 871,802 228,802"/>
                  </Shape>
                  <String CONTENT="candũ ieiunantes  orantes impo"
                          HPOS="228"
                          VPOS="754"
                          WIDTH="643"
                          HEIGHT="48"/>
               </TextLine>
               <TextLine ID="zone-line_IRHT_P_005296_1-12"
                         BASELINE=""
                         HPOS="223"
                         VPOS="814"
                         WIDTH="651"
                         HEIGHT="46">
                  <Shape>
                     <Polygon POINTS="223,814 874,814 874,860 223,860"/>
                  </Shape>
                  <String CONTENT="sũunt eis manus ut intl̃ligamus"
                          HPOS="223"
                          VPOS="814"
                          WIDTH="651"
                          HEIGHT="46"/>
               </TextLine>
               <TextLine ID="zone-line_IRHT_P_005296_1-13"
                         BASELINE=""
                         HPOS="236"
                         VPOS="872"
                         WIDTH="632"
                         HEIGHT="52">
                  <Shape>
                     <Polygon POINTS="236,872 868,872 868,924 236,924"/>
                  </Shape>
                  <String CONTENT="qͣnta  danciũ  accipienciũ deuoci"
                          HPOS="236"
                          VPOS="872"
                          WIDTH="632"
                          HEIGHT="52"/>
               </TextLine>
               <TextLine ID="zone-line_IRHT_P_005296_1-14"
                         BASELINE=""
                         HPOS="232"
                         VPOS="933"
                         WIDTH="640"
                         HEIGHT="49">
                  <Shape>
                     <Polygon POINTS="232,933 872,933 872,982 232,982"/>
                  </Shape>
                  <String CONTENT="one curand̃ sit ne tante bñdc̃onis"
                          HPOS="232"
                          VPOS="933"
                          WIDTH="640"
                          HEIGHT="49"/>
               </TextLine>
               <TextLine ID="zone-line_IRHT_P_005296_1-15"
                         BASELINE=""
                         HPOS="210"
                         VPOS="990"
                         WIDTH="660"
                         HEIGHT="50">
                  <Shape>
                     <Polygon POINTS="210,990 870,990 870,1040 210,1040"/>
                  </Shape>
                  <String CONTENT="sacr̃m neggligent̃ uideat᷑ imple"
                          HPOS="210"
                          VPOS="990"
                          WIDTH="660"
                          HEIGHT="50"/>
               </TextLine>
               <TextLine ID="zone-line_IRHT_P_005296_1-16"
                         BASELINE=""
                         HPOS="207"
                         VPOS="1048"
                         WIDTH="664"
                         HEIGHT="50">
                  <Shape>
                     <Polygon POINTS="207,1048 871,1048 871,1098 207,1098"/>
                  </Shape>
                  <String CONTENT="tũ  iõ pie  laudabl̃r apl̃icis morẽ"
                          HPOS="207"
                          VPOS="1048"
                          WIDTH="664"
                          HEIGHT="50"/>
               </TextLine>
               <TextLine ID="zone-line_IRHT_P_005296_1-17"
                         BASELINE=""
                         HPOS="241"
                         VPOS="1111"
                         WIDTH="643"
                         HEIGHT="47">
                  <Shape>
                     <Polygon POINTS="241,1111 884,1111 884,1158 241,1158"/>
                  </Shape>
                  <String CONTENT="gesẜis institutis si hnc ordinãdo"
                          HPOS="241"
                          VPOS="1111"
                          WIDTH="643"
                          HEIGHT="47"/>
               </TextLine>
               <TextLine ID="zone-line_IRHT_P_005296_1-18"
                         BASELINE=""
                         HPOS="214"
                         VPOS="1163"
                         WIDTH="684"
                         HEIGHT="53">
                  <Shape>
                     <Polygon POINTS="214,1163 898,1163 898,1216 214,1216"/>
                  </Shape>
                  <String CONTENT="rũ sac̃doctũ forͣm ꝑ eccl̃ias quibus"
                          HPOS="214"
                          VPOS="1163"
                          WIDTH="684"
                          HEIGHT="53"/>
               </TextLine>
               <TextLine ID="zone-line_IRHT_P_005296_1-19"
                         BASELINE=""
                         HPOS="210"
                         VPOS="1226"
                         WIDTH="652"
                         HEIGHT="48">
                  <Shape>
                     <Polygon POINTS="210,1226 862,1226 862,1274 210,1274"/>
                  </Shape>
                  <String CONTENT="dñs esse te uoluit ̃ ipe ẜuaũis"
                          HPOS="210"
                          VPOS="1226"
                          WIDTH="652"
                          HEIGHT="48"/>
               </TextLine>
            </TextBlock>
            <TextBlock HPOS="990"
                       VPOS="71"
                       WIDTH="710"
                       HEIGHT="1211"
                       ID="zone-col_IRHT_P_005296_2">
               <Shape>
                  <Polygon POINTS="990,71 1700,71 1700,1282 990,1282"/>
               </Shape>
               <TextLine ID="zone-line_IRHT_P_005296_2-1"
                         BASELINE=""
                         HPOS="991"
                         VPOS="239"
                         WIDTH="665"
                         HEIGHT="44">
                  <Shape>
                     <Polygon POINTS="991,239 1656,239 1656,283 991,283"/>
                  </Shape>
                  <String CONTENT="icii ac mediane ebdomade  sabb̃i"
                          HPOS="991"
                          VPOS="239"
                          WIDTH="665"
                          HEIGHT="44"/>
               </TextLine>
               <TextLine ID="zone-line_IRHT_P_005296_2-2"
                         BASELINE=""
                         HPOS="990"
                         VPOS="292"
                         WIDTH="660"
                         HEIGHT="46">
                  <Shape>
                     <Polygon POINTS="990,292 1650,292 1650,338 990,338"/>
                  </Shape>
                  <String CONTENT="ieiunio circa uesꝑas ip̃as ordĩacões"
                          HPOS="990"
                          VPOS="292"
                          WIDTH="660"
                          HEIGHT="46"/>
               </TextLine>
               <TextLine ID="zone-line_IRHT_P_005296_2-3"
                         BASELINE=""
                         HPOS="1000"
                         VPOS="351"
                         WIDTH="651"
                         HEIGHT="42">
                  <Shape>
                     <Polygon POINTS="1000,351 1651,351 1651,393 1000,393"/>
                  </Shape>
                  <String CONTENT="noũitis celebͣndas nec cuiuslib uti"
                          HPOS="1000"
                          VPOS="351"
                          WIDTH="651"
                          HEIGHT="42"/>
               </TextLine>
               <TextLine ID="zone-line_IRHT_P_005296_2-4"
                         BASELINE=""
                         HPOS="995"
                         VPOS="410"
                         WIDTH="633"
                         HEIGHT="41">
                  <Shape>
                     <Polygon POINTS="995,410 1628,410 1628,451 995,451"/>
                  </Shape>
                  <String CONTENT="litatis c̃a pbr̃m seu dyaconẽ hiis"
                          HPOS="995"
                          VPOS="410"
                          WIDTH="633"
                          HEIGHT="41"/>
               </TextLine>
               <TextLine ID="zone-line_IRHT_P_005296_2-5"
                         BASELINE=""
                         HPOS="997"
                         VPOS="469"
                         WIDTH="642"
                         HEIGHT="42">
                  <Shape>
                     <Polygon POINTS="997,469 1639,469 1639,511 997,511"/>
                  </Shape>
                  <String CONTENT="ferre audeant qui añ ipos fũint"
                          HPOS="997"
                          VPOS="469"
                          WIDTH="642"
                          HEIGHT="42"/>
               </TextLine>
               <TextLine ID="zone-line_IRHT_P_005296_2-6"
                         BASELINE=""
                         HPOS="1004"
                         VPOS="525"
                         WIDTH="392"
                         HEIGHT="43">
                  <Shape>
                     <Polygon POINTS="1004,525 1396,525 1396,568 1004,568"/>
                  </Shape>
                  <String CONTENT="ordinati dist̃ lxxvi"
                          HPOS="1004"
                          VPOS="525"
                          WIDTH="392"
                          HEIGHT="43"/>
               </TextLine>
               <TextLine ID="zone-line_IRHT_P_005296_2-7"
                         BASELINE=""
                         HPOS="1101"
                         VPOS="586"
                         WIDTH="542"
                         HEIGHT="43">
                  <Shape>
                     <Polygon POINTS="1101,586 1643,586 1643,629 1101,629"/>
                  </Shape>
                  <String CONTENT="quib tp̃rib ieiunia celebͣnda"
                          HPOS="1101"
                          VPOS="586"
                          WIDTH="542"
                          HEIGHT="43"/>
               </TextLine>
               <TextLine ID="zone-line_IRHT_P_005296_2-8"
                         BASELINE=""
                         HPOS="1101"
                         VPOS="641"
                         WIDTH="555"
                         HEIGHT="43">
                  <Shape>
                     <Polygon POINTS="1101,641 1656,641 1656,684 1101,684"/>
                  </Shape>
                  <String CONTENT="sunt calixtus ppͣ det̃minat scͥ"
                          HPOS="1101"
                          VPOS="641"
                          WIDTH="555"
                          HEIGHT="43"/>
               </TextLine>
               <TextLine ID="zone-line_IRHT_P_005296_2-9"
                         BASELINE=""
                         HPOS="990"
                         VPOS="696"
                         WIDTH="674"
                         HEIGHT="44">
                  <Shape>
                     <Polygon POINTS="990,696 1664,696 1664,740 990,740"/>
                  </Shape>
                  <String CONTENT="bens bñdc̃o ep̃o quib tp̃rib ieiuni"
                          HPOS="990"
                          VPOS="696"
                          WIDTH="674"
                          HEIGHT="44"/>
               </TextLine>
               <TextLine ID="zone-line_IRHT_P_005296_2-10"
                         BASELINE=""
                         HPOS="1445"
                         VPOS="755"
                         WIDTH="215"
                         HEIGHT="40">
                  <Shape>
                     <Polygon POINTS="1445,755 1660,755 1660,795 1445,795"/>
                  </Shape>
                  <String CONTENT="a celebren"
                          HPOS="1445"
                          VPOS="755"
                          WIDTH="215"
                          HEIGHT="40"/>
               </TextLine>
               <TextLine ID="zone-line_IRHT_P_005296_2-11"
                         BASELINE=""
                         HPOS="1557"
                         VPOS="815"
                         WIDTH="94"
                         HEIGHT="40">
                  <Shape>
                     <Polygon POINTS="1557,815 1651,815 1651,855 1557,855"/>
                  </Shape>
                  <String CONTENT="tur" HPOS="1557" VPOS="815" WIDTH="94" HEIGHT="40"/>
               </TextLine>
               <TextLine ID="zone-line_IRHT_P_005296_2-12"
                         BASELINE=""
                         HPOS="1053"
                         VPOS="756"
                         WIDTH="392"
                         HEIGHT="40">
                  <Shape>
                     <Polygon POINTS="1053,756 1445,756 1445,796 1053,796"/>
                  </Shape>
                  <String CONTENT="ieiuniũ q̃d ter i ap̃"
                          HPOS="1053"
                          VPOS="756"
                          WIDTH="392"
                          HEIGHT="40"/>
               </TextLine>
               <TextLine ID="zone-line_IRHT_P_005296_2-13"
                         BASELINE=""
                         HPOS="1052"
                         VPOS="814"
                         WIDTH="505"
                         HEIGHT="45">
                  <Shape>
                     <Polygon POINTS="1052,814 1557,814 1557,859 1052,859"/>
                  </Shape>
                  <String CONTENT="nos in anno celebrare di"
                          HPOS="1052"
                          VPOS="814"
                          WIDTH="505"
                          HEIGHT="45"/>
               </TextLine>
               <TextLine ID="zone-line_IRHT_P_005296_2-14"
                         BASELINE=""
                         HPOS="1046"
                         VPOS="871"
                         WIDTH="596"
                         HEIGHT="47">
                  <Shape>
                     <Polygon POINTS="1046,871 1642,871 1642,918 1046,918"/>
                  </Shape>
                  <String CONTENT="dicistis ꝯuẽiencius nob̃ nũc ꝑ qͣ"
                          HPOS="1046"
                          VPOS="871"
                          WIDTH="596"
                          HEIGHT="47"/>
               </TextLine>
               <TextLine ID="zone-line_IRHT_P_005296_2-15"
                         BASELINE=""
                         HPOS="1002"
                         VPOS="927"
                         WIDTH="646"
                         HEIGHT="50">
                  <Shape>
                     <Polygon POINTS="1002,927 1648,927 1648,977 1002,977"/>
                  </Shape>
                  <String CONTENT="tuor temꝑa f̃i dec̃nim᷒ ut sic̃ annus"
                          HPOS="1002"
                          VPOS="927"
                          WIDTH="646"
                          HEIGHT="50"/>
               </TextLine>
               <TextLine ID="zone-line_IRHT_P_005296_2-16"
                         BASELINE=""
                         HPOS="991"
                         VPOS="982"
                         WIDTH="670"
                         HEIGHT="56">
                  <Shape>
                     <Polygon POINTS="991,982 1661,982 1661,1038 991,1038"/>
                  </Shape>
                  <String CONTENT="ꝑ qͣtuor uoluit̃ tpr̃ sic  nos qͣternũ"
                          HPOS="991"
                          VPOS="982"
                          WIDTH="670"
                          HEIGHT="56"/>
               </TextLine>
               <TextLine ID="zone-line_IRHT_P_005296_2-17"
                         BASELINE=""
                         HPOS="1004"
                         VPOS="1045"
                         WIDTH="644"
                         HEIGHT="47">
                  <Shape>
                     <Polygon POINTS="1004,1045 1648,1045 1648,1092 1004,1092"/>
                  </Shape>
                  <String CONTENT="sollempne agam᷒ ieiuniũ ꝑ qͣtuor"
                          HPOS="1004"
                          VPOS="1045"
                          WIDTH="644"
                          HEIGHT="47"/>
               </TextLine>
               <TextLine ID="zone-line_IRHT_P_005296_2-18"
                         BASELINE=""
                         HPOS="999"
                         VPOS="1100"
                         WIDTH="653"
                         HEIGHT="50">
                  <Shape>
                     <Polygon POINTS="999,1100 1652,1100 1652,1150 999,1150"/>
                  </Shape>
                  <String CONTENT="ãni tpr̃ item ex con. magociẽsi"
                          HPOS="999"
                          VPOS="1100"
                          WIDTH="653"
                          HEIGHT="50"/>
               </TextLine>
               <TextLine ID="zone-line_IRHT_P_005296_2-19"
                         BASELINE=""
                         HPOS="1511"
                         VPOS="1156"
                         WIDTH="139"
                         HEIGHT="45">
                  <Shape>
                     <Polygon POINTS="1511,1156 1650,1156 1650,1201 1511,1201"/>
                  </Shape>
                  <String CONTENT="de eodẽ"
                          HPOS="1511"
                          VPOS="1156"
                          WIDTH="139"
                          HEIGHT="45"/>
               </TextLine>
               <TextLine ID="zone-line_IRHT_P_005296_2-20"
                         BASELINE=""
                         HPOS="1110"
                         VPOS="1162"
                         WIDTH="401"
                         HEIGHT="47">
                  <Shape>
                     <Polygon POINTS="1110,1162 1511,1162 1511,1209 1110,1209"/>
                  </Shape>
                  <String CONTENT="constituim᷒ ut qͣtuor"
                          HPOS="1110"
                          VPOS="1162"
                          WIDTH="401"
                          HEIGHT="47"/>
               </TextLine>
               <TextLine ID="zone-line_IRHT_P_005296_2-21"
                         BASELINE=""
                         HPOS="1146"
                         VPOS="1222"
                         WIDTH="492"
                         HEIGHT="42">
                  <Shape>
                     <Polygon POINTS="1146,1222 1638,1222 1638,1264 1146,1264"/>
                  </Shape>
                  <String CONTENT="tpr̃ anni ab õib hom̃ib ꝯ"
                          HPOS="1146"
                          VPOS="1222"
                          WIDTH="492"
                          HEIGHT="42"/>
               </TextLine>
            </TextBlock>
         </PrintSpace>
      </Page>
   </Layout>
</alto>
