<?xml version="1.0" encoding="UTF-8"?>
<alto xmlns="http://www.loc.gov/standards/alto/ns-v4#"
      xmlns:xsi="http://www.w3.org/2001/XMLSchema-instance"
      xmlns:tei="http://www.tei-c.org/ns/1.0"
      xsi:schemaLocation="http://www.loc.gov/standards/alto/ns-v4# ../schema/alto.xsd">
   <Description>
      <MeasurementUnit>pixel</MeasurementUnit>
      <sourceImageInformation>
         <fileName>IRHT_P_005179.tif</fileName>
      </sourceImageInformation>
   </Description>
   <Layout>
      <Page ID="zone-page_IRHT_P_005179"
            PHYSICAL_IMG_NR="0"
            WIDTH="1383"
            HEIGHT="1936">
         <PrintSpace HPOS="0" VPOS="0" WIDTH="1383" HEIGHT="1936">
            <TextBlock HPOS="408"
                       VPOS="89"
                       WIDTH="918"
                       HEIGHT="1778"
                       ID="zone-col_IRHT_P_005179_1">
               <Shape>
                  <Polygon POINTS="408,89 1326,89 1326,1867 408,1867"/>
               </Shape>
               <TextLine ID="zone-line_IRHT_P_005179_1-1"
                         BASELINE=""
                         HPOS="435"
                         VPOS="89"
                         WIDTH="890"
                         HEIGHT="53">
                  <Shape>
                     <Polygon POINTS="435,89 1325,89 1325,142 435,142"/>
                  </Shape>
                  <String CONTENT="organici in eodẽ instãti in quo desunt eẽ talis"
                          HPOS="435"
                          VPOS="89"
                          WIDTH="890"
                          HEIGHT="53"/>
               </TextLine>
               <TextLine ID="zone-line_IRHT_P_005179_1-2"
                         BASELINE=""
                         HPOS="447"
                         VPOS="160"
                         WIDTH="871"
                         HEIGHT="53">
                  <Shape>
                     <Polygon POINTS="447,160 1318,160 1318,213 447,213"/>
                  </Shape>
                  <String CONTENT="ꝑs desinit ibi esse aĩa nec sequit᷑ p̃p hoc q̃d in e"
                          HPOS="447"
                          VPOS="160"
                          WIDTH="871"
                          HEIGHT="53"/>
               </TextLine>
               <TextLine ID="zone-line_IRHT_P_005179_1-3"
                         BASELINE=""
                         HPOS="446"
                         VPOS="226"
                         WIDTH="857"
                         HEIGHT="58">
                  <Shape>
                     <Polygon POINTS="446,226 1303,226 1303,284 446,284"/>
                  </Shape>
                  <String CONTENT="dem instãti ibi sit  nõ sit  nec ĩ imo ĩstãti"
                          HPOS="446"
                          VPOS="226"
                          WIDTH="857"
                          HEIGHT="58"/>
               </TextLine>
               <TextLine ID="zone-line_IRHT_P_005179_1-4"
                         BASELINE=""
                         HPOS="445"
                         VPOS="295"
                         WIDTH="854"
                         HEIGHT="58">
                  <Shape>
                     <Polygon POINTS="445,295 1299,295 1299,353 445,353"/>
                  </Shape>
                  <String CONTENT="pes uel manus est ꝑs ul̃ nõ ꝑs ip̃ius corꝑis"
                          HPOS="445"
                          VPOS="295"
                          WIDTH="854"
                          HEIGHT="58"/>
               </TextLine>
               <TextLine ID="zone-line_IRHT_P_005179_1-5"
                         BASELINE=""
                         HPOS="1069"
                         VPOS="368"
                         WIDTH="243"
                         HEIGHT="45">
                  <Shape>
                     <Polygon POINTS="1069,368 1312,368 1312,413 1069,413"/>
                  </Shape>
                  <String CONTENT="utrum ãima"
                          HPOS="1069"
                          VPOS="368"
                          WIDTH="243"
                          HEIGHT="45"/>
               </TextLine>
               <TextLine ID="zone-line_IRHT_P_005179_1-6"
                         BASELINE=""
                         HPOS="1084"
                         VPOS="430"
                         WIDTH="228"
                         HEIGHT="45">
                  <Shape>
                     <Polygon POINTS="1084,430 1312,430 1312,475 1084,475"/>
                  </Shape>
                  <String CONTENT="sit simplicior"
                          HPOS="1084"
                          VPOS="430"
                          WIDTH="228"
                          HEIGHT="45"/>
               </TextLine>
               <TextLine ID="zone-line_IRHT_P_005179_1-7"
                         BASELINE=""
                         HPOS="1084"
                         VPOS="489"
                         WIDTH="224"
                         HEIGHT="46">
                  <Shape>
                     <Polygon POINTS="1084,489 1308,489 1308,535 1084,535"/>
                  </Shape>
                  <String CONTENT="om̃ib aliis"
                          HPOS="1084"
                          VPOS="489"
                          WIDTH="224"
                          HEIGHT="46"/>
               </TextLine>
               <TextLine ID="zone-line_IRHT_P_005179_1-8"
                         BASELINE=""
                         HPOS="1165"
                         VPOS="557"
                         WIDTH="147"
                         HEIGHT="44">
                  <Shape>
                     <Polygon POINTS="1165,557 1312,557 1312,601 1165,601"/>
                  </Shape>
                  <String CONTENT="formis"
                          HPOS="1165"
                          VPOS="557"
                          WIDTH="147"
                          HEIGHT="44"/>
               </TextLine>
               <TextLine ID="zone-line_IRHT_P_005179_1-9"
                         BASELINE=""
                         HPOS="465"
                         VPOS="354"
                         WIDTH="604"
                         HEIGHT="57">
                  <Shape>
                     <Polygon POINTS="465,354 1069,354 1069,411 465,411"/>
                  </Shape>
                  <String CONTENT="secundo querit᷑ utrum aĩa sit"
                          HPOS="465"
                          VPOS="354"
                          WIDTH="604"
                          HEIGHT="57"/>
               </TextLine>
               <TextLine ID="zone-line_IRHT_P_005179_1-10"
                         BASELINE=""
                         HPOS="516"
                         VPOS="426"
                         WIDTH="568"
                         HEIGHT="49">
                  <Shape>
                     <Polygon POINTS="516,426 1084,426 1084,475 516,475"/>
                  </Shape>
                  <String CONTENT="simplicõr om̃ib aliis formis"
                          HPOS="516"
                          VPOS="426"
                          WIDTH="568"
                          HEIGHT="49"/>
               </TextLine>
               <TextLine ID="zone-line_IRHT_P_005179_1-11"
                         BASELINE=""
                         HPOS="452"
                         VPOS="485"
                         WIDTH="632"
                         HEIGHT="50">
                  <Shape>
                     <Polygon POINTS="452,485 1084,485 1084,535 452,535"/>
                  </Shape>
                  <String CONTENT=" videt᷑ q̃d nõ  forma que est "
                          HPOS="452"
                          VPOS="485"
                          WIDTH="632"
                          HEIGHT="50"/>
               </TextLine>
               <TextLine ID="zone-line_IRHT_P_005179_1-12"
                         BASELINE=""
                         HPOS="453"
                         VPOS="548"
                         WIDTH="712"
                         HEIGHT="53">
                  <Shape>
                     <Polygon POINTS="453,548 1165,548 1165,601 453,601"/>
                  </Shape>
                  <String CONTENT="plurib modis cõpoĩta qͣm alie est ꝯ"
                          HPOS="453"
                          VPOS="548"
                          WIDTH="712"
                          HEIGHT="53"/>
               </TextLine>
               <TextLine ID="zone-line_IRHT_P_005179_1-13"
                         BASELINE=""
                         HPOS="439"
                         VPOS="615"
                         WIDTH="864"
                         HEIGHT="53">
                  <Shape>
                     <Polygon POINTS="439,615 1303,615 1303,668 439,668"/>
                  </Shape>
                  <String CONTENT="positõr i illis s aĩa hũana cõpoĩta est ex eẽ "
                          HPOS="439"
                          VPOS="615"
                          WIDTH="864"
                          HEIGHT="53"/>
               </TextLine>
               <TextLine ID="zone-line_IRHT_P_005179_1-14"
                         BASELINE=""
                         HPOS="435"
                         VPOS="679"
                         WIDTH="876"
                         HEIGHT="60">
                  <Shape>
                     <Polygon POINTS="435,679 1311,679 1311,739 435,739"/>
                  </Shape>
                  <String CONTENT="eẽncia forme aut̃em q̃ educit᷑ de potẽcia mat͛ie ñ"
                          HPOS="435"
                          VPOS="679"
                          WIDTH="876"
                          HEIGHT="60"/>
               </TextLine>
               <TextLine ID="zone-line_IRHT_P_005179_1-15"
                         BASELINE=""
                         HPOS="440"
                         VPOS="745"
                         WIDTH="859"
                         HEIGHT="59">
                  <Shape>
                     <Polygon POINTS="440,745 1299,745 1299,804 440,804"/>
                  </Shape>
                  <String CONTENT="sũt ex eẽ  eẽnͣ ꝯpoĩte cũ eis nõ ꝯpetat eẽ gͦ"
                          HPOS="440"
                          VPOS="745"
                          WIDTH="859"
                          HEIGHT="59"/>
               </TextLine>
               <TextLine ID="zone-line_IRHT_P_005179_1-16"
                         BASELINE=""
                         HPOS="452"
                         VPOS="804"
                         WIDTH="874"
                         HEIGHT="64">
                  <Shape>
                     <Polygon POINTS="452,804 1326,804 1326,868 452,868"/>
                  </Shape>
                  <String CONTENT="aĩa est cõpoĩcõr eis pͣ eẽ unũ cõpoĩci᷒ alio dicit"
                          HPOS="452"
                          VPOS="804"
                          WIDTH="874"
                          HEIGHT="64"/>
               </TextLine>
               <TextLine ID="zone-line_IRHT_P_005179_1-17"
                         BASELINE=""
                         HPOS="431"
                         VPOS="877"
                         WIDTH="872"
                         HEIGHT="54">
                  <Shape>
                     <Polygon POINTS="431,877 1303,877 1303,931 431,931"/>
                  </Shape>
                  <String CONTENT="qdd qͦsdam gͣdus s nulli forͤ sb̃ali cõpetit h̃re"
                          HPOS="431"
                          VPOS="877"
                          WIDTH="872"
                          HEIGHT="54"/>
               </TextLine>
               <TextLine ID="zone-line_IRHT_P_005179_1-18"
                         BASELINE=""
                         HPOS="446"
                         VPOS="942"
                         WIDTH="869"
                         HEIGHT="54">
                  <Shape>
                     <Polygon POINTS="446,942 1315,942 1315,996 446,996"/>
                  </Shape>
                  <String CONTENT="gradus ẜm eẽmͣ cũ quelib talis simplici  ĩua"
                          HPOS="446"
                          VPOS="942"
                          WIDTH="869"
                          HEIGHT="54"/>
               </TextLine>
               <TextLine ID="zone-line_IRHT_P_005179_1-19"
                         BASELINE=""
                         HPOS="454"
                         VPOS="1001"
                         WIDTH="856"
                         HEIGHT="56">
                  <Shape>
                     <Polygon POINTS="454,1001 1310,1001 1310,1057 454,1057"/>
                  </Shape>
                  <String CONTENT="riabl̃i eẽnͣ cõsistat nec ẜm eẽ q̃d h̃t in sb̃o cũ"
                          HPOS="454"
                          VPOS="1001"
                          WIDTH="856"
                          HEIGHT="56"/>
               </TextLine>
               <TextLine ID="zone-line_IRHT_P_005179_1-20"
                         BASELINE=""
                         HPOS="450"
                         VPOS="1070"
                         WIDTH="868"
                         HEIGHT="45">
                  <Shape>
                     <Polygon POINTS="450,1070 1318,1070 1318,1115 450,1115"/>
                  </Shape>
                  <String CONTENT="sb̃m forme sb̃alis sit ip̃m yle gͦ saltẽ formis sb̃a"
                          HPOS="450"
                          VPOS="1070"
                          WIDTH="868"
                          HEIGHT="45"/>
               </TextLine>
               <TextLine ID="zone-line_IRHT_P_005179_1-21"
                         BASELINE=""
                         HPOS="447"
                         VPOS="1133"
                         WIDTH="870"
                         HEIGHT="47">
                  <Shape>
                     <Polygon POINTS="447,1133 1317,1133 1317,1180 447,1180"/>
                  </Shape>
                  <String CONTENT="lib aĩa ip̃a nõ erit simplicõr pͣ forͣ illa q̃ pot̃"
                          HPOS="447"
                          VPOS="1133"
                          WIDTH="870"
                          HEIGHT="47"/>
               </TextLine>
               <TextLine ID="zone-line_IRHT_P_005179_1-22"
                         BASELINE=""
                         HPOS="452"
                         VPOS="1185"
                         WIDTH="872"
                         HEIGHT="59">
                  <Shape>
                     <Polygon POINTS="452,1185 1324,1185 1324,1244 452,1244"/>
                  </Shape>
                  <String CONTENT="dici hoc aliqͥd ẽ cõpoĩtõr illa q̃ hoc aͥd dici nõ pot̃"
                          HPOS="452"
                          VPOS="1185"
                          WIDTH="872"
                          HEIGHT="59"/>
               </TextLine>
               <TextLine ID="zone-line_IRHT_P_005179_1-23"
                         BASELINE=""
                         HPOS="458"
                         VPOS="1246"
                         WIDTH="840"
                         HEIGHT="63">
                  <Shape>
                     <Polygon POINTS="458,1246 1298,1246 1298,1309 458,1309"/>
                  </Shape>
                  <String CONTENT="s aĩa hũana sine corꝑe pot̃ dici hoc aͥd cũ sit ĩdi"
                          HPOS="458"
                          VPOS="1246"
                          WIDTH="840"
                          HEIGHT="63"/>
               </TextLine>
               <TextLine ID="zone-line_IRHT_P_005179_1-24"
                         BASELINE=""
                         HPOS="450"
                         VPOS="1313"
                         WIDTH="854"
                         HEIGHT="60">
                  <Shape>
                     <Polygon POINTS="450,1313 1304,1313 1304,1373 450,1373"/>
                  </Shape>
                  <String CONTENT="duũ in gen͛e sb̃e gͦ erit cõpoĩtõr aliis formis"
                          HPOS="450"
                          VPOS="1313"
                          WIDTH="854"
                          HEIGHT="60"/>
               </TextLine>
               <TextLine ID="zone-line_IRHT_P_005179_1-25"
                         BASELINE=""
                         HPOS="454"
                         VPOS="1379"
                         WIDTH="854"
                         HEIGHT="52">
                  <Shape>
                     <Polygon POINTS="454,1379 1308,1379 1308,1431 454,1431"/>
                  </Shape>
                  <String CONTENT="quib ind̃iduatõ sine mͣ uel corꝑe nõ tingit"
                          HPOS="454"
                          VPOS="1379"
                          WIDTH="854"
                          HEIGHT="52"/>
               </TextLine>
               <TextLine ID="zone-line_IRHT_P_005179_1-26"
                         BASELINE=""
                         HPOS="452"
                         VPOS="1440"
                         WIDTH="866"
                         HEIGHT="49">
                  <Shape>
                     <Polygon POINTS="452,1440 1318,1440 1318,1489 452,1489"/>
                  </Shape>
                  <String CONTENT="ꝯͣriũ est aug̃ vi de tͥni. ca vi uͥ dicit q̃d cre"
                          HPOS="452"
                          VPOS="1440"
                          WIDTH="866"
                          HEIGHT="49"/>
               </TextLine>
               <TextLine ID="zone-line_IRHT_P_005179_1-27"
                         BASELINE=""
                         HPOS="450"
                         VPOS="1501"
                         WIDTH="862"
                         HEIGHT="58">
                  <Shape>
                     <Polygon POINTS="450,1501 1312,1501 1312,1559 450,1559"/>
                  </Shape>
                  <String CONTENT="atura sp̃ualis sic̃ est aĩa in cõ r ꝑatõe quidẽ cor"
                          HPOS="450"
                          VPOS="1501"
                          WIDTH="862"
                          HEIGHT="58"/>
               </TextLine>
               <TextLine ID="zone-line_IRHT_P_005179_1-28"
                         BASELINE=""
                         HPOS="442"
                         VPOS="1568"
                         WIDTH="882"
                         HEIGHT="55">
                  <Shape>
                     <Polygon POINTS="442,1568 1324,1568 1324,1623 442,1623"/>
                  </Shape>
                  <String CONTENT="ꝑis simplicõr ẽ licet ĩ cõꝑatõe dei sit multiplex"
                          HPOS="442"
                          VPOS="1568"
                          WIDTH="882"
                          HEIGHT="55"/>
               </TextLine>
               <TextLine ID="zone-line_IRHT_P_005179_1-29"
                         BASELINE=""
                         HPOS="444"
                         VPOS="1629"
                         WIDTH="878"
                         HEIGHT="55">
                  <Shape>
                     <Polygon POINTS="444,1629 1322,1629 1322,1684 444,1684"/>
                  </Shape>
                  <String CONTENT="  quel alia forma potest dici corꝑalis cũ mo"
                          HPOS="444"
                          VPOS="1629"
                          WIDTH="878"
                          HEIGHT="55"/>
               </TextLine>
               <TextLine ID="zone-line_IRHT_P_005179_1-30"
                         BASELINE=""
                         HPOS="447"
                         VPOS="1689"
                         WIDTH="877"
                         HEIGHT="58">
                  <Shape>
                     <Polygon POINTS="447,1689 1324,1689 1324,1747 447,1747"/>
                  </Shape>
                  <String CONTENT="le corꝑis diffundat᷑ id̃o sequit᷑ q̃d aĩa aliis for"
                          HPOS="447"
                          VPOS="1689"
                          WIDTH="877"
                          HEIGHT="58"/>
               </TextLine>
               <TextLine ID="zone-line_IRHT_P_005179_1-31"
                         BASELINE=""
                         HPOS="442"
                         VPOS="1752"
                         WIDTH="879"
                         HEIGHT="57">
                  <Shape>
                     <Polygon POINTS="442,1752 1321,1752 1321,1809 442,1809"/>
                  </Shape>
                  <String CONTENT="mis sit simplicõr r̃nsio dd̃q̃d tria sũt illa"
                          HPOS="442"
                          VPOS="1752"
                          WIDTH="879"
                          HEIGHT="57"/>
               </TextLine>
               <TextLine ID="zone-line_IRHT_P_005179_1-32"
                         BASELINE=""
                         HPOS="408"
                         VPOS="1810"
                         WIDTH="905"
                         HEIGHT="57">
                  <Shape>
                     <Polygon POINTS="408,1810 1313,1810 1313,1867 408,1867"/>
                  </Shape>
                  <String CONTENT="que ad simplicitate requirũt᷑ pͥmũ ̃ ĩd̃isibl̃ita"
                          HPOS="408"
                          VPOS="1810"
                          WIDTH="905"
                          HEIGHT="57"/>
               </TextLine>
            </TextBlock>
         </PrintSpace>
      </Page>
   </Layout>
</alto>
