<?xml version="1.0" encoding="UTF-8"?>
<alto xmlns="http://www.loc.gov/standards/alto/ns-v4#"
      xmlns:xsi="http://www.w3.org/2001/XMLSchema-instance"
      xmlns:tei="http://www.tei-c.org/ns/1.0"
      xsi:schemaLocation="http://www.loc.gov/standards/alto/ns-v4# ../schema/alto.xsd">
   <Description>
      <MeasurementUnit>pixel</MeasurementUnit>
      <sourceImageInformation>
         <fileName>IRHT_P_002572.tif</fileName>
      </sourceImageInformation>
   </Description>
   <Layout>
      <Page ID="zone-page_IRHT_P_002572"
            PHYSICAL_IMG_NR="0"
            WIDTH="1304"
            HEIGHT="1795">
         <PrintSpace HPOS="0" VPOS="0" WIDTH="1304" HEIGHT="1795">
            <TextBlock HPOS="134"
                       VPOS="48"
                       WIDTH="1147"
                       HEIGHT="1730"
                       ID="zone-col_IRHT_P_002572_1">
               <Shape>
                  <Polygon POINTS="134,48 1281,48 1281,1778 134,1778"/>
               </Shape>
               <TextLine ID="zone-line_IRHT_P_002572_1-1"
                         BASELINE=""
                         HPOS="166"
                         VPOS="48"
                         WIDTH="1109"
                         HEIGHT="71">
                  <Shape>
                     <Polygon POINTS="166,48 1275,48 1275,119 166,119"/>
                  </Shape>
                  <String CONTENT="sit carnis substãtia testant᷑ sepuchra quis parẽtum"
                          HPOS="166"
                          VPOS="48"
                          WIDTH="1109"
                          HEIGHT="71"/>
               </TextLine>
               <TextLine ID="zone-line_IRHT_P_002572_1-2"
                         BASELINE=""
                         HPOS="176"
                         VPOS="140"
                         WIDTH="1103"
                         HEIGHT="66">
                  <Shape>
                     <Polygon POINTS="176,140 1279,140 1279,206 176,206"/>
                  </Shape>
                  <String CONTENT="amicoꝝ fideliũ ꝙͣlib&amp; dilecti sui tangere scaturien"
                          HPOS="176"
                          VPOS="140"
                          WIDTH="1103"
                          HEIGHT="66"/>
               </TextLine>
               <TextLine ID="zone-line_IRHT_P_002572_1-3"
                         BASELINE=""
                         HPOS="170"
                         VPOS="222"
                         WIDTH="1108"
                         HEIGHT="68">
                  <Shape>
                     <Polygon POINTS="170,222 1278,222 1278,290 170,290"/>
                  </Shape>
                  <String CONTENT="u͛mib carnẽ potest caro itaq cũ c̃cupiscit p"
                          HPOS="170"
                          VPOS="222"
                          WIDTH="1108"
                          HEIGHT="68"/>
               </TextLine>
               <TextLine ID="zone-line_IRHT_P_002572_1-4"
                         BASELINE=""
                         HPOS="176"
                         VPOS="305"
                         WIDTH="1105"
                         HEIGHT="76">
                  <Shape>
                     <Polygon POINTS="176,305 1281,305 1281,381 176,381"/>
                  </Shape>
                  <String CONTENT="set᷑ qͥd sit exanimis &amp; intelligit᷑ qͥd amat᷑ nichil qͥppe s"
                          HPOS="176"
                          VPOS="305"
                          WIDTH="1105"
                          HEIGHT="76"/>
               </TextLine>
               <TextLine ID="zone-line_IRHT_P_002572_1-5"
                         BASELINE=""
                         HPOS="176"
                         VPOS="392"
                         WIDTH="1097"
                         HEIGHT="68">
                  <Shape>
                     <Polygon POINTS="176,392 1273,392 1273,460 176,460"/>
                  </Shape>
                  <String CONTENT="ad edomãdũ carnaliũ desid̃ioꝝ appetitũ ual&amp; quã u"
                          HPOS="176"
                          VPOS="392"
                          WIDTH="1097"
                          HEIGHT="68"/>
               </TextLine>
               <TextLine ID="zone-line_IRHT_P_002572_1-6"
                         BASELINE=""
                         HPOS="179"
                         VPOS="487"
                         WIDTH="1097"
                         HEIGHT="63">
                  <Shape>
                     <Polygon POINTS="179,487 1276,487 1276,550 179,550"/>
                  </Shape>
                  <String CONTENT="un᷒qͥsq hoc q̃d uiuũ diligit quale sit mortuũ penset"
                          HPOS="179"
                          VPOS="487"
                          WIDTH="1097"
                          HEIGHT="63"/>
               </TextLine>
               <TextLine ID="zone-line_IRHT_P_002572_1-7"
                         BASELINE=""
                         HPOS="190"
                         VPOS="579"
                         WIDTH="1090"
                         HEIGHT="61">
                  <Shape>
                     <Polygon POINTS="190,579 1280,579 1280,640 190,640"/>
                  </Shape>
                  <String CONTENT="consid̃ata &amp;enĩ corruptione carnali citi᷒ cognoscit᷑ qͥa"
                          HPOS="190"
                          VPOS="579"
                          WIDTH="1090"
                          HEIGHT="61"/>
               </TextLine>
               <TextLine ID="zone-line_IRHT_P_002572_1-8"
                         BASELINE=""
                         HPOS="179"
                         VPOS="672"
                         WIDTH="1093"
                         HEIGHT="61">
                  <Shape>
                     <Polygon POINTS="179,672 1272,672 1272,733 179,733"/>
                  </Shape>
                  <String CONTENT="illicite caro cõcupiscit᷑ tabes desid̃at᷑ bene gͦ de lux"
                          HPOS="179"
                          VPOS="672"
                          WIDTH="1093"
                          HEIGHT="61"/>
               </TextLine>
               <TextLine ID="zone-line_IRHT_P_002572_1-9"
                         BASELINE=""
                         HPOS="184"
                         VPOS="755"
                         WIDTH="1096"
                         HEIGHT="60">
                  <Shape>
                     <Polygon POINTS="184,755 1280,755 1280,815 184,815"/>
                  </Shape>
                  <String CONTENT="riosi m̃te dr̃d dulcedo illi᷒ ũmis qͥa is qͥ in desid̃io car"
                          HPOS="184"
                          VPOS="755"
                          WIDTH="1096"
                          HEIGHT="60"/>
               </TextLine>
               <TextLine ID="zone-line_IRHT_P_002572_1-10"
                         BASELINE=""
                         HPOS="186"
                         VPOS="846"
                         WIDTH="1090"
                         HEIGHT="64">
                  <Shape>
                     <Polygon POINTS="186,846 1276,846 1276,910 186,910"/>
                  </Shape>
                  <String CONTENT="lis corruptionis exestuat ad fetorẽ putredinis anhel"
                          HPOS="186"
                          VPOS="846"
                          WIDTH="1090"
                          HEIGHT="64"/>
               </TextLine>
               <TextLine ID="zone-line_IRHT_P_002572_1-11"
                         BASELINE=""
                         HPOS="179"
                         VPOS="933"
                         WIDTH="1099"
                         HEIGHT="63">
                  <Shape>
                     <Polygon POINTS="179,933 1278,933 1278,996 179,996"/>
                  </Shape>
                  <String CONTENT="hec sic̃ in hui᷒ partis t̃cie initio ꝓmisisse me me"
                          HPOS="179"
                          VPOS="933"
                          WIDTH="1099"
                          HEIGHT="63"/>
               </TextLine>
               <TextLine ID="zone-line_IRHT_P_002572_1-12"
                         BASELINE=""
                         HPOS="179"
                         VPOS="1013"
                         WIDTH="1091"
                         HEIGHT="71">
                  <Shape>
                     <Polygon POINTS="179,1013 1270,1013 1270,1084 179,1084"/>
                  </Shape>
                  <String CONTENT="ni sub breuitate tͣnscurri ut ea que in hoc oꝑe sec"
                          HPOS="179"
                          VPOS="1013"
                          WIDTH="1091"
                          HEIGHT="71"/>
               </TextLine>
               <TextLine ID="zone-line_IRHT_P_002572_1-13"
                         BASELINE=""
                         HPOS="184"
                         VPOS="1102"
                         WIDTH="1091"
                         HEIGHT="67">
                  <Shape>
                     <Polygon POINTS="184,1102 1275,1102 1275,1169 184,1169"/>
                  </Shape>
                  <String CONTENT="tur qͥa magna obscuritate implicata s̃t opitulant"
                          HPOS="184"
                          VPOS="1102"
                          WIDTH="1091"
                          HEIGHT="67"/>
               </TextLine>
               <TextLine ID="zone-line_IRHT_P_002572_1-14"
                         BASELINE=""
                         HPOS="186"
                         VPOS="1202"
                         WIDTH="1086"
                         HEIGHT="68">
                  <Shape>
                     <Polygon POINTS="186,1202 1272,1202 1272,1270 186,1270"/>
                  </Shape>
                  <String CONTENT="d̃o latius disserantur explicit liber sext᷒ deci"
                          HPOS="186"
                          VPOS="1202"
                          WIDTH="1086"
                          HEIGHT="68"/>
               </TextLine>
               <TextLine ID="zone-line_IRHT_P_002572_1-15"
                         BASELINE=""
                         HPOS="134"
                         VPOS="1301"
                         WIDTH="1123"
                         HEIGHT="58">
                  <Shape>
                     <Polygon POINTS="134,1301 1257,1301 1257,1359 134,1359"/>
                  </Shape>
                  <String CONTENT="pars terci"
                          HPOS="134"
                          VPOS="1301"
                          WIDTH="1123"
                          HEIGHT="58"/>
               </TextLine>
               <TextLine ID="zone-line_IRHT_P_002572_1-16"
                         BASELINE=""
                         HPOS="134"
                         VPOS="1487"
                         WIDTH="1125"
                         HEIGHT="53">
                  <Shape>
                     <Polygon POINTS="134,1487 1259,1487 1259,1540 134,1540"/>
                  </Shape>
                  <String CONTENT="liber mon"
                          HPOS="134"
                          VPOS="1487"
                          WIDTH="1125"
                          HEIGHT="53"/>
               </TextLine>
               <TextLine ID="zone-line_IRHT_P_002572_1-17"
                         BASELINE=""
                         HPOS="183"
                         VPOS="1550"
                         WIDTH="1089"
                         HEIGHT="78">
                  <Shape>
                     <Polygon POINTS="183,1550 1272,1550 1272,1628 183,1628"/>
                  </Shape>
                  <String CONTENT="tis sanct"
                          HPOS="183"
                          VPOS="1550"
                          WIDTH="1089"
                          HEIGHT="78"/>
               </TextLine>
               <TextLine ID="zone-line_IRHT_P_002572_1-18"
                         BASELINE=""
                         HPOS="174"
                         VPOS="1653"
                         WIDTH="1092"
                         HEIGHT="70">
                  <Shape>
                     <Polygon POINTS="174,1653 1266,1653 1266,1723 174,1723"/>
                  </Shape>
                  <String CONTENT="marie uer"
                          HPOS="174"
                          VPOS="1653"
                          WIDTH="1092"
                          HEIGHT="70"/>
               </TextLine>
               <TextLine ID="zone-line_IRHT_P_002572_1-19"
                         BASELINE=""
                         HPOS="170"
                         VPOS="1724"
                         WIDTH="1093"
                         HEIGHT="54">
                  <Shape>
                     <Polygon POINTS="170,1724 1263,1724 1263,1778 170,1778"/>
                  </Shape>
                  <String CONTENT="men"
                          HPOS="170"
                          VPOS="1724"
                          WIDTH="1093"
                          HEIGHT="54"/>
               </TextLine>
            </TextBlock>
         </PrintSpace>
      </Page>
   </Layout>
</alto>
