<?xml version="1.0" encoding="UTF-8"?>
<alto xmlns="http://www.loc.gov/standards/alto/ns-v4#"
      xmlns:xsi="http://www.w3.org/2001/XMLSchema-instance"
      xmlns:tei="http://www.tei-c.org/ns/1.0"
      xsi:schemaLocation="http://www.loc.gov/standards/alto/ns-v4# ../schema/alto.xsd">
   <Description>
      <MeasurementUnit>pixel</MeasurementUnit>
      <sourceImageInformation>
         <fileName>IRHT_P_007982.tif</fileName>
      </sourceImageInformation>
   </Description>
   <Layout>
      <Page ID="zone-page_IRHT_P_007982"
            PHYSICAL_IMG_NR="0"
            WIDTH="1758"
            HEIGHT="1305">
         <PrintSpace HPOS="0" VPOS="0" WIDTH="1758" HEIGHT="1305">
            <TextBlock HPOS="70"
                       VPOS="2"
                       WIDTH="907"
                       HEIGHT="1303"
                       ID="zone-col_IRHT_P_007982_1">
               <Shape>
                  <Polygon POINTS="70,2 977,2 977,1305 70,1305"/>
               </Shape>
               <TextLine ID="zone-line_IRHT_P_007982_1-1"
                         BASELINE=""
                         HPOS="114"
                         VPOS="163"
                         WIDTH="861"
                         HEIGHT="58">
                  <Shape>
                     <Polygon POINTS="114,163 975,163 975,221 114,221"/>
                  </Shape>
                  <String CONTENT="incipit prefacio magistri gau"
                          HPOS="114"
                          VPOS="163"
                          WIDTH="861"
                          HEIGHT="58"/>
               </TextLine>
               <TextLine ID="zone-line_IRHT_P_007982_1-2"
                         BASELINE=""
                         HPOS="260"
                         VPOS="233"
                         WIDTH="676"
                         HEIGHT="54">
                  <Shape>
                     <Polygon POINTS="260,233 936,233 936,287 260,287"/>
                  </Shape>
                  <String CONTENT="fridi monemutensis"
                          HPOS="260"
                          VPOS="233"
                          WIDTH="676"
                          HEIGHT="54"/>
               </TextLine>
               <TextLine ID="zone-line_IRHT_P_007982_1-3"
                         BASELINE=""
                         HPOS="261"
                         VPOS="306"
                         WIDTH="705"
                         HEIGHT="54">
                  <Shape>
                     <Polygon POINTS="261,306 966,306 966,360 261,360"/>
                  </Shape>
                  <String CONTENT="in historia britonum"
                          HPOS="261"
                          VPOS="306"
                          WIDTH="705"
                          HEIGHT="54"/>
               </TextLine>
               <TextLine ID="zone-line_IRHT_P_007982_1-4"
                         BASELINE=""
                         HPOS="187"
                         VPOS="380"
                         WIDTH="758"
                         HEIGHT="55">
                  <Shape>
                     <Polygon POINTS="187,380 945,380 945,435 187,435"/>
                  </Shape>
                  <String CONTENT="cum mecũ multa ⁊ de multis sepius"
                          HPOS="187"
                          VPOS="380"
                          WIDTH="758"
                          HEIGHT="55"/>
               </TextLine>
               <TextLine ID="zone-line_IRHT_P_007982_1-5"
                         BASELINE=""
                         HPOS="228"
                         VPOS="440"
                         WIDTH="727"
                         HEIGHT="51">
                  <Shape>
                     <Polygon POINTS="228,440 955,440 955,491 228,491"/>
                  </Shape>
                  <String CONTENT="animo reuoluens in ystoriam regũ"
                          HPOS="228"
                          VPOS="440"
                          WIDTH="727"
                          HEIGHT="51"/>
               </TextLine>
               <TextLine ID="zone-line_IRHT_P_007982_1-6"
                         BASELINE=""
                         HPOS="101"
                         VPOS="497"
                         WIDTH="860"
                         HEIGHT="58">
                  <Shape>
                     <Polygon POINTS="101,497 961,497 961,555 101,555"/>
                  </Shape>
                  <String CONTENT="britannie inciderem in mir̃ q̃d ĩfra men"
                          HPOS="101"
                          VPOS="497"
                          WIDTH="860"
                          HEIGHT="58"/>
               </TextLine>
               <TextLine ID="zone-line_IRHT_P_007982_1-7"
                         BASELINE=""
                         HPOS="99"
                         VPOS="556"
                         WIDTH="852"
                         HEIGHT="57">
                  <Shape>
                     <Polygon POINTS="99,556 951,556 951,613 99,613"/>
                  </Shape>
                  <String CONTENT="tionem quam de eis gildas ⁊ beda lu"
                          HPOS="99"
                          VPOS="556"
                          WIDTH="852"
                          HEIGHT="57"/>
               </TextLine>
               <TextLine ID="zone-line_IRHT_P_007982_1-8"
                         BASELINE=""
                         HPOS="104"
                         VPOS="620"
                         WIDTH="846"
                         HEIGHT="55">
                  <Shape>
                     <Polygon POINTS="104,620 950,620 950,675 104,675"/>
                  </Shape>
                  <String CONTENT="culento tͣctu fecerant nichil de regib"
                          HPOS="104"
                          VPOS="620"
                          WIDTH="846"
                          HEIGHT="55"/>
               </TextLine>
               <TextLine ID="zone-line_IRHT_P_007982_1-9"
                         BASELINE=""
                         HPOS="109"
                         VPOS="684"
                         WIDTH="860"
                         HEIGHT="55">
                  <Shape>
                     <Polygon POINTS="109,684 969,684 969,739 109,739"/>
                  </Shape>
                  <String CONTENT="qui ante incarnationẽ xp̃i inhabitaũãt"
                          HPOS="109"
                          VPOS="684"
                          WIDTH="860"
                          HEIGHT="55"/>
               </TextLine>
               <TextLine ID="zone-line_IRHT_P_007982_1-10"
                         BASELINE=""
                         HPOS="109"
                         VPOS="757"
                         WIDTH="853"
                         HEIGHT="54">
                  <Shape>
                     <Polygon POINTS="109,757 962,757 962,811 109,811"/>
                  </Shape>
                  <String CONTENT="nichil ⁊̃ de arturo cet̃isq cõpl̃ib qui"
                          HPOS="109"
                          VPOS="757"
                          WIDTH="853"
                          HEIGHT="54"/>
               </TextLine>
               <TextLine ID="zone-line_IRHT_P_007982_1-11"
                         BASELINE=""
                         HPOS="113"
                         VPOS="825"
                         WIDTH="858"
                         HEIGHT="52">
                  <Shape>
                     <Polygon POINTS="113,825 971,825 971,877 113,877"/>
                  </Shape>
                  <String CONTENT="p᷒ incarnationẽ succeserũt repperissem"
                          HPOS="113"
                          VPOS="825"
                          WIDTH="858"
                          HEIGHT="52"/>
               </TextLine>
               <TextLine ID="zone-line_IRHT_P_007982_1-12"
                         BASELINE=""
                         HPOS="118"
                         VPOS="898"
                         WIDTH="859"
                         HEIGHT="49">
                  <Shape>
                     <Polygon POINTS="118,898 977,898 977,947 118,947"/>
                  </Shape>
                  <String CONTENT="et gesta eoꝝ digna et̃nitatis laude cõsta"
                          HPOS="118"
                          VPOS="898"
                          WIDTH="859"
                          HEIGHT="49"/>
               </TextLine>
               <TextLine ID="zone-line_IRHT_P_007982_1-13"
                         BASELINE=""
                         HPOS="108"
                         VPOS="964"
                         WIDTH="865"
                         HEIGHT="53">
                  <Shape>
                     <Polygon POINTS="108,964 973,964 973,1017 108,1017"/>
                  </Shape>
                  <String CONTENT="rent ⁊ a multis populis qasi inscͥpta io"
                          HPOS="108"
                          VPOS="964"
                          WIDTH="865"
                          HEIGHT="53"/>
               </TextLine>
               <TextLine ID="zone-line_IRHT_P_007982_1-14"
                         BASELINE=""
                         HPOS="120"
                         VPOS="1024"
                         WIDTH="839"
                         HEIGHT="56">
                  <Shape>
                     <Polygon POINTS="120,1024 959,1024 959,1080 120,1080"/>
                  </Shape>
                  <String CONTENT="cunde ⁊ memorit̃ dicentur tali a mͥ"
                          HPOS="120"
                          VPOS="1024"
                          WIDTH="839"
                          HEIGHT="56"/>
               </TextLine>
               <TextLine ID="zone-line_IRHT_P_007982_1-15"
                         BASELINE=""
                         HPOS="117"
                         VPOS="1089"
                         WIDTH="835"
                         HEIGHT="47">
                  <Shape>
                     <Polygon POINTS="117,1089 952,1089 952,1136 117,1136"/>
                  </Shape>
                  <String CONTENT="⁊ de talib multociens cogitanti optu"
                          HPOS="117"
                          VPOS="1089"
                          WIDTH="835"
                          HEIGHT="47"/>
               </TextLine>
               <TextLine ID="zone-line_IRHT_P_007982_1-16"
                         BASELINE=""
                         HPOS="114"
                         VPOS="1146"
                         WIDTH="842"
                         HEIGHT="45">
                  <Shape>
                     <Polygon POINTS="114,1146 956,1146 956,1191 114,1191"/>
                  </Shape>
                  <String CONTENT="lit walterus oxinefordensis archi"
                          HPOS="114"
                          VPOS="1146"
                          WIDTH="842"
                          HEIGHT="45"/>
               </TextLine>
               <TextLine ID="zone-line_IRHT_P_007982_1-17"
                         BASELINE=""
                         HPOS="118"
                         VPOS="1212"
                         WIDTH="828"
                         HEIGHT="50">
                  <Shape>
                     <Polygon POINTS="118,1212 946,1212 946,1262 118,1262"/>
                  </Shape>
                  <String CONTENT="diacon᷒ uir in oratoria arte atq in ex"
                          HPOS="118"
                          VPOS="1212"
                          WIDTH="828"
                          HEIGHT="50"/>
               </TextLine>
               <TextLine ID="zone-line_IRHT_P_007982_1-18"
                         BASELINE=""
                         HPOS="108"
                         VPOS="1273"
                         WIDTH="860"
                         HEIGHT="27">
                  <Shape>
                     <Polygon POINTS="108,1273 968,1273 968,1300 108,1300"/>
                  </Shape>
                  <String CONTENT="oticis ystoriis erudit᷒ quendam brita"
                          HPOS="108"
                          VPOS="1273"
                          WIDTH="860"
                          HEIGHT="27"/>
               </TextLine>
            </TextBlock>
            <TextBlock HPOS="1106"
                       VPOS="182"
                       WIDTH="650"
                       HEIGHT="1123"
                       ID="zone-col_IRHT_P_007982_2">
               <Shape>
                  <Polygon POINTS="1106,182 1756,182 1756,1305 1106,1305"/>
               </Shape>
               <TextLine ID="zone-line_IRHT_P_007982_2-1"
                         BASELINE=""
                         HPOS="1173"
                         VPOS="182"
                         WIDTH="581"
                         HEIGHT="50">
                  <Shape>
                     <Polygon POINTS="1173,182 1754,182 1754,232 1173,232"/>
                  </Shape>
                  <String CONTENT="britannia insularum oct"
                          HPOS="1173"
                          VPOS="182"
                          WIDTH="581"
                          HEIGHT="50"/>
               </TextLine>
               <TextLine ID="zone-line_IRHT_P_007982_2-2"
                         BASELINE=""
                         HPOS="1173"
                         VPOS="246"
                         WIDTH="582"
                         HEIGHT="53">
                  <Shape>
                     <Polygon POINTS="1173,246 1755,246 1755,299 1173,299"/>
                  </Shape>
                  <String CONTENT="dentali occeano int̃ gall"
                          HPOS="1173"
                          VPOS="246"
                          WIDTH="582"
                          HEIGHT="53"/>
               </TextLine>
               <TextLine ID="zone-line_IRHT_P_007982_2-3"
                         BASELINE=""
                         HPOS="1115"
                         VPOS="321"
                         WIDTH="641"
                         HEIGHT="51">
                  <Shape>
                     <Polygon POINTS="1115,321 1756,321 1756,372 1115,372"/>
                  </Shape>
                  <String CONTENT="niã sita dccc milia in long"
                          HPOS="1115"
                          VPOS="321"
                          WIDTH="641"
                          HEIGHT="51"/>
               </TextLine>
               <TextLine ID="zone-line_IRHT_P_007982_2-4"
                         BASELINE=""
                         HPOS="1111"
                         VPOS="391"
                         WIDTH="643"
                         HEIGHT="52">
                  <Shape>
                     <Polygon POINTS="1111,391 1754,391 1754,443 1111,443"/>
                  </Shape>
                  <String CONTENT="in latũ cõtinens quicquid"
                          HPOS="1111"
                          VPOS="391"
                          WIDTH="643"
                          HEIGHT="52"/>
               </TextLine>
               <TextLine ID="zone-line_IRHT_P_007982_2-5"
                         BASELINE=""
                         HPOS="1118"
                         VPOS="455"
                         WIDTH="638"
                         HEIGHT="51">
                  <Shape>
                     <Polygon POINTS="1118,455 1756,455 1756,506 1118,506"/>
                  </Shape>
                  <String CONTENT="usui congruit in deficient"
                          HPOS="1118"
                          VPOS="455"
                          WIDTH="638"
                          HEIGHT="51"/>
               </TextLine>
               <TextLine ID="zone-line_IRHT_P_007982_2-6"
                         BASELINE=""
                         HPOS="1111"
                         VPOS="512"
                         WIDTH="640"
                         HEIGHT="56">
                  <Shape>
                     <Polygon POINTS="1111,512 1751,512 1751,568 1111,568"/>
                  </Shape>
                  <String CONTENT="te ministrat om̃i ⁊ enĩ geñ"
                          HPOS="1111"
                          VPOS="512"
                          WIDTH="640"
                          HEIGHT="56"/>
               </TextLine>
               <TextLine ID="zone-line_IRHT_P_007982_2-7"
                         BASELINE=""
                         HPOS="1119"
                         VPOS="577"
                         WIDTH="636"
                         HEIGHT="48">
                  <Shape>
                     <Polygon POINTS="1119,577 1755,577 1755,625 1119,625"/>
                  </Shape>
                  <String CONTENT="cãpos late sparsos h̃t ⁊ coll"
                          HPOS="1119"
                          VPOS="577"
                          WIDTH="636"
                          HEIGHT="48"/>
               </TextLine>
               <TextLine ID="zone-line_IRHT_P_007982_2-8"
                         BASELINE=""
                         HPOS="1121"
                         VPOS="646"
                         WIDTH="629"
                         HEIGHT="37">
                  <Shape>
                     <Polygon POINTS="1121,646 1750,646 1750,683 1121,683"/>
                  </Shape>
                  <String CONTENT="pollenti culture aptos in"
                          HPOS="1121"
                          VPOS="646"
                          WIDTH="629"
                          HEIGHT="37"/>
               </TextLine>
               <TextLine ID="zone-line_IRHT_P_007982_2-9"
                         BASELINE=""
                         HPOS="1122"
                         VPOS="709"
                         WIDTH="632"
                         HEIGHT="38">
                  <Shape>
                     <Polygon POINTS="1122,709 1754,709 1754,747 1122,747"/>
                  </Shape>
                  <String CONTENT="diũsitate ubertate glebe tp̃rib"
                          HPOS="1122"
                          VPOS="709"
                          WIDTH="632"
                          HEIGHT="38"/>
               </TextLine>
               <TextLine ID="zone-line_IRHT_P_007982_2-10"
                         BASELINE=""
                         HPOS="1117"
                         VPOS="771"
                         WIDTH="631"
                         HEIGHT="43">
                  <Shape>
                     <Polygon POINTS="1117,771 1748,771 1748,814 1117,814"/>
                  </Shape>
                  <String CONTENT="niũt h̃t ⁊ nemora uniũsis"
                          HPOS="1117"
                          VPOS="771"
                          WIDTH="631"
                          HEIGHT="43"/>
               </TextLine>
               <TextLine ID="zone-line_IRHT_P_007982_2-11"
                         BASELINE=""
                         HPOS="1116"
                         VPOS="840"
                         WIDTH="638"
                         HEIGHT="47">
                  <Shape>
                     <Polygon POINTS="1116,840 1754,840 1754,887 1116,887"/>
                  </Shape>
                  <String CONTENT="geñib repleta ⁊ quoꝝ in salt"
                          HPOS="1116"
                          VPOS="840"
                          WIDTH="638"
                          HEIGHT="47"/>
               </TextLine>
               <TextLine ID="zone-line_IRHT_P_007982_2-12"
                         BASELINE=""
                         HPOS="1114"
                         VPOS="909"
                         WIDTH="616"
                         HEIGHT="42">
                  <Shape>
                     <Polygon POINTS="1114,909 1730,909 1730,951 1114,951"/>
                  </Shape>
                  <String CONTENT="nandis animaliũ pastib."
                          HPOS="1114"
                          VPOS="909"
                          WIDTH="616"
                          HEIGHT="42"/>
               </TextLine>
               <TextLine ID="zone-line_IRHT_P_007982_2-13"
                         BASELINE=""
                         HPOS="1121"
                         VPOS="977"
                         WIDTH="635"
                         HEIGHT="51">
                  <Shape>
                     <Polygon POINTS="1121,977 1756,977 1756,1028 1121,1028"/>
                  </Shape>
                  <String CONTENT="ueniũt ⁊ a uolantib. apib."
                          HPOS="1121"
                          VPOS="977"
                          WIDTH="635"
                          HEIGHT="51"/>
               </TextLine>
               <TextLine ID="zone-line_IRHT_P_007982_2-14"
                         BASELINE=""
                         HPOS="1114"
                         VPOS="1040"
                         WIDTH="636"
                         HEIGHT="46">
                  <Shape>
                     <Polygon POINTS="1114,1040 1750,1040 1750,1086 1114,1086"/>
                  </Shape>
                  <String CONTENT="ũsoꝝ coloꝝ mella distͥbuit"
                          HPOS="1114"
                          VPOS="1040"
                          WIDTH="636"
                          HEIGHT="46"/>
               </TextLine>
               <TextLine ID="zone-line_IRHT_P_007982_2-15"
                         BASELINE=""
                         HPOS="1121"
                         VPOS="1098"
                         WIDTH="635"
                         HEIGHT="45">
                  <Shape>
                     <Polygon POINTS="1121,1098 1756,1098 1756,1143 1121,1143"/>
                  </Shape>
                  <String CONTENT="ta sub aeriis montib. amen"
                          HPOS="1121"
                          VPOS="1098"
                          WIDTH="635"
                          HEIGHT="45"/>
               </TextLine>
               <TextLine ID="zone-line_IRHT_P_007982_2-16"
                         BASELINE=""
                         HPOS="1118"
                         VPOS="1156"
                         WIDTH="636"
                         HEIGHT="46">
                  <Shape>
                     <Polygon POINTS="1118,1156 1754,1156 1754,1202 1118,1202"/>
                  </Shape>
                  <String CONTENT="rentia in qͥb. fontes lucidi"
                          HPOS="1118"
                          VPOS="1156"
                          WIDTH="636"
                          HEIGHT="46"/>
               </TextLine>
               <TextLine ID="zone-line_IRHT_P_007982_2-17"
                         BASELINE=""
                         HPOS="1108"
                         VPOS="1220"
                         WIDTH="636"
                         HEIGHT="48">
                  <Shape>
                     <Polygon POINTS="1108,1220 1744,1220 1744,1268 1108,1268"/>
                  </Shape>
                  <String CONTENT="riuos leni murmure man"
                          HPOS="1108"
                          VPOS="1220"
                          WIDTH="636"
                          HEIGHT="48"/>
               </TextLine>
               <TextLine ID="zone-line_IRHT_P_007982_2-18"
                         BASELINE=""
                         HPOS="1111"
                         VPOS="1269"
                         WIDTH="642"
                         HEIGHT="33">
                  <Shape>
                     <Polygon POINTS="1111,1269 1753,1269 1753,1302 1111,1302"/>
                  </Shape>
                  <String CONTENT="n᷒ suauis soporis in ripis"
                          HPOS="1111"
                          VPOS="1269"
                          WIDTH="642"
                          HEIGHT="33"/>
               </TextLine>
            </TextBlock>
         </PrintSpace>
      </Page>
   </Layout>
</alto>
