<?xml version="1.0" encoding="UTF-8"?>
<alto xmlns="http://www.loc.gov/standards/alto/ns-v4#"
      xmlns:xsi="http://www.w3.org/2001/XMLSchema-instance"
      xmlns:tei="http://www.tei-c.org/ns/1.0"
      xsi:schemaLocation="http://www.loc.gov/standards/alto/ns-v4# ../schema/alto.xsd">
   <Description>
      <MeasurementUnit>pixel</MeasurementUnit>
      <sourceImageInformation>
         <fileName>IRHT_P_000581.tif</fileName>
      </sourceImageInformation>
   </Description>
   <Layout>
      <Page ID="zone-page_IRHT_P_000581"
            PHYSICAL_IMG_NR="0"
            WIDTH="1284"
            HEIGHT="1835">
         <PrintSpace HPOS="0" VPOS="0" WIDTH="1284" HEIGHT="1835">
            <TextBlock HPOS="87"
                       VPOS="179"
                       WIDTH="1173"
                       HEIGHT="1641"
                       ID="zone-col_IRHT_P_000581_1">
               <Shape>
                  <Polygon POINTS="87,179 1260,179 1260,1820 87,1820"/>
               </Shape>
               <TextLine ID="zone-line_IRHT_P_000581_1-1"
                         BASELINE=""
                         HPOS="244"
                         VPOS="179"
                         WIDTH="1015"
                         HEIGHT="97">
                  <Shape>
                     <Polygon POINTS="244,179 1259,179 1259,276 244,276"/>
                  </Shape>
                  <String CONTENT="in domino confido quomodo"
                          HPOS="244"
                          VPOS="179"
                          WIDTH="1015"
                          HEIGHT="97"/>
               </TextLine>
               <TextLine ID="zone-line_IRHT_P_000581_1-2"
                         BASELINE=""
                         HPOS="219"
                         VPOS="279"
                         WIDTH="1038"
                         HEIGHT="93">
                  <Shape>
                     <Polygon POINTS="219,279 1257,279 1257,372 219,372"/>
                  </Shape>
                  <String CONTENT="anime mee transmigra in mo"
                          HPOS="219"
                          VPOS="279"
                          WIDTH="1038"
                          HEIGHT="93"/>
               </TextLine>
               <TextLine ID="zone-line_IRHT_P_000581_1-3"
                         BASELINE=""
                         HPOS="257"
                         VPOS="379"
                         WIDTH="431"
                         HEIGHT="102">
                  <Shape>
                     <Polygon POINTS="257,379 688,379 688,481 257,481"/>
                  </Shape>
                  <String CONTENT="sicut passer"
                          HPOS="257"
                          VPOS="379"
                          WIDTH="431"
                          HEIGHT="102"/>
               </TextLine>
               <TextLine ID="zone-line_IRHT_P_000581_1-4"
                         BASELINE=""
                         HPOS="274"
                         VPOS="490"
                         WIDTH="983"
                         HEIGHT="85">
                  <Shape>
                     <Polygon POINTS="274,490 1257,490 1257,575 274,575"/>
                  </Shape>
                  <String CONTENT="quoniam ecce peccatores inten"
                          HPOS="274"
                          VPOS="490"
                          WIDTH="983"
                          HEIGHT="85"/>
               </TextLine>
               <TextLine ID="zone-line_IRHT_P_000581_1-5"
                         BASELINE=""
                         HPOS="252"
                         VPOS="591"
                         WIDTH="999"
                         HEIGHT="89">
                  <Shape>
                     <Polygon POINTS="252,591 1251,591 1251,680 252,680"/>
                  </Shape>
                  <String CONTENT="arcum parauerunt sagittas su"
                          HPOS="252"
                          VPOS="591"
                          WIDTH="999"
                          HEIGHT="89"/>
               </TextLine>
               <TextLine ID="zone-line_IRHT_P_000581_1-6"
                         BASELINE=""
                         HPOS="238"
                         VPOS="699"
                         WIDTH="1019"
                         HEIGHT="85">
                  <Shape>
                     <Polygon POINTS="238,699 1257,699 1257,784 238,784"/>
                  </Shape>
                  <String CONTENT="retra ut sagittent in obscuro re"
                          HPOS="238"
                          VPOS="699"
                          WIDTH="1019"
                          HEIGHT="85"/>
               </TextLine>
               <TextLine ID="zone-line_IRHT_P_000581_1-7"
                         BASELINE=""
                         HPOS="181"
                         VPOS="809"
                         WIDTH="1070"
                         HEIGHT="81">
                  <Shape>
                     <Polygon POINTS="181,809 1251,809 1251,890 181,890"/>
                  </Shape>
                  <String CONTENT="quoniam que ꝑfecisti destruxeru"
                          HPOS="181"
                          VPOS="809"
                          WIDTH="1070"
                          HEIGHT="81"/>
               </TextLine>
               <TextLine ID="zone-line_IRHT_P_000581_1-8"
                         BASELINE=""
                         HPOS="220"
                         VPOS="917"
                         WIDTH="780"
                         HEIGHT="82">
                  <Shape>
                     <Polygon POINTS="220,917 1000,917 1000,999 220,999"/>
                  </Shape>
                  <String CONTENT="stus autem quid fecit"
                          HPOS="220"
                          VPOS="917"
                          WIDTH="780"
                          HEIGHT="82"/>
               </TextLine>
               <TextLine ID="zone-line_IRHT_P_000581_1-9"
                         BASELINE=""
                         HPOS="137"
                         VPOS="1018"
                         WIDTH="1116"
                         HEIGHT="91">
                  <Shape>
                     <Polygon POINTS="137,1018 1253,1018 1253,1109 137,1109"/>
                  </Shape>
                  <String CONTENT="dominus in templo sancto suo"
                          HPOS="137"
                          VPOS="1018"
                          WIDTH="1116"
                          HEIGHT="91"/>
               </TextLine>
               <TextLine ID="zone-line_IRHT_P_000581_1-10"
                         BASELINE=""
                         HPOS="249"
                         VPOS="1126"
                         WIDTH="573"
                         HEIGHT="77">
                  <Shape>
                     <Polygon POINTS="249,1126 822,1126 822,1203 249,1203"/>
                  </Shape>
                  <String CONTENT="in celo sedes eius"
                          HPOS="249"
                          VPOS="1126"
                          WIDTH="573"
                          HEIGHT="77"/>
               </TextLine>
               <TextLine ID="zone-line_IRHT_P_000581_1-11"
                         BASELINE=""
                         HPOS="179"
                         VPOS="1229"
                         WIDTH="1080"
                         HEIGHT="84">
                  <Shape>
                     <Polygon POINTS="179,1229 1259,1229 1259,1313 179,1313"/>
                  </Shape>
                  <String CONTENT="oculi eius in pauꝑem respiciunt"
                          HPOS="179"
                          VPOS="1229"
                          WIDTH="1080"
                          HEIGHT="84"/>
               </TextLine>
               <TextLine ID="zone-line_IRHT_P_000581_1-12"
                         BASELINE=""
                         HPOS="245"
                         VPOS="1333"
                         WIDTH="1015"
                         HEIGHT="81">
                  <Shape>
                     <Polygon POINTS="245,1333 1260,1333 1260,1414 245,1414"/>
                  </Shape>
                  <String CONTENT="bre eius interrogãt filios homi"
                          HPOS="245"
                          VPOS="1333"
                          WIDTH="1015"
                          HEIGHT="81"/>
               </TextLine>
               <TextLine ID="zone-line_IRHT_P_000581_1-13"
                         BASELINE=""
                         HPOS="170"
                         VPOS="1440"
                         WIDTH="1086"
                         HEIGHT="80">
                  <Shape>
                     <Polygon POINTS="170,1440 1256,1440 1256,1520 170,1520"/>
                  </Shape>
                  <String CONTENT="dominus interrogat iustum et"
                          HPOS="170"
                          VPOS="1440"
                          WIDTH="1086"
                          HEIGHT="80"/>
               </TextLine>
               <TextLine ID="zone-line_IRHT_P_000581_1-14"
                         BASELINE=""
                         HPOS="239"
                         VPOS="1546"
                         WIDTH="1018"
                         HEIGHT="76">
                  <Shape>
                     <Polygon POINTS="239,1546 1257,1546 1257,1622 239,1622"/>
                  </Shape>
                  <String CONTENT="qui autem diligit iniquitate"
                          HPOS="239"
                          VPOS="1546"
                          WIDTH="1018"
                          HEIGHT="76"/>
               </TextLine>
               <TextLine ID="zone-line_IRHT_P_000581_1-15"
                         BASELINE=""
                         HPOS="232"
                         VPOS="1650"
                         WIDTH="989"
                         HEIGHT="77">
                  <Shape>
                     <Polygon POINTS="232,1650 1221,1650 1221,1727 232,1727"/>
                  </Shape>
                  <String CONTENT="animam suam"
                          HPOS="232"
                          VPOS="1650"
                          WIDTH="989"
                          HEIGHT="77"/>
               </TextLine>
               <TextLine ID="zone-line_IRHT_P_000581_1-16"
                         BASELINE=""
                         HPOS="87"
                         VPOS="1740"
                         WIDTH="1151"
                         HEIGHT="80">
                  <Shape>
                     <Polygon POINTS="87,1740 1238,1740 1238,1820 87,1820"/>
                  </Shape>
                  <String CONTENT="pluet suꝑ peccatores laqueos i"
                          HPOS="87"
                          VPOS="1740"
                          WIDTH="1151"
                          HEIGHT="80"/>
               </TextLine>
            </TextBlock>
         </PrintSpace>
      </Page>
   </Layout>
</alto>
