<?xml version="1.0" encoding="UTF-8"?>
<alto xmlns="http://www.loc.gov/standards/alto/ns-v4#"
      xmlns:xsi="http://www.w3.org/2001/XMLSchema-instance"
      xmlns:tei="http://www.tei-c.org/ns/1.0"
      xsi:schemaLocation="http://www.loc.gov/standards/alto/ns-v4# ../schema/alto.xsd">
   <Description>
      <MeasurementUnit>pixel</MeasurementUnit>
      <sourceImageInformation>
         <fileName>IRHT_P_004933.tif</fileName>
      </sourceImageInformation>
   </Description>
   <Layout>
      <Page ID="zone-page_IRHT_P_004933"
            PHYSICAL_IMG_NR="0"
            WIDTH="2022"
            HEIGHT="1409">
         <PrintSpace HPOS="0" VPOS="0" WIDTH="2022" HEIGHT="1409">
            <TextBlock HPOS="83"
                       VPOS="58"
                       WIDTH="1008"
                       HEIGHT="1244"
                       ID="zone-col_IRHT_P_004933_1">
               <Shape>
                  <Polygon POINTS="83,58 1091,58 1091,1302 83,1302"/>
               </Shape>
               <TextLine ID="zone-line_IRHT_P_004933_1-1"
                         BASELINE=""
                         HPOS="144"
                         VPOS="103"
                         WIDTH="905"
                         HEIGHT="46">
                  <Shape>
                     <Polygon POINTS="144,103 1049,103 1049,149 144,149"/>
                  </Shape>
                  <String CONTENT="int̃dũ ⁊ forte ꝗa sanitas ul̃ infirmitas cõ"
                          HPOS="144"
                          VPOS="103"
                          WIDTH="905"
                          HEIGHT="46"/>
               </TextLine>
               <TextLine ID="zone-line_IRHT_P_004933_1-2"
                         BASELINE=""
                         HPOS="144"
                         VPOS="158"
                         WIDTH="908"
                         HEIGHT="60">
                  <Shape>
                     <Polygon POINTS="144,158 1052,158 1052,218 144,218"/>
                  </Shape>
                  <String CONTENT="poris consistit in quattuor ⁊ aĩe in tͥb ut"
                          HPOS="144"
                          VPOS="158"
                          WIDTH="908"
                          HEIGHT="60"/>
               </TextLine>
               <TextLine ID="zone-line_IRHT_P_004933_1-3"
                         BASELINE=""
                         HPOS="143"
                         VPOS="224"
                         WIDTH="906"
                         HEIGHT="60">
                  <Shape>
                     <Polygon POINTS="143,224 1049,224 1049,284 143,284"/>
                  </Shape>
                  <String CONTENT="predixim᷒ iñ ẽ quod stola corpõis dr̃d fut᷑a"
                          HPOS="143"
                          VPOS="224"
                          WIDTH="906"
                          HEIGHT="60"/>
               </TextLine>
               <TextLine ID="zone-line_IRHT_P_004933_1-4"
                         BASELINE=""
                         HPOS="150"
                         VPOS="291"
                         WIDTH="914"
                         HEIGHT="60">
                  <Shape>
                     <Polygon POINTS="150,291 1064,291 1064,351 150,351"/>
                  </Shape>
                  <String CONTENT="in quattuor ꝓpͥetatib corpõis gl̃ificati ⁊ sto"
                          HPOS="150"
                          VPOS="291"
                          WIDTH="914"
                          HEIGHT="60"/>
               </TextLine>
               <TextLine ID="zone-line_IRHT_P_004933_1-5"
                         BASELINE=""
                         HPOS="150"
                         VPOS="359"
                         WIDTH="909"
                         HEIGHT="64">
                  <Shape>
                     <Polygon POINTS="150,359 1059,359 1059,423 150,423"/>
                  </Shape>
                  <String CONTENT="la aĩe pͥncipalit̃ in tͥb erũt enĩ quattuor"
                          HPOS="150"
                          VPOS="359"
                          WIDTH="909"
                          HEIGHT="64"/>
               </TextLine>
               <TextLine ID="zone-line_IRHT_P_004933_1-6"
                         BASELINE=""
                         HPOS="156"
                         VPOS="426"
                         WIDTH="909"
                         HEIGHT="71">
                  <Shape>
                     <Polygon POINTS="156,426 1065,426 1065,497 156,497"/>
                  </Shape>
                  <String CONTENT="principales dotes corpõis gl̃ificati s. sub"
                          HPOS="156"
                          VPOS="426"
                          WIDTH="909"
                          HEIGHT="71"/>
               </TextLine>
               <TextLine ID="zone-line_IRHT_P_004933_1-7"
                         BASELINE=""
                         HPOS="144"
                         VPOS="506"
                         WIDTH="938"
                         HEIGHT="60">
                  <Shape>
                     <Polygon POINTS="144,506 1082,506 1082,566 144,566"/>
                  </Shape>
                  <String CONTENT="tilitas ⁊ agilitas splendor ⁊ impassibilitas"
                          HPOS="144"
                          VPOS="506"
                          WIDTH="938"
                          HEIGHT="60"/>
               </TextLine>
               <TextLine ID="zone-line_IRHT_P_004933_1-8"
                         BASELINE=""
                         HPOS="131"
                         VPOS="570"
                         WIDTH="943"
                         HEIGHT="60">
                  <Shape>
                     <Polygon POINTS="131,570 1074,570 1074,630 131,630"/>
                  </Shape>
                  <String CONTENT="iux̃ illd̃ ĩ libro sap̃ie fulgebũt iusti sic̃ sol"
                          HPOS="131"
                          VPOS="570"
                          WIDTH="943"
                          HEIGHT="60"/>
               </TextLine>
               <TextLine ID="zone-line_IRHT_P_004933_1-9"
                         BASELINE=""
                         HPOS="129"
                         VPOS="636"
                         WIDTH="962"
                         HEIGHT="65">
                  <Shape>
                     <Polygon POINTS="129,636 1091,636 1091,701 129,701"/>
                  </Shape>
                  <String CONTENT="ĩ regͦ pa. m̃i ⁊ tãꝙͣ scin. ĩ a. di. fulgeb̃t ꝑ splẽ"
                          HPOS="129"
                          VPOS="636"
                          WIDTH="962"
                          HEIGHT="65"/>
               </TextLine>
               <TextLine ID="zone-line_IRHT_P_004933_1-10"
                         BASELINE=""
                         HPOS="126"
                         VPOS="710"
                         WIDTH="947"
                         HEIGHT="57">
                  <Shape>
                     <Polygon POINTS="126,710 1073,710 1073,767 126,767"/>
                  </Shape>
                  <String CONTENT="dorẽ sic̃ sol ꝑ ĩmu tabilitatem ad ueritatẽ siue ĩpassibili"
                          HPOS="126"
                          VPOS="710"
                          WIDTH="947"
                          HEIGHT="57"/>
               </TextLine>
               <TextLine ID="zone-line_IRHT_P_004933_1-11"
                         BASELINE=""
                         HPOS="135"
                         VPOS="774"
                         WIDTH="953"
                         HEIGHT="58">
                  <Shape>
                     <Polygon POINTS="135,774 1088,774 1088,832 135,832"/>
                  </Shape>
                  <String CONTENT="tatẽ  sol ĩ sua nat᷑a ẽ ĩmutabilis ⁊ ĩpassibil̃"
                          HPOS="135"
                          VPOS="774"
                          WIDTH="953"
                          HEIGHT="58"/>
               </TextLine>
               <TextLine ID="zone-line_IRHT_P_004933_1-12"
                         BASELINE=""
                         HPOS="129"
                         VPOS="835"
                         WIDTH="945"
                         HEIGHT="57">
                  <Shape>
                     <Polygon POINTS="129,835 1074,835 1074,892 129,892"/>
                  </Shape>
                  <String CONTENT="taꝙͣ scĩtille ꝑ subtilitatẽ discũrẽt ꝑ agilita"
                          HPOS="129"
                          VPOS="835"
                          WIDTH="945"
                          HEIGHT="57"/>
               </TextLine>
               <TextLine ID="zone-line_IRHT_P_004933_1-13"
                         BASELINE=""
                         HPOS="134"
                         VPOS="908"
                         WIDTH="940"
                         HEIGHT="52">
                  <Shape>
                     <Polygon POINTS="134,908 1074,908 1074,960 134,960"/>
                  </Shape>
                  <String CONTENT="tẽ has qͣttuo ꝓͥetates gl̃ificati coꝑis ĩ argu"
                          HPOS="134"
                          VPOS="908"
                          WIDTH="940"
                          HEIGHT="52"/>
               </TextLine>
               <TextLine ID="zone-line_IRHT_P_004933_1-14"
                         BASELINE=""
                         HPOS="131"
                         VPOS="977"
                         WIDTH="922"
                         HEIGHT="49">
                  <Shape>
                     <Polygon POINTS="131,977 1053,977 1053,1026 131,1026"/>
                  </Shape>
                  <String CONTENT="m̃tatiõe fut᷑e gl̃ificatiõis ⁊̃ ĩ cane motali"
                          HPOS="131"
                          VPOS="977"
                          WIDTH="922"
                          HEIGHT="49"/>
               </TextLine>
               <TextLine ID="zone-line_IRHT_P_004933_1-15"
                         BASELINE=""
                         HPOS="134"
                         VPOS="1043"
                         WIDTH="930"
                         HEIGHT="55">
                  <Shape>
                     <Polygon POINTS="134,1043 1064,1043 1064,1098 134,1098"/>
                  </Shape>
                  <String CONTENT="xᷤ ost̃ndit claritatẽ qñ se tͣnsfiguraũ ĩ mõ"
                          HPOS="134"
                          VPOS="1043"
                          WIDTH="930"
                          HEIGHT="55"/>
               </TextLine>
               <TextLine ID="zone-line_IRHT_P_004933_1-16"
                         BASELINE=""
                         HPOS="137"
                         VPOS="1113"
                         WIDTH="951"
                         HEIGHT="50">
                  <Shape>
                     <Polygon POINTS="137,1113 1088,1113 1088,1163 137,1163"/>
                  </Shape>
                  <String CONTENT="te ⁊ resplẽunt facies ei᷒ sic̃ sol subtilitatẽ"
                          HPOS="137"
                          VPOS="1113"
                          WIDTH="951"
                          HEIGHT="50"/>
               </TextLine>
               <TextLine ID="zone-line_IRHT_P_004933_1-17"
                         BASELINE=""
                         HPOS="137"
                         VPOS="1177"
                         WIDTH="924"
                         HEIGHT="52">
                  <Shape>
                     <Polygon POINTS="137,1177 1061,1177 1061,1229 137,1229"/>
                  </Shape>
                  <String CONTENT="qñ clauso sigͣcl̃o uirginali tãꝙͣ spõsus ꝓces"
                          HPOS="137"
                          VPOS="1177"
                          WIDTH="924"
                          HEIGHT="52"/>
               </TextLine>
               <TextLine ID="zone-line_IRHT_P_004933_1-18"
                         BASELINE=""
                         HPOS="141"
                         VPOS="1248"
                         WIDTH="921"
                         HEIGHT="54">
                  <Shape>
                     <Polygon POINTS="141,1248 1062,1248 1062,1302 141,1302"/>
                  </Shape>
                  <String CONTENT="sit de tha. suo agilitatẽ siue leuitatẽ qñ"
                          HPOS="141"
                          VPOS="1248"
                          WIDTH="921"
                          HEIGHT="54"/>
               </TextLine>
            </TextBlock>
            <TextBlock HPOS="1214"
                       VPOS="87"
                       WIDTH="718"
                       HEIGHT="1211"
                       ID="zone-col_IRHT_P_004933_2">
               <Shape>
                  <Polygon POINTS="1214,87 1932,87 1932,1298 1214,1298"/>
               </Shape>
               <TextLine ID="zone-line_IRHT_P_004933_2-1"
                         BASELINE=""
                         HPOS="1218"
                         VPOS="148"
                         WIDTH="711"
                         HEIGHT="52">
                  <Shape>
                     <Polygon POINTS="1218,148 1929,148 1929,200 1218,200"/>
                  </Shape>
                  <String CONTENT="aliã litt̃am ubi nos habem᷒ quis"
                          HPOS="1218"
                          VPOS="148"
                          WIDTH="711"
                          HEIGHT="52"/>
               </TextLine>
               <TextLine ID="zone-line_IRHT_P_004933_2-2"
                         BASELINE=""
                         HPOS="1230"
                         VPOS="211"
                         WIDTH="699"
                         HEIGHT="54">
                  <Shape>
                     <Polygon POINTS="1230,211 1929,211 1929,265 1230,265"/>
                  </Shape>
                  <String CONTENT="mundũ de inmundo conceptũ"
                          HPOS="1230"
                          VPOS="211"
                          WIDTH="699"
                          HEIGHT="54"/>
               </TextLine>
               <TextLine ID="zone-line_IRHT_P_004933_2-3"
                         BASELINE=""
                         HPOS="1221"
                         VPOS="278"
                         WIDTH="704"
                         HEIGHT="49">
                  <Shape>
                     <Polygon POINTS="1221,278 1925,278 1925,327 1221,327"/>
                  </Shape>
                  <String CONTENT="infans unius diei ẽ sine pecc̃o ⁊ p"
                          HPOS="1221"
                          VPOS="278"
                          WIDTH="704"
                          HEIGHT="49"/>
               </TextLine>
               <TextLine ID="zone-line_IRHT_P_004933_2-4"
                         BASELINE=""
                         HPOS="1224"
                         VPOS="347"
                         WIDTH="701"
                         HEIGHT="49">
                  <Shape>
                     <Polygon POINTS="1224,347 1925,347 1925,396 1224,396"/>
                  </Shape>
                  <String CONTENT="m᷒ natura filii ire ab hac tñ qui"
                          HPOS="1224"
                          VPOS="347"
                          WIDTH="701"
                          HEIGHT="49"/>
               </TextLine>
               <TextLine ID="zone-line_IRHT_P_004933_2-5"
                         BASELINE=""
                         HPOS="1217"
                         VPOS="419"
                         WIDTH="703"
                         HEIGHT="49">
                  <Shape>
                     <Polygon POINTS="1217,419 1920,419 1920,468 1217,468"/>
                  </Shape>
                  <String CONTENT="pͥuilegiati fuer̃ mũdati añ nat"
                          HPOS="1217"
                          VPOS="419"
                          WIDTH="703"
                          HEIGHT="49"/>
               </TextLine>
               <TextLine ID="zone-line_IRHT_P_004933_2-6"
                         BASELINE=""
                         HPOS="1232"
                         VPOS="490"
                         WIDTH="700"
                         HEIGHT="55">
                  <Shape>
                     <Polygon POINTS="1232,490 1932,490 1932,545 1232,545"/>
                  </Shape>
                  <String CONTENT="in ut̃is matrũ ut ier emias ⁊ io annes qui ex"
                          HPOS="1232"
                          VPOS="490"
                          WIDTH="700"
                          HEIGHT="55"/>
               </TextLine>
               <TextLine ID="zone-line_IRHT_P_004933_2-7"
                         BASELINE=""
                         HPOS="1217"
                         VPOS="556"
                         WIDTH="711"
                         HEIGHT="53">
                  <Shape>
                     <Polygon POINTS="1217,556 1928,556 1928,609 1217,609"/>
                  </Shape>
                  <String CONTENT="ut̃o matris quoꝝ utͥ oc"
                          HPOS="1217"
                          VPOS="556"
                          WIDTH="711"
                          HEIGHT="53"/>
               </TextLine>
               <TextLine ID="zone-line_IRHT_P_004933_2-8"
                         BASELINE=""
                         HPOS="1214"
                         VPOS="628"
                         WIDTH="703"
                         HEIGHT="52">
                  <Shape>
                     <Polygon POINTS="1214,628 1917,628 1917,680 1214,680"/>
                  </Shape>
                  <String CONTENT="pͥus quã te formarẽ in ut̃o nou"
                          HPOS="1214"
                          VPOS="628"
                          WIDTH="703"
                          HEIGHT="52"/>
               </TextLine>
               <TextLine ID="zone-line_IRHT_P_004933_2-9"
                         BASELINE=""
                         HPOS="1230"
                         VPOS="693"
                         WIDTH="689"
                         HEIGHT="55">
                  <Shape>
                     <Polygon POINTS="1230,693 1919,693 1919,748 1230,748"/>
                  </Shape>
                  <String CONTENT="exires d̃ ũntre sc̃ificaui te quod ⁊̃"
                          HPOS="1230"
                          VPOS="693"
                          WIDTH="689"
                          HEIGHT="55"/>
               </TextLine>
               <TextLine ID="zone-line_IRHT_P_004933_2-10"
                         BASELINE=""
                         HPOS="1227"
                         VPOS="754"
                         WIDTH="690"
                         HEIGHT="55">
                  <Shape>
                     <Polygon POINTS="1227,754 1917,754 1917,809 1227,809"/>
                  </Shape>
                  <String CONTENT="tendũt de iacob ⁊ b̃ata uͥgine q"
                          HPOS="1227"
                          VPOS="754"
                          WIDTH="690"
                          HEIGHT="55"/>
               </TextLine>
               <TextLine ID="zone-line_IRHT_P_004933_2-11"
                         BASELINE=""
                         HPOS="1215"
                         VPOS="820"
                         WIDTH="701"
                         HEIGHT="58">
                  <Shape>
                     <Polygon POINTS="1215,820 1916,820 1916,878 1215,878"/>
                  </Shape>
                  <String CONTENT="habeat᷑ exssum veniale pecca"
                          HPOS="1215"
                          VPOS="820"
                          WIDTH="701"
                          HEIGHT="58"/>
               </TextLine>
               <TextLine ID="zone-line_IRHT_P_004933_2-12"
                         BASELINE=""
                         HPOS="1224"
                         VPOS="892"
                         WIDTH="696"
                         HEIGHT="58">
                  <Shape>
                     <Polygon POINTS="1224,892 1920,892 1920,950 1224,950"/>
                  </Shape>
                  <String CONTENT="ad illicita citra consensũ ratõis"
                          HPOS="1224"
                          VPOS="892"
                          WIDTH="696"
                          HEIGHT="58"/>
               </TextLine>
               <TextLine ID="zone-line_IRHT_P_004933_2-13"
                         BASELINE=""
                         HPOS="1224"
                         VPOS="959"
                         WIDTH="696"
                         HEIGHT="60">
                  <Shape>
                     <Polygon POINTS="1224,959 1920,959 1920,1019 1224,1019"/>
                  </Shape>
                  <String CONTENT="eẽ nõ possumus ꝗa semꝑ iebuse"
                          HPOS="1224"
                          VPOS="959"
                          WIDTH="696"
                          HEIGHT="60"/>
               </TextLine>
               <TextLine ID="zone-line_IRHT_P_004933_2-14"
                         BASELINE=""
                         HPOS="1221"
                         VPOS="1022"
                         WIDTH="699"
                         HEIGHT="64">
                  <Shape>
                     <Polygon POINTS="1221,1022 1920,1022 1920,1086 1221,1086"/>
                  </Shape>
                  <String CONTENT="in t̃ra nr̃a que nob̃ spinas ⁊ tͥbu"
                          HPOS="1221"
                          VPOS="1022"
                          WIDTH="699"
                          HEIGHT="64"/>
               </TextLine>
               <TextLine ID="zone-line_IRHT_P_004933_2-15"
                         BASELINE=""
                         HPOS="1232"
                         VPOS="1094"
                         WIDTH="688"
                         HEIGHT="61">
                  <Shape>
                     <Polygon POINTS="1232,1094 1920,1094 1920,1155 1232,1155"/>
                  </Shape>
                  <String CONTENT="nit g͛minare d̃ hoc ait b̃atus io annes"
                          HPOS="1232"
                          VPOS="1094"
                          WIDTH="688"
                          HEIGHT="61"/>
               </TextLine>
               <TextLine ID="zone-line_IRHT_P_004933_2-16"
                         BASELINE=""
                         HPOS="1218"
                         VPOS="1162"
                         WIDTH="696"
                         HEIGHT="67">
                  <Shape>
                     <Polygon POINTS="1218,1162 1914,1162 1914,1229 1218,1229"/>
                  </Shape>
                  <String CONTENT="si dix̃imus quod peccatũ ñ h̃em"
                          HPOS="1218"
                          VPOS="1162"
                          WIDTH="696"
                          HEIGHT="67"/>
               </TextLine>
               <TextLine ID="zone-line_IRHT_P_004933_2-17"
                         BASELINE=""
                         HPOS="1221"
                         VPOS="1235"
                         WIDTH="698"
                         HEIGHT="63">
                  <Shape>
                     <Polygon POINTS="1221,1235 1919,1235 1919,1298 1221,1298"/>
                  </Shape>
                  <String CONTENT="se ducim᷒ ⁊ ũitas in nob̃ ñ ẽ mor"
                          HPOS="1221"
                          VPOS="1235"
                          WIDTH="698"
                          HEIGHT="63"/>
               </TextLine>
            </TextBlock>
         </PrintSpace>
      </Page>
   </Layout>
</alto>
