<?xml version="1.0" encoding="UTF-8"?>
<alto xmlns="http://www.loc.gov/standards/alto/ns-v4#"
      xmlns:xsi="http://www.w3.org/2001/XMLSchema-instance"
      xmlns:tei="http://www.tei-c.org/ns/1.0"
      xsi:schemaLocation="http://www.loc.gov/standards/alto/ns-v4# ../schema/alto.xsd">
   <Description>
      <MeasurementUnit>pixel</MeasurementUnit>
      <sourceImageInformation>
         <fileName>IRHT_P_004956.tif</fileName>
      </sourceImageInformation>
   </Description>
   <Layout>
      <Page ID="zone-page_IRHT_P_004956"
            PHYSICAL_IMG_NR="0"
            WIDTH="1908"
            HEIGHT="1372">
         <PrintSpace HPOS="0" VPOS="0" WIDTH="1908" HEIGHT="1372">
            <TextBlock HPOS="81"
                       VPOS="71"
                       WIDTH="1710"
                       HEIGHT="1243"
                       ID="zone-col_IRHT_P_004956_1">
               <Shape>
                  <Polygon POINTS="81,71 1791,71 1791,1314 81,1314"/>
               </Shape>
               <TextLine ID="zone-line_IRHT_P_004956_1-1"
                         BASELINE=""
                         HPOS="243"
                         VPOS="254"
                         WIDTH="1474"
                         HEIGHT="85">
                  <Shape>
                     <Polygon POINTS="243,254 1717,254 1717,339 243,339"/>
                  </Shape>
                  <String CONTENT="in nomine domini amen pateat uniuersis sens"
                          HPOS="243"
                          VPOS="254"
                          WIDTH="1474"
                          HEIGHT="85"/>
               </TextLine>
               <TextLine ID="zone-line_IRHT_P_004956_1-2"
                         BASELINE=""
                         HPOS="321"
                         VPOS="335"
                         WIDTH="1392"
                         HEIGHT="83">
                  <Shape>
                     <Polygon POINTS="321,335 1713,335 1713,418 321,418"/>
                  </Shape>
                  <String CONTENT="instrumẽtum publicum inspecturis q̃d anno dñi mille"
                          HPOS="321"
                          VPOS="335"
                          WIDTH="1392"
                          HEIGHT="83"/>
               </TextLine>
               <TextLine ID="zone-line_IRHT_P_004956_1-3"
                         BASELINE=""
                         HPOS="293"
                         VPOS="417"
                         WIDTH="1406"
                         HEIGHT="83">
                  <Shape>
                     <Polygon POINTS="293,417 1699,417 1699,500 293,500"/>
                  </Shape>
                  <String CONTENT="simo trecentesimo tͥcesimo septimo die uicesima sexta"
                          HPOS="293"
                          VPOS="417"
                          WIDTH="1406"
                          HEIGHT="83"/>
               </TextLine>
               <TextLine ID="zone-line_IRHT_P_004956_1-4"
                         BASELINE=""
                         HPOS="289"
                         VPOS="498"
                         WIDTH="1426"
                         HEIGHT="83">
                  <Shape>
                     <Polygon POINTS="289,498 1715,498 1715,581 289,581"/>
                  </Shape>
                  <String CONTENT="mensis iunii indictõne quinta pontificat᷒ sanctissimi in"
                          HPOS="289"
                          VPOS="498"
                          WIDTH="1426"
                          HEIGHT="83"/>
               </TextLine>
               <TextLine ID="zone-line_IRHT_P_004956_1-5"
                         BASELINE=""
                         HPOS="284"
                         VPOS="583"
                         WIDTH="1486"
                         HEIGHT="78">
                  <Shape>
                     <Polygon POINTS="284,583 1770,583 1770,661 284,661"/>
                  </Shape>
                  <String CONTENT="xp̃o pr̃is ac dñi nr̃i dñi bñdicti sacͦsancte romane ac uni"
                          HPOS="284"
                          VPOS="583"
                          WIDTH="1486"
                          HEIGHT="78"/>
               </TextLine>
               <TextLine ID="zone-line_IRHT_P_004956_1-6"
                         BASELINE=""
                         HPOS="297"
                         VPOS="668"
                         WIDTH="1443"
                         HEIGHT="74">
                  <Shape>
                     <Polygon POINTS="297,668 1740,668 1740,742 297,742"/>
                  </Shape>
                  <String CONTENT="uersalis ecce sũmi pontificis xii anno t̃cio apd̃ monaste"
                          HPOS="297"
                          VPOS="668"
                          WIDTH="1443"
                          HEIGHT="74"/>
               </TextLine>
               <TextLine ID="zone-line_IRHT_P_004956_1-7"
                         BASELINE=""
                         HPOS="287"
                         VPOS="752"
                         WIDTH="1427"
                         HEIGHT="70">
                  <Shape>
                     <Polygon POINTS="287,752 1714,752 1714,822 287,822"/>
                  </Shape>
                  <String CONTENT="rium sancti petͥ de cult᷑a cenom̃ ordinis sancti bñdicti"
                          HPOS="287"
                          VPOS="752"
                          WIDTH="1427"
                          HEIGHT="70"/>
               </TextLine>
               <TextLine ID="zone-line_IRHT_P_004956_1-8"
                         BASELINE=""
                         HPOS="291"
                         VPOS="826"
                         WIDTH="1500"
                         HEIGHT="78">
                  <Shape>
                     <Polygon POINTS="291,826 1791,826 1791,904 291,904"/>
                  </Shape>
                  <String CONTENT="capitulo ꝓuinciali allatum monast̃ioꝝ monachoꝝ nigroꝝ"
                          HPOS="291"
                          VPOS="826"
                          WIDTH="1500"
                          HEIGHT="78"/>
               </TextLine>
               <TextLine ID="zone-line_IRHT_P_004956_1-9"
                         BASELINE=""
                         HPOS="278"
                         VPOS="902"
                         WIDTH="1471"
                         HEIGHT="81">
                  <Shape>
                     <Polygon POINTS="278,902 1749,902 1749,983 278,983"/>
                  </Shape>
                  <String CONTENT="ꝓuincie rothomageñ et turoneñ auct̃e apl̃ica congregato"
                          HPOS="278"
                          VPOS="902"
                          WIDTH="1471"
                          HEIGHT="81"/>
               </TextLine>
               <TextLine ID="zone-line_IRHT_P_004956_1-10"
                         BASELINE=""
                         HPOS="295"
                         VPOS="987"
                         WIDTH="1427"
                         HEIGHT="80">
                  <Shape>
                     <Polygon POINTS="295,987 1722,987 1722,1067 295,1067"/>
                  </Shape>
                  <String CONTENT="fuit in mei infrascripti publici notarii et testium subscri"
                          HPOS="295"
                          VPOS="987"
                          WIDTH="1427"
                          HEIGHT="80"/>
               </TextLine>
               <TextLine ID="zone-line_IRHT_P_004956_1-11"
                         BASELINE=""
                         HPOS="293"
                         VPOS="1074"
                         WIDTH="1420"
                         HEIGHT="77">
                  <Shape>
                     <Polygon POINTS="293,1074 1713,1074 1713,1151 293,1151"/>
                  </Shape>
                  <String CONTENT="ptoꝝ sencia ex ꝑte ueñabilium patrum dñoꝝ d̃i gr̃a"
                          HPOS="293"
                          VPOS="1074"
                          WIDTH="1420"
                          HEIGHT="77"/>
               </TextLine>
               <TextLine ID="zone-line_IRHT_P_004956_1-12"
                         BASELINE=""
                         HPOS="285"
                         VPOS="1156"
                         WIDTH="1454"
                         HEIGHT="74">
                  <Shape>
                     <Polygon POINTS="285,1156 1739,1156 1739,1230 285,1230"/>
                  </Shape>
                  <String CONTENT="maioris moͣst̃ii turoñ et sancti florencii de salmuro aude"
                          HPOS="285"
                          VPOS="1156"
                          WIDTH="1454"
                          HEIGHT="74"/>
               </TextLine>
               <TextLine ID="zone-line_IRHT_P_004956_1-13"
                         BASELINE=""
                         HPOS="295"
                         VPOS="1240"
                         WIDTH="1443"
                         HEIGHT="74">
                  <Shape>
                     <Polygon POINTS="295,1240 1738,1240 1738,1314 295,1314"/>
                  </Shape>
                  <String CONTENT="gaueñ dioc̃ ad id ꝑ sedem apl̃icam specialr̃ deputatoꝝ ab"
                          HPOS="295"
                          VPOS="1240"
                          WIDTH="1443"
                          HEIGHT="74"/>
               </TextLine>
            </TextBlock>
         </PrintSpace>
      </Page>
   </Layout>
</alto>
