<?xml version="1.0" encoding="UTF-8"?>
<alto xmlns="http://www.loc.gov/standards/alto/ns-v4#"
      xmlns:xsi="http://www.w3.org/2001/XMLSchema-instance"
      xmlns:tei="http://www.tei-c.org/ns/1.0"
      xsi:schemaLocation="http://www.loc.gov/standards/alto/ns-v4# ../schema/alto.xsd">
   <Description>
      <MeasurementUnit>pixel</MeasurementUnit>
      <sourceImageInformation>
         <fileName>IRHT_P_005043.tif</fileName>
      </sourceImageInformation>
   </Description>
   <Layout>
      <Page ID="zone-page_IRHT_P_005043"
            PHYSICAL_IMG_NR="0"
            WIDTH="1888"
            HEIGHT="1379">
         <PrintSpace HPOS="0" VPOS="0" WIDTH="1888" HEIGHT="1379">
            <TextBlock HPOS="113"
                       VPOS="43"
                       WIDTH="1708"
                       HEIGHT="1317"
                       ID="zone-col_IRHT_P_005043_1">
               <Shape>
                  <Polygon POINTS="113,43 1821,43 1821,1360 113,1360"/>
               </Shape>
               <TextLine ID="zone-line_IRHT_P_005043_1-1"
                         BASELINE=""
                         HPOS="196"
                         VPOS="246"
                         WIDTH="1575"
                         HEIGHT="80">
                  <Shape>
                     <Polygon POINTS="196,246 1771,246 1771,326 196,326"/>
                  </Shape>
                  <String CONTENT="b enedictus ep̃us ẜuus ẜuorum dei ueñ fr̃i ep̃o magaloñ salt̃"
                          HPOS="196"
                          VPOS="246"
                          WIDTH="1575"
                          HEIGHT="80"/>
               </TextLine>
               <TextLine ID="zone-line_IRHT_P_005043_1-2"
                         BASELINE=""
                         HPOS="162"
                         VPOS="332"
                         WIDTH="1556"
                         HEIGHT="70">
                  <Shape>
                     <Polygon POINTS="162,332 1718,332 1718,402 162,402"/>
                  </Shape>
                  <String CONTENT="⁊ apl̃icã bñ dudum ad audientiam nr̃i apl̃atus ꝑuenit ꝑlate"
                          HPOS="162"
                          VPOS="332"
                          WIDTH="1556"
                          HEIGHT="70"/>
               </TextLine>
               <TextLine ID="zone-line_IRHT_P_005043_1-3"
                         BASELINE=""
                         HPOS="168"
                         VPOS="411"
                         WIDTH="1590"
                         HEIGHT="64">
                  <Shape>
                     <Polygon POINTS="168,411 1758,411 1758,475 168,475"/>
                  </Shape>
                  <String CONTENT="quod ꝓ eo ꝙ in castro de brixiaco magaloñ dioc̃ ad tuam magal̃"
                          HPOS="168"
                          VPOS="411"
                          WIDTH="1590"
                          HEIGHT="64"/>
               </TextLine>
               <TextLine ID="zone-line_IRHT_P_005043_1-4"
                         BASELINE=""
                         HPOS="179"
                         VPOS="489"
                         WIDTH="1601"
                         HEIGHT="55">
                  <Shape>
                     <Polygon POINTS="179,489 1780,489 1780,544 179,544"/>
                  </Shape>
                  <String CONTENT="eccam &amp; dilc̃m filiũ nobilem uirũ raymundum petri militem dñm"
                          HPOS="179"
                          VPOS="489"
                          WIDTH="1601"
                          HEIGHT="55"/>
               </TextLine>
               <TextLine ID="zone-line_IRHT_P_005043_1-5"
                         BASELINE=""
                         HPOS="150"
                         VPOS="561"
                         WIDTH="1668"
                         HEIGHT="56">
                  <Shape>
                     <Polygon POINTS="150,561 1818,561 1818,617 150,617"/>
                  </Shape>
                  <String CONTENT="agaut eiusd̃ dioc̃ cõiter ꝑtinẽte per quosdam iudic̃ secular̃ cur̃"
                          HPOS="150"
                          VPOS="561"
                          WIDTH="1668"
                          HEIGHT="56"/>
               </TextLine>
               <TextLine ID="zone-line_IRHT_P_005043_1-6"
                         BASELINE=""
                         HPOS="174"
                         VPOS="636"
                         WIDTH="1588"
                         HEIGHT="60">
                  <Shape>
                     <Polygon POINTS="174,636 1762,636 1762,696 174,696"/>
                  </Shape>
                  <String CONTENT="cõis ecce ac nobil̃ dictoꝝ contͣ quadam michaelem gaut͛ie et"
                          HPOS="174"
                          VPOS="636"
                          WIDTH="1588"
                          HEIGHT="60"/>
               </TextLine>
               <TextLine ID="zone-line_IRHT_P_005043_1-7"
                         BASELINE=""
                         HPOS="178"
                         VPOS="708"
                         WIDTH="1589"
                         HEIGHT="59">
                  <Shape>
                     <Polygon POINTS="178,708 1767,708 1767,767 178,767"/>
                  </Shape>
                  <String CONTENT="emẽgardam de carnic̃ ac agnetẽ fabrice mulieres ut asserebat᷑"
                          HPOS="178"
                          VPOS="708"
                          WIDTH="1589"
                          HEIGHT="59"/>
               </TextLine>
               <TextLine ID="zone-line_IRHT_P_005043_1-8"
                         BASELINE=""
                         HPOS="176"
                         VPOS="781"
                         WIDTH="1592"
                         HEIGHT="59">
                  <Shape>
                     <Polygon POINTS="176,781 1768,781 1768,840 176,840"/>
                  </Shape>
                  <String CONTENT="sortilegas ⁊ maleficas c̃tus habitus ꝓcessus fuerat ⁊ cõdempna"
                          HPOS="176"
                          VPOS="781"
                          WIDTH="1592"
                          HEIGHT="59"/>
               </TextLine>
               <TextLine ID="zone-line_IRHT_P_005043_1-9"
                         BASELINE=""
                         HPOS="179"
                         VPOS="862"
                         WIDTH="1581"
                         HEIGHT="58">
                  <Shape>
                     <Polygon POINTS="179,862 1760,862 1760,920 179,920"/>
                  </Shape>
                  <String CONTENT="cionis sñia ꝓmulgata et executioni mandata in officii dilc̃i filii"
                          HPOS="179"
                          VPOS="862"
                          WIDTH="1581"
                          HEIGHT="58"/>
               </TextLine>
               <TextLine ID="zone-line_IRHT_P_005043_1-10"
                         BASELINE=""
                         HPOS="184"
                         VPOS="932"
                         WIDTH="1610"
                         HEIGHT="59">
                  <Shape>
                     <Polygon POINTS="184,932 1794,932 1794,991 184,991"/>
                  </Shape>
                  <String CONTENT="inquisitor heretic̃ prauitat̃ in illis partib auct̃e apl̃ica deputati"
                          HPOS="184"
                          VPOS="932"
                          WIDTH="1610"
                          HEIGHT="59"/>
               </TextLine>
               <TextLine ID="zone-line_IRHT_P_005043_1-11"
                         BASELINE=""
                         HPOS="183"
                         VPOS="1004"
                         WIDTH="1582"
                         HEIGHT="58">
                  <Shape>
                     <Polygon POINTS="183,1004 1765,1004 1765,1062 183,1062"/>
                  </Shape>
                  <String CONTENT="ut dicebat᷑ iudiciũ ⁊ cõtemptum per eũdem inquisitor seu"
                          HPOS="183"
                          VPOS="1004"
                          WIDTH="1582"
                          HEIGHT="58"/>
               </TextLine>
               <TextLine ID="zone-line_IRHT_P_005043_1-12"
                         BASELINE=""
                         HPOS="174"
                         VPOS="1080"
                         WIDTH="1647"
                         HEIGHT="59">
                  <Shape>
                     <Polygon POINTS="174,1080 1821,1080 1821,1139 174,1139"/>
                  </Shape>
                  <String CONTENT="de mãdato suo contͣ nonullas ꝑsonas c̃ti fuerãt facti ꝓcessus ro"
                          HPOS="174"
                          VPOS="1080"
                          WIDTH="1647"
                          HEIGHT="59"/>
               </TextLine>
               <TextLine ID="zone-line_IRHT_P_005043_1-13"
                         BASELINE=""
                         HPOS="183"
                         VPOS="1149"
                         WIDTH="1609"
                         HEIGHT="67">
                  <Shape>
                     <Polygon POINTS="183,1149 1792,1149 1792,1216 183,1216"/>
                  </Shape>
                  <String CONTENT="c̃tis ex caus̃ tam de toto ꝓcessu suꝑ miss̃ habito per dc̃os iudic̃es"
                          HPOS="183"
                          VPOS="1149"
                          WIDTH="1609"
                          HEIGHT="67"/>
               </TextLine>
               <TextLine ID="zone-line_IRHT_P_005043_1-14"
                         BASELINE=""
                         HPOS="180"
                         VPOS="1232"
                         WIDTH="1556"
                         HEIGHT="62">
                  <Shape>
                     <Polygon POINTS="180,1232 1736,1232 1736,1294 180,1294"/>
                  </Shape>
                  <String CONTENT="secular̃ ꝙͣ ꝓcessu predc̃o per eũdem inquisitor̃ uel de suo"
                          HPOS="180"
                          VPOS="1232"
                          WIDTH="1556"
                          HEIGHT="62"/>
               </TextLine>
            </TextBlock>
         </PrintSpace>
      </Page>
   </Layout>
</alto>
