<?xml version="1.0" encoding="UTF-8"?>
<alto xmlns="http://www.loc.gov/standards/alto/ns-v4#"
      xmlns:xsi="http://www.w3.org/2001/XMLSchema-instance"
      xmlns:tei="http://www.tei-c.org/ns/1.0"
      xsi:schemaLocation="http://www.loc.gov/standards/alto/ns-v4# ../schema/alto.xsd">
   <Description>
      <MeasurementUnit>pixel</MeasurementUnit>
      <sourceImageInformation>
         <fileName>IRHT_P_008158.tif</fileName>
      </sourceImageInformation>
   </Description>
   <Layout>
      <Page ID="zone-page_IRHT_P_008158"
            PHYSICAL_IMG_NR="0"
            WIDTH="1238"
            HEIGHT="1742">
         <PrintSpace HPOS="0" VPOS="0" WIDTH="1238" HEIGHT="1742">
            <TextBlock HPOS="132"
                       VPOS="4"
                       WIDTH="1081"
                       HEIGHT="1735"
                       ID="zone-col_IRHT_P_008158_1">
               <Shape>
                  <Polygon POINTS="132,4 1213,4 1213,1739 132,1739"/>
               </Shape>
               <TextLine ID="zone-line_IRHT_P_008158_1-1"
                         BASELINE=""
                         HPOS="463"
                         VPOS="8"
                         WIDTH="720"
                         HEIGHT="61">
                  <Shape>
                     <Polygon POINTS="463,8 1183,8 1183,69 463,69"/>
                  </Shape>
                  <String CONTENT="incipit speculũ sacerdotũ"
                          HPOS="463"
                          VPOS="8"
                          WIDTH="720"
                          HEIGHT="61"/>
               </TextLine>
               <TextLine ID="zone-line_IRHT_P_008158_1-2"
                         BASELINE=""
                         HPOS="262"
                         VPOS="134"
                         WIDTH="912"
                         HEIGHT="51">
                  <Shape>
                     <Polygon POINTS="262,134 1174,134 1174,185 262,185"/>
                  </Shape>
                  <String CONTENT="cclesie sancte regimẽ qui duc̃e sancte"
                          HPOS="262"
                          VPOS="134"
                          WIDTH="912"
                          HEIGHT="51"/>
               </TextLine>
               <TextLine ID="zone-line_IRHT_P_008158_1-3"
                         BASELINE=""
                         HPOS="269"
                         VPOS="195"
                         WIDTH="943"
                         HEIGHT="49">
                  <Shape>
                     <Polygon POINTS="269,195 1212,195 1212,244 269,244"/>
                  </Shape>
                  <String CONTENT="uis hec metra lege de sc̃a ꝯdita lege"
                          HPOS="269"
                          VPOS="195"
                          WIDTH="943"
                          HEIGHT="49"/>
               </TextLine>
               <TextLine ID="zone-line_IRHT_P_008158_1-4"
                         BASELINE=""
                         HPOS="255"
                         VPOS="256"
                         WIDTH="958"
                         HEIGHT="44">
                  <Shape>
                     <Polygon POINTS="255,256 1213,256 1213,300 255,300"/>
                  </Shape>
                  <String CONTENT="que si ꝑleg̃e bñ uis ⁊ corde tenere"
                          HPOS="255"
                          VPOS="256"
                          WIDTH="958"
                          HEIGHT="44"/>
               </TextLine>
               <TextLine ID="zone-line_IRHT_P_008158_1-5"
                         BASELINE=""
                         HPOS="149"
                         VPOS="311"
                         WIDTH="862"
                         HEIGHT="55">
                  <Shape>
                     <Polygon POINTS="149,311 1011,311 1011,366 149,366"/>
                  </Shape>
                  <String CONTENT="acti ꝯplere pot̃is bona semꝑ habere"
                          HPOS="149"
                          VPOS="311"
                          WIDTH="862"
                          HEIGHT="55"/>
               </TextLine>
               <TextLine ID="zone-line_IRHT_P_008158_1-6"
                         BASELINE=""
                         HPOS="153"
                         VPOS="370"
                         WIDTH="923"
                         HEIGHT="61">
                  <Shape>
                     <Polygon POINTS="153,370 1076,370 1076,431 153,431"/>
                  </Shape>
                  <String CONTENT="hoc speculũ clarũ curã mõstrans aĩarũ"
                          HPOS="153"
                          VPOS="370"
                          WIDTH="923"
                          HEIGHT="61"/>
               </TextLine>
               <TextLine ID="zone-line_IRHT_P_008158_1-7"
                         BASELINE=""
                         HPOS="144"
                         VPOS="431"
                         WIDTH="957"
                         HEIGHT="67">
                  <Shape>
                     <Polygon POINTS="144,431 1101,431 1101,498 144,498"/>
                  </Shape>
                  <String CONTENT="condo tibi carũ plusꝙͣ sit gẽma uel aurũ"
                          HPOS="144"
                          VPOS="431"
                          WIDTH="957"
                          HEIGHT="67"/>
               </TextLine>
               <TextLine ID="zone-line_IRHT_P_008158_1-8"
                         BASELINE=""
                         HPOS="153"
                         VPOS="493"
                         WIDTH="930"
                         HEIGHT="57">
                  <Shape>
                     <Polygon POINTS="153,493 1083,493 1083,550 153,550"/>
                  </Shape>
                  <String CONTENT="quo possis aĩas sacͣmẽt̃ reddere mũdas"
                          HPOS="153"
                          VPOS="493"
                          WIDTH="930"
                          HEIGHT="57"/>
               </TextLine>
               <TextLine ID="zone-line_IRHT_P_008158_1-9"
                         BASELINE=""
                         HPOS="162"
                         VPOS="552"
                         WIDTH="862"
                         HEIGHT="59">
                  <Shape>
                     <Polygon POINTS="162,552 1024,552 1024,611 162,611"/>
                  </Shape>
                  <String CONTENT="crimina uitare uirtutes multiplicare"
                          HPOS="162"
                          VPOS="552"
                          WIDTH="862"
                          HEIGHT="59"/>
               </TextLine>
               <TextLine ID="zone-line_IRHT_P_008158_1-10"
                         BASELINE=""
                         HPOS="155"
                         VPOS="611"
                         WIDTH="846"
                         HEIGHT="57">
                  <Shape>
                     <Polygon POINTS="155,611 1001,611 1001,668 155,668"/>
                  </Shape>
                  <String CONTENT="ut bñ uiuẽdo subiectis sancta docendo"
                          HPOS="155"
                          VPOS="611"
                          WIDTH="846"
                          HEIGHT="57"/>
               </TextLine>
               <TextLine ID="zone-line_IRHT_P_008158_1-11"
                         BASELINE=""
                         HPOS="156"
                         VPOS="670"
                         WIDTH="811"
                         HEIGHT="57">
                  <Shape>
                     <Polygon POINTS="156,670 967,670 967,727 156,727"/>
                  </Shape>
                  <String CONTENT="tandem leteris in celis ⁊ speculeris"
                          HPOS="156"
                          VPOS="670"
                          WIDTH="811"
                          HEIGHT="57"/>
               </TextLine>
               <TextLine ID="zone-line_IRHT_P_008158_1-12"
                         BASELINE=""
                         HPOS="148"
                         VPOS="733"
                         WIDTH="863"
                         HEIGHT="51">
                  <Shape>
                     <Polygon POINTS="148,733 1011,733 1011,784 148,784"/>
                  </Shape>
                  <String CONTENT="adducẽdo gregẽ sũmũ ꝑ secula regẽ"
                          HPOS="148"
                          VPOS="733"
                          WIDTH="863"
                          HEIGHT="51"/>
               </TextLine>
               <TextLine ID="zone-line_IRHT_P_008158_1-13"
                         BASELINE=""
                         HPOS="150"
                         VPOS="795"
                         WIDTH="805"
                         HEIGHT="50">
                  <Shape>
                     <Polygon POINTS="150,795 955,795 955,845 150,845"/>
                  </Shape>
                  <String CONTENT="hoc ꝯcedente dño bñ cũcta regente"
                          HPOS="150"
                          VPOS="795"
                          WIDTH="805"
                          HEIGHT="50"/>
               </TextLine>
               <TextLine ID="zone-line_IRHT_P_008158_1-14"
                         BASELINE=""
                         HPOS="150"
                         VPOS="855"
                         WIDTH="826"
                         HEIGHT="44">
                  <Shape>
                     <Polygon POINTS="150,855 976,855 976,899 150,899"/>
                  </Shape>
                  <String CONTENT="primo tñ dñm rogo trinũ sẽꝑ ⁊ unũ"
                          HPOS="150"
                          VPOS="855"
                          WIDTH="826"
                          HEIGHT="44"/>
               </TextLine>
               <TextLine ID="zone-line_IRHT_P_008158_1-15"
                         BASELINE=""
                         HPOS="149"
                         VPOS="913"
                         WIDTH="990"
                         HEIGHT="49">
                  <Shape>
                     <Polygon POINTS="149,913 1139,913 1139,962 149,962"/>
                  </Shape>
                  <String CONTENT="a quo cũcta bona manãt ut det michi dona"
                          HPOS="149"
                          VPOS="913"
                          WIDTH="990"
                          HEIGHT="49"/>
               </TextLine>
               <TextLine ID="zone-line_IRHT_P_008158_1-16"
                         BASELINE=""
                         HPOS="145"
                         VPOS="973"
                         WIDTH="990"
                         HEIGHT="54">
                  <Shape>
                     <Polygon POINTS="145,973 1135,973 1135,1027 145,1027"/>
                  </Shape>
                  <String CONTENT="cũ quib hoc speculũ ualeã ꝯplere nouellũ"
                          HPOS="145"
                          VPOS="973"
                          WIDTH="990"
                          HEIGHT="54"/>
               </TextLine>
               <TextLine ID="zone-line_IRHT_P_008158_1-17"
                         BASELINE=""
                         HPOS="143"
                         VPOS="1037"
                         WIDTH="782"
                         HEIGHT="46">
                  <Shape>
                     <Polygon POINTS="143,1037 925,1037 925,1083 143,1083"/>
                  </Shape>
                  <String CONTENT="utile mũdanis aĩabus edificandis"
                          HPOS="143"
                          VPOS="1037"
                          WIDTH="782"
                          HEIGHT="46"/>
               </TextLine>
               <TextLine ID="zone-line_IRHT_P_008158_1-18"
                         BASELINE=""
                         HPOS="359"
                         VPOS="1101"
                         WIDTH="694"
                         HEIGHT="42">
                  <Shape>
                     <Polygon POINTS="359,1101 1053,1101 1053,1143 359,1143"/>
                  </Shape>
                  <String CONTENT="de modo ⁊ forma hui᷒ libri"
                          HPOS="359"
                          VPOS="1101"
                          WIDTH="694"
                          HEIGHT="42"/>
               </TextLine>
               <TextLine ID="zone-line_IRHT_P_008158_1-19"
                         BASELINE=""
                         HPOS="136"
                         VPOS="1143"
                         WIDTH="953"
                         HEIGHT="54">
                  <Shape>
                     <Polygon POINTS="136,1143 1089,1143 1089,1197 136,1197"/>
                  </Shape>
                  <String CONTENT="de titulo pandã tibi primo ꝯmoda quedã"
                          HPOS="136"
                          VPOS="1143"
                          WIDTH="953"
                          HEIGHT="54"/>
               </TextLine>
               <TextLine ID="zone-line_IRHT_P_008158_1-20"
                         BASELINE=""
                         HPOS="134"
                         VPOS="1201"
                         WIDTH="885"
                         HEIGHT="54">
                  <Shape>
                     <Polygon POINTS="134,1201 1019,1201 1019,1255 134,1255"/>
                  </Shape>
                  <String CONTENT="ut ẜues uitã post hec dicetur honestam"
                          HPOS="134"
                          VPOS="1201"
                          WIDTH="885"
                          HEIGHT="54"/>
               </TextLine>
               <TextLine ID="zone-line_IRHT_P_008158_1-21"
                         BASELINE=""
                         HPOS="132"
                         VPOS="1261"
                         WIDTH="815"
                         HEIGHT="64">
                  <Shape>
                     <Polygon POINTS="132,1261 947,1261 947,1325 132,1325"/>
                  </Shape>
                  <String CONTENT="que debes scire faciã post ista subire"
                          HPOS="132"
                          VPOS="1261"
                          WIDTH="815"
                          HEIGHT="64"/>
               </TextLine>
               <TextLine ID="zone-line_IRHT_P_008158_1-22"
                         BASELINE=""
                         HPOS="145"
                         VPOS="1316"
                         WIDTH="818"
                         HEIGHT="66">
                  <Shape>
                     <Polygon POINTS="145,1316 963,1316 963,1382 145,1382"/>
                  </Shape>
                  <String CONTENT="hinc ꝙ in eccl̃a residencia sit facienda"
                          HPOS="145"
                          VPOS="1316"
                          WIDTH="818"
                          HEIGHT="66"/>
               </TextLine>
               <TextLine ID="zone-line_IRHT_P_008158_1-23"
                         BASELINE=""
                         HPOS="141"
                         VPOS="1382"
                         WIDTH="886"
                         HEIGHT="65">
                  <Shape>
                     <Polygon POINTS="141,1382 1027,1382 1027,1447 141,1447"/>
                  </Shape>
                  <String CONTENT="que sũt officia tibi subiũgã fugienda"
                          HPOS="141"
                          VPOS="1382"
                          WIDTH="886"
                          HEIGHT="65"/>
               </TextLine>
               <TextLine ID="zone-line_IRHT_P_008158_1-24"
                         BASELINE=""
                         HPOS="139"
                         VPOS="1438"
                         WIDTH="892"
                         HEIGHT="83">
                  <Shape>
                     <Polygon POINTS="139,1438 1031,1438 1031,1521 139,1521"/>
                  </Shape>
                  <String CONTENT="post hec officia tibi debita iũgo nouena"
                          HPOS="139"
                          VPOS="1438"
                          WIDTH="892"
                          HEIGHT="83"/>
               </TextLine>
               <TextLine ID="zone-line_IRHT_P_008158_1-25"
                         BASELINE=""
                         HPOS="134"
                         VPOS="1499"
                         WIDTH="897"
                         HEIGHT="83">
                  <Shape>
                     <Polygon POINTS="134,1499 1031,1499 1031,1582 134,1582"/>
                  </Shape>
                  <String CONTENT="scilic in sacra digne tractes sac̃menta"
                          HPOS="134"
                          VPOS="1499"
                          WIDTH="897"
                          HEIGHT="83"/>
               </TextLine>
               <TextLine ID="zone-line_IRHT_P_008158_1-26"
                         BASELINE=""
                         HPOS="135"
                         VPOS="1552"
                         WIDTH="858"
                         HEIGHT="98">
                  <Shape>
                     <Polygon POINTS="135,1552 993,1552 993,1650 135,1650"/>
                  </Shape>
                  <String CONTENT="ut missas celebres deuote post ea cernes"
                          HPOS="135"
                          VPOS="1552"
                          WIDTH="858"
                          HEIGHT="98"/>
               </TextLine>
               <TextLine ID="zone-line_IRHT_P_008158_1-27"
                         BASELINE=""
                         HPOS="135"
                         VPOS="1608"
                         WIDTH="978"
                         HEIGHT="109">
                  <Shape>
                     <Polygon POINTS="135,1608 1113,1608 1113,1717 135,1717"/>
                  </Shape>
                  <String CONTENT="postea monstratur quid quomodo ꝯfiteatur"
                          HPOS="135"
                          VPOS="1608"
                          WIDTH="978"
                          HEIGHT="109"/>
               </TextLine>
               <TextLine ID="zone-line_IRHT_P_008158_1-28"
                         BASELINE=""
                         HPOS="135"
                         VPOS="1666"
                         WIDTH="910"
                         HEIGHT="72">
                  <Shape>
                     <Polygon POINTS="135,1666 1045,1666 1045,1738 135,1738"/>
                  </Shape>
                  <String CONTENT="quomodo doctrinã tradas"
                          HPOS="135"
                          VPOS="1666"
                          WIDTH="910"
                          HEIGHT="72"/>
               </TextLine>
            </TextBlock>
         </PrintSpace>
      </Page>
   </Layout>
</alto>
