<?xml version="1.0" encoding="UTF-8"?>
<alto xmlns="http://www.loc.gov/standards/alto/ns-v4#"
      xmlns:xsi="http://www.w3.org/2001/XMLSchema-instance"
      xmlns:tei="http://www.tei-c.org/ns/1.0"
      xsi:schemaLocation="http://www.loc.gov/standards/alto/ns-v4# ../schema/alto.xsd">
   <Description>
      <MeasurementUnit>pixel</MeasurementUnit>
      <sourceImageInformation>
         <fileName>IRHT_P_003649.tif</fileName>
      </sourceImageInformation>
   </Description>
   <Layout>
      <Page ID="zone-page_IRHT_P_003649"
            PHYSICAL_IMG_NR="0"
            WIDTH="1336"
            HEIGHT="1832">
         <PrintSpace HPOS="0" VPOS="0" WIDTH="1336" HEIGHT="1832">
            <TextBlock HPOS="209"
                       VPOS="27"
                       WIDTH="1083"
                       HEIGHT="1796"
                       ID="zone-col_IRHT_P_003649_1">
               <Shape>
                  <Polygon POINTS="209,27 1292,27 1292,1823 209,1823"/>
               </Shape>
               <TextLine ID="zone-line_IRHT_P_003649_1-1"
                         BASELINE=""
                         HPOS="270"
                         VPOS="91"
                         WIDTH="978"
                         HEIGHT="53">
                  <Shape>
                     <Polygon POINTS="270,91 1248,91 1248,144 270,144"/>
                  </Shape>
                  <String CONTENT="men et illesũ ĩuẽit gesta ãt hui sc̃i iulia"
                          HPOS="270"
                          VPOS="91"
                          WIDTH="978"
                          HEIGHT="53"/>
               </TextLine>
               <TextLine ID="zone-line_IRHT_P_003649_1-2"
                         BASELINE=""
                         HPOS="270"
                         VPOS="160"
                         WIDTH="969"
                         HEIGHT="56">
                  <Shape>
                     <Polygon POINTS="270,160 1239,160 1239,216 270,216"/>
                  </Shape>
                  <String CONTENT="ni ad integrũ habere neqͥuim ad manũ"
                          HPOS="270"
                          VPOS="160"
                          WIDTH="969"
                          HEIGHT="56"/>
               </TextLine>
               <TextLine ID="zone-line_IRHT_P_003649_1-3"
                         BASELINE=""
                         HPOS="261"
                         VPOS="240"
                         WIDTH="1012"
                         HEIGHT="56">
                  <Shape>
                     <Polygon POINTS="261,240 1273,240 1273,296 261,296"/>
                  </Shape>
                  <String CONTENT="sc̃e brigide uirg̃is kl̃is febroarii ex gestis"
                          HPOS="261"
                          VPOS="240"
                          WIDTH="1012"
                          HEIGHT="56"/>
               </TextLine>
               <TextLine ID="zone-line_IRHT_P_003649_1-4"
                         BASELINE=""
                         HPOS="274"
                         VPOS="320"
                         WIDTH="145"
                         HEIGHT="42">
                  <Shape>
                     <Polygon POINTS="274,320 419,320 419,362 274,362"/>
                  </Shape>
                  <String CONTENT="eius"
                          HPOS="274"
                          VPOS="320"
                          WIDTH="145"
                          HEIGHT="42"/>
               </TextLine>
               <TextLine ID="zone-line_IRHT_P_003649_1-5"
                         BASELINE=""
                         HPOS="539"
                         VPOS="390"
                         WIDTH="723"
                         HEIGHT="54">
                  <Shape>
                     <Polygon POINTS="539,390 1262,390 1262,444 539,444"/>
                  </Shape>
                  <String CONTENT="beata brigida orta fuit ĩ sco"
                          HPOS="539"
                          VPOS="390"
                          WIDTH="723"
                          HEIGHT="54"/>
               </TextLine>
               <TextLine ID="zone-line_IRHT_P_003649_1-6"
                         BASELINE=""
                         HPOS="555"
                         VPOS="463"
                         WIDTH="697"
                         HEIGHT="54">
                  <Shape>
                     <Polygon POINTS="555,463 1252,463 1252,517 555,517"/>
                  </Shape>
                  <String CONTENT="cia de bona ꝓsapia ex patre"
                          HPOS="555"
                          VPOS="463"
                          WIDTH="697"
                          HEIGHT="54"/>
               </TextLine>
               <TextLine ID="zone-line_IRHT_P_003649_1-7"
                         BASELINE=""
                         HPOS="547"
                         VPOS="536"
                         WIDTH="709"
                         HEIGHT="53">
                  <Shape>
                     <Polygon POINTS="547,536 1256,536 1256,589 547,589"/>
                  </Shape>
                  <String CONTENT="dubtocho  matre broca ꝓge"
                          HPOS="547"
                          VPOS="536"
                          WIDTH="709"
                          HEIGHT="53"/>
               </TextLine>
               <TextLine ID="zone-line_IRHT_P_003649_1-8"
                         BASELINE=""
                         HPOS="541"
                         VPOS="613"
                         WIDTH="710"
                         HEIGHT="52">
                  <Shape>
                     <Polygon POINTS="541,613 1251,613 1251,665 541,665"/>
                  </Shape>
                  <String CONTENT="hec a sua puericia bonaꝝ"
                          HPOS="541"
                          VPOS="613"
                          WIDTH="710"
                          HEIGHT="52"/>
               </TextLine>
               <TextLine ID="zone-line_IRHT_P_003649_1-9"
                         BASELINE=""
                         HPOS="261"
                         VPOS="692"
                         WIDTH="1004"
                         HEIGHT="50">
                  <Shape>
                     <Polygon POINTS="261,692 1265,692 1265,742 261,742"/>
                  </Shape>
                  <String CONTENT="rerum studiis inoleuit pudicicie ac sobri"
                          HPOS="261"
                          VPOS="692"
                          WIDTH="1004"
                          HEIGHT="50"/>
               </TextLine>
               <TextLine ID="zone-line_IRHT_P_003649_1-10"
                         BASELINE=""
                         HPOS="259"
                         VPOS="761"
                         WIDTH="996"
                         HEIGHT="48">
                  <Shape>
                     <Polygon POINTS="259,761 1255,761 1255,809 259,809"/>
                  </Shape>
                  <String CONTENT="etati intenta semꝑ de bonis ad meliora"
                          HPOS="259"
                          VPOS="761"
                          WIDTH="996"
                          HEIGHT="48"/>
               </TextLine>
               <TextLine ID="zone-line_IRHT_P_003649_1-11"
                         BASELINE=""
                         HPOS="282"
                         VPOS="830"
                         WIDTH="985"
                         HEIGHT="54">
                  <Shape>
                     <Polygon POINTS="282,830 1267,830 1267,884 282,884"/>
                  </Shape>
                  <String CONTENT="crescebat et ab ipa puellari etate uirtutũ"
                          HPOS="282"
                          VPOS="830"
                          WIDTH="985"
                          HEIGHT="54"/>
               </TextLine>
               <TextLine ID="zone-line_IRHT_P_003649_1-12"
                         BASELINE=""
                         HPOS="273"
                         VPOS="906"
                         WIDTH="976"
                         HEIGHT="53">
                  <Shape>
                     <Polygon POINTS="273,906 1249,906 1249,959 273,959"/>
                  </Shape>
                  <String CONTENT="signis extitit admiranda cũ enĩ a ma"
                          HPOS="273"
                          VPOS="906"
                          WIDTH="976"
                          HEIGHT="53"/>
               </TextLine>
               <TextLine ID="zone-line_IRHT_P_003649_1-13"
                         BASELINE=""
                         HPOS="282"
                         VPOS="980"
                         WIDTH="1010"
                         HEIGHT="50">
                  <Shape>
                     <Polygon POINTS="282,980 1292,980 1292,1030 282,1030"/>
                  </Shape>
                  <String CONTENT="tre sua trãsmissa eẽt ut de uaccaꝝ lacte bu"
                          HPOS="282"
                          VPOS="980"
                          WIDTH="1010"
                          HEIGHT="50"/>
               </TextLine>
               <TextLine ID="zone-line_IRHT_P_003649_1-14"
                         BASELINE=""
                         HPOS="276"
                         VPOS="1053"
                         WIDTH="998"
                         HEIGHT="53">
                  <Shape>
                     <Polygon POINTS="276,1053 1274,1053 1274,1106 276,1106"/>
                  </Shape>
                  <String CONTENT="tirum cõgregaret et ad pondus redderet si"
                          HPOS="276"
                          VPOS="1053"
                          WIDTH="998"
                          HEIGHT="53"/>
               </TextLine>
               <TextLine ID="zone-line_IRHT_P_003649_1-15"
                         BASELINE=""
                         HPOS="272"
                         VPOS="1128"
                         WIDTH="1014"
                         HEIGHT="50">
                  <Shape>
                     <Polygon POINTS="272,1128 1286,1128 1286,1178 272,1178"/>
                  </Shape>
                  <String CONTENT="cut alie puelle ĩ illis regionib fac̃e solebãt"
                          HPOS="272"
                          VPOS="1128"
                          WIDTH="1014"
                          HEIGHT="50"/>
               </TextLine>
               <TextLine ID="zone-line_IRHT_P_003649_1-16"
                         BASELINE=""
                         HPOS="264"
                         VPOS="1197"
                         WIDTH="1010"
                         HEIGHT="56">
                  <Shape>
                     <Polygon POINTS="264,1197 1274,1197 1274,1253 264,1253"/>
                  </Shape>
                  <String CONTENT="hec iam tũc uirgo hospitalis magis uolẽs"
                          HPOS="264"
                          VPOS="1197"
                          WIDTH="1010"
                          HEIGHT="56"/>
               </TextLine>
               <TextLine ID="zone-line_IRHT_P_003649_1-17"
                         BASELINE=""
                         HPOS="279"
                         VPOS="1269"
                         WIDTH="997"
                         HEIGHT="54">
                  <Shape>
                     <Polygon POINTS="279,1269 1276,1269 1276,1323 279,1323"/>
                  </Shape>
                  <String CONTENT="obedire deo ꝙͣ hõib pauꝑib  hospitib᷒ tam"
                          HPOS="279"
                          VPOS="1269"
                          WIDTH="997"
                          HEIGHT="54"/>
               </TextLine>
               <TextLine ID="zone-line_IRHT_P_003649_1-18"
                         BASELINE=""
                         HPOS="287"
                         VPOS="1342"
                         WIDTH="995"
                         HEIGHT="51">
                  <Shape>
                     <Polygon POINTS="287,1342 1282,1342 1282,1393 287,1393"/>
                  </Shape>
                  <String CONTENT="lac ꝙͣ butirum largit᷑ distribuere cepit et"
                          HPOS="287"
                          VPOS="1342"
                          WIDTH="995"
                          HEIGHT="51"/>
               </TextLine>
               <TextLine ID="zone-line_IRHT_P_003649_1-19"
                         BASELINE=""
                         HPOS="291"
                         VPOS="1409"
                         WIDTH="989"
                         HEIGHT="49">
                  <Shape>
                     <Polygon POINTS="291,1409 1280,1409 1280,1458 291,1458"/>
                  </Shape>
                  <String CONTENT="cum tp̃s aduenisset ut om̃s redderent fruc"
                          HPOS="291"
                          VPOS="1409"
                          WIDTH="989"
                          HEIGHT="49"/>
               </TextLine>
               <TextLine ID="zone-line_IRHT_P_003649_1-20"
                         BASELINE=""
                         HPOS="289"
                         VPOS="1476"
                         WIDTH="978"
                         HEIGHT="57">
                  <Shape>
                     <Polygon POINTS="289,1476 1267,1476 1267,1533 289,1533"/>
                  </Shape>
                  <String CONTENT="tum uaccaꝝ cooꝑatrices eius monstraue"
                          HPOS="289"
                          VPOS="1476"
                          WIDTH="978"
                          HEIGHT="57"/>
               </TextLine>
               <TextLine ID="zone-line_IRHT_P_003649_1-21"
                         BASELINE=""
                         HPOS="287"
                         VPOS="1550"
                         WIDTH="977"
                         HEIGHT="58">
                  <Shape>
                     <Polygon POINTS="287,1550 1264,1550 1264,1608 287,1608"/>
                  </Shape>
                  <String CONTENT="runt oꝑa sua cõpleta uentum est ad bri"
                          HPOS="287"
                          VPOS="1550"
                          WIDTH="977"
                          HEIGHT="58"/>
               </TextLine>
               <TextLine ID="zone-line_IRHT_P_003649_1-22"
                         BASELINE=""
                         HPOS="290"
                         VPOS="1618"
                         WIDTH="983"
                         HEIGHT="67">
                  <Shape>
                     <Polygon POINTS="290,1618 1273,1618 1273,1685 290,1685"/>
                  </Shape>
                  <String CONTENT="gidam ut redderet opus suũ que non"
                          HPOS="290"
                          VPOS="1618"
                          WIDTH="983"
                          HEIGHT="67"/>
               </TextLine>
               <TextLine ID="zone-line_IRHT_P_003649_1-23"
                         BASELINE=""
                         HPOS="293"
                         VPOS="1694"
                         WIDTH="966"
                         HEIGHT="62">
                  <Shape>
                     <Polygon POINTS="293,1694 1259,1694 1259,1756 293,1756"/>
                  </Shape>
                  <String CONTENT="habens quid redderet  totũ pauꝑib᷒ ero"
                          HPOS="293"
                          VPOS="1694"
                          WIDTH="966"
                          HEIGHT="62"/>
               </TextLine>
               <TextLine ID="zone-line_IRHT_P_003649_1-24"
                         BASELINE=""
                         HPOS="298"
                         VPOS="1764"
                         WIDTH="983"
                         HEIGHT="59">
                  <Shape>
                     <Polygon POINTS="298,1764 1281,1764 1281,1823 298,1823"/>
                  </Shape>
                  <String CONTENT="gauerat timore matris pauida totam se cõ"
                          HPOS="298"
                          VPOS="1764"
                          WIDTH="983"
                          HEIGHT="59"/>
               </TextLine>
            </TextBlock>
         </PrintSpace>
      </Page>
   </Layout>
</alto>
