<?xml version="1.0" encoding="UTF-8"?>
<alto xmlns="http://www.loc.gov/standards/alto/ns-v4#"
      xmlns:xsi="http://www.w3.org/2001/XMLSchema-instance"
      xmlns:tei="http://www.tei-c.org/ns/1.0"
      xsi:schemaLocation="http://www.loc.gov/standards/alto/ns-v4# ../schema/alto.xsd">
   <Description>
      <MeasurementUnit>pixel</MeasurementUnit>
      <sourceImageInformation>
         <fileName>IRHT_P_002584.tif</fileName>
      </sourceImageInformation>
   </Description>
   <Layout>
      <Page ID="zone-page_IRHT_P_002584"
            PHYSICAL_IMG_NR="0"
            WIDTH="1796"
            HEIGHT="1300">
         <PrintSpace HPOS="0" VPOS="0" WIDTH="1796" HEIGHT="1300">
            <TextBlock HPOS="37"
                       VPOS="56"
                       WIDTH="1723"
                       HEIGHT="1241"
                       ID="zone-col_IRHT_P_002584_1">
               <Shape>
                  <Polygon POINTS="37,56 1760,56 1760,1297 37,1297"/>
               </Shape>
               <TextLine ID="zone-line_IRHT_P_002584_1-1"
                         BASELINE=""
                         HPOS="135"
                         VPOS="148"
                         WIDTH="1572"
                         HEIGHT="72">
                  <Shape>
                     <Polygon POINTS="135,148 1707,148 1707,220 135,220"/>
                  </Shape>
                  <String CONTENT="puritate celesis desid̃ii gaudent erat eneũ quia multi sũt qͥ dicunt mente"
                          HPOS="135"
                          VPOS="148"
                          WIDTH="1572"
                          HEIGHT="72"/>
               </TextLine>
               <TextLine ID="zone-line_IRHT_P_002584_1-2"
                         BASELINE=""
                         HPOS="140"
                         VPOS="233"
                         WIDTH="1574"
                         HEIGHT="64">
                  <Shape>
                     <Polygon POINTS="140,233 1714,233 1714,297 140,297"/>
                  </Shape>
                  <String CONTENT="seruiuim᷒ legi dei carne aut̃ legi peccati erat ante templi fores positum"
                          HPOS="140"
                          VPOS="233"
                          WIDTH="1574"
                          HEIGHT="64"/>
               </TextLine>
               <TextLine ID="zone-line_IRHT_P_002584_1-3"
                         BASELINE=""
                         HPOS="144"
                         VPOS="306"
                         WIDTH="1616"
                         HEIGHT="58">
                  <Shape>
                     <Polygon POINTS="144,306 1760,306 1760,364 144,364"/>
                  </Shape>
                  <String CONTENT="quia pauci sunt qui renuntiant om̃ib q̃ possident ut ad ostium portic᷒ appro"
                          HPOS="144"
                          VPOS="306"
                          WIDTH="1616"
                          HEIGHT="58"/>
               </TextLine>
               <TextLine ID="zone-line_IRHT_P_002584_1-4"
                         BASELINE=""
                         HPOS="151"
                         VPOS="370"
                         WIDTH="1571"
                         HEIGHT="60">
                  <Shape>
                     <Polygon POINTS="151,370 1722,370 1722,430 151,430"/>
                  </Shape>
                  <String CONTENT="pinquent portic᷒ siqͥd̃ templi ẽ ut suꝑi᷒ dixim᷒ renuntiatõ mundi in hac por"
                          HPOS="151"
                          VPOS="370"
                          WIDTH="1571"
                          HEIGHT="60"/>
               </TextLine>
               <TextLine ID="zone-line_IRHT_P_002584_1-5"
                         BASELINE=""
                         HPOS="143"
                         VPOS="444"
                         WIDTH="1609"
                         HEIGHT="58">
                  <Shape>
                     <Polygon POINTS="143,444 1752,444 1752,502 143,502"/>
                  </Shape>
                  <String CONTENT="ticu due erigunt᷑ colũpne una castitatis alt̃a sobͥetatis ut qͥ mundo renuntiãt"
                          HPOS="143"
                          VPOS="444"
                          WIDTH="1609"
                          HEIGHT="58"/>
               </TextLine>
               <TextLine ID="zone-line_IRHT_P_002584_1-6"
                         BASELINE=""
                         HPOS="152"
                         VPOS="513"
                         WIDTH="1587"
                         HEIGHT="64">
                  <Shape>
                     <Polygon POINTS="152,513 1739,513 1739,577 152,577"/>
                  </Shape>
                  <String CONTENT="sobrie ⁊ caste deo uiuant post porticum renuntiatõnis seqͥt᷑ templũ recte ꝯu"
                          HPOS="152"
                          VPOS="513"
                          WIDTH="1587"
                          HEIGHT="64"/>
               </TextLine>
               <TextLine ID="zone-line_IRHT_P_002584_1-7"
                         BASELINE=""
                         HPOS="130"
                         VPOS="584"
                         WIDTH="1298"
                         HEIGHT="56">
                  <Shape>
                     <Polygon POINTS="130,584 1428,584 1428,640 130,640"/>
                  </Shape>
                  <String CONTENT="conuersionis de altari aureo ⁊ mensa aurea ⁊ candelabro"
                          HPOS="130"
                          VPOS="584"
                          WIDTH="1298"
                          HEIGHT="56"/>
               </TextLine>
               <TextLine ID="zone-line_IRHT_P_002584_1-8"
                         BASELINE=""
                         HPOS="133"
                         VPOS="653"
                         WIDTH="1586"
                         HEIGHT="63">
                  <Shape>
                     <Polygon POINTS="133,653 1719,653 1719,716 133,716"/>
                  </Shape>
                  <String CONTENT="in hoc templo ẽ altare aureũ est m̃sa aurea sunt ⁊ candelabra de auro purissi"
                          HPOS="133"
                          VPOS="653"
                          WIDTH="1586"
                          HEIGHT="63"/>
               </TextLine>
               <TextLine ID="zone-line_IRHT_P_002584_1-9"
                         BASELINE=""
                         HPOS="130"
                         VPOS="724"
                         WIDTH="1615"
                         HEIGHT="65">
                  <Shape>
                     <Polygon POINTS="130,724 1745,724 1745,789 130,789"/>
                  </Shape>
                  <String CONTENT="mo facta in altari accendebant᷑ thimiamata in m̃sa panes ponebant᷑ in candela"
                          HPOS="130"
                          VPOS="724"
                          WIDTH="1615"
                          HEIGHT="65"/>
               </TextLine>
               <TextLine ID="zone-line_IRHT_P_002584_1-10"
                         BASELINE=""
                         HPOS="121"
                         VPOS="799"
                         WIDTH="1604"
                         HEIGHT="64">
                  <Shape>
                     <Polygon POINTS="121,799 1725,799 1725,863 121,863"/>
                  </Shape>
                  <String CONTENT="bris lucerne altare aureũ sunt corda electoꝝ thimiamata bona oꝑa odor thi"
                          HPOS="121"
                          VPOS="799"
                          WIDTH="1604"
                          HEIGHT="64"/>
               </TextLine>
               <TextLine ID="zone-line_IRHT_P_002584_1-11"
                         BASELINE=""
                         HPOS="129"
                         VPOS="880"
                         WIDTH="1604"
                         HEIGHT="51">
                  <Shape>
                     <Polygon POINTS="129,880 1733,880 1733,931 129,931"/>
                  </Shape>
                  <String CONTENT="miamatũ boni oꝑis exemplum fum᷒ thimiamatũ qͥ suꝑi᷒ ascendit ẽ intentõ"
                          HPOS="129"
                          VPOS="880"
                          WIDTH="1604"
                          HEIGHT="51"/>
               </TextLine>
               <TextLine ID="zone-line_IRHT_P_002584_1-12"
                         BASELINE=""
                         HPOS="120"
                         VPOS="945"
                         WIDTH="1599"
                         HEIGHT="58">
                  <Shape>
                     <Polygon POINTS="120,945 1719,945 1719,1003 120,1003"/>
                  </Shape>
                  <String CONTENT="oratõnis q̃ ex affectu cordis ad desid̃anda celestia tendit m̃sa uͦ aurea ẽ diuina"
                          HPOS="120"
                          VPOS="945"
                          WIDTH="1599"
                          HEIGHT="58"/>
               </TextLine>
               <TextLine ID="zone-line_IRHT_P_002584_1-13"
                         BASELINE=""
                         HPOS="123"
                         VPOS="1015"
                         WIDTH="1622"
                         HEIGHT="61">
                  <Shape>
                     <Polygon POINTS="123,1015 1745,1015 1745,1076 123,1076"/>
                  </Shape>
                  <String CONTENT="scͥptura panes sunt apostoli siue eoꝝ successores ex quoꝝ actib tanqͣm ex pa"
                          HPOS="123"
                          VPOS="1015"
                          WIDTH="1622"
                          HEIGHT="61"/>
               </TextLine>
               <TextLine ID="zone-line_IRHT_P_002584_1-14"
                         BASELINE=""
                         HPOS="94"
                         VPOS="1096"
                         WIDTH="1654"
                         HEIGHT="57">
                  <Shape>
                     <Polygon POINTS="94,1096 1748,1096 1748,1153 94,1153"/>
                  </Shape>
                  <String CONTENT="nib reficiunt᷑ fideliũ mentes qui panes ꝓpositõnis ꝯuenient̃ possunt appellar"
                          HPOS="94"
                          VPOS="1096"
                          WIDTH="1654"
                          HEIGHT="57"/>
               </TextLine>
               <TextLine ID="zone-line_IRHT_P_002584_1-15"
                         BASELINE=""
                         HPOS="110"
                         VPOS="1168"
                         WIDTH="1646"
                         HEIGHT="52">
                  <Shape>
                     <Polygon POINTS="110,1168 1756,1168 1756,1220 110,1220"/>
                  </Shape>
                  <String CONTENT="quia ad imitandũ ꝓponunt᷑ uniũso orbi decẽ candelabra sũt decem legis cepta"
                          HPOS="110"
                          VPOS="1168"
                          WIDTH="1646"
                          HEIGHT="52"/>
               </TextLine>
               <TextLine ID="zone-line_IRHT_P_002584_1-16"
                         BASELINE=""
                         HPOS="88"
                         VPOS="1230"
                         WIDTH="1665"
                         HEIGHT="65">
                  <Shape>
                     <Polygon POINTS="88,1230 1753,1230 1753,1295 88,1295"/>
                  </Shape>
                  <String CONTENT="luc̃ne lumen doctͥne possunt hec ⁊ alit̃ dici sit gͥ altare dilectõ mensa lectõ cande"
                          HPOS="88"
                          VPOS="1230"
                          WIDTH="1665"
                          HEIGHT="65"/>
               </TextLine>
            </TextBlock>
         </PrintSpace>
      </Page>
   </Layout>
</alto>
