<?xml version="1.0" encoding="UTF-8"?>
<alto xmlns="http://www.loc.gov/standards/alto/ns-v4#"
      xmlns:xsi="http://www.w3.org/2001/XMLSchema-instance"
      xmlns:tei="http://www.tei-c.org/ns/1.0"
      xsi:schemaLocation="http://www.loc.gov/standards/alto/ns-v4# ../schema/alto.xsd">
   <Description>
      <MeasurementUnit>pixel</MeasurementUnit>
      <sourceImageInformation>
         <fileName>IRHT_P_008156.tif</fileName>
      </sourceImageInformation>
   </Description>
   <Layout>
      <Page ID="zone-page_IRHT_P_008156"
            PHYSICAL_IMG_NR="0"
            WIDTH="1771"
            HEIGHT="1276">
         <PrintSpace HPOS="0" VPOS="0" WIDTH="1771" HEIGHT="1276">
            <TextBlock HPOS="31"
                       VPOS="12"
                       WIDTH="818"
                       HEIGHT="1265"
                       ID="zone-col_IRHT_P_008156_1">
               <Shape>
                  <Polygon POINTS="31,12 849,12 849,1277 31,1277"/>
               </Shape>
               <TextLine ID="zone-line_IRHT_P_008156_1-1"
                         BASELINE=""
                         HPOS="160"
                         VPOS="156"
                         WIDTH="648"
                         HEIGHT="49">
                  <Shape>
                     <Polygon POINTS="160,156 808,156 808,205 160,205"/>
                  </Shape>
                  <String CONTENT="p asce oues meas in io. sicut est in oꝑib"
                          HPOS="160"
                          VPOS="156"
                          WIDTH="648"
                          HEIGHT="49"/>
               </TextLine>
               <TextLine ID="zone-line_IRHT_P_008156_1-2"
                         BASELINE=""
                         HPOS="152"
                         VPOS="209"
                         WIDTH="681"
                         HEIGHT="45">
                  <Shape>
                     <Polygon POINTS="152,209 833,209 833,254 152,254"/>
                  </Shape>
                  <String CONTENT="mechanicis ita est in oꝑibus nostre salutis"
                          HPOS="152"
                          VPOS="209"
                          WIDTH="681"
                          HEIGHT="45"/>
               </TextLine>
               <TextLine ID="zone-line_IRHT_P_008156_1-3"
                         BASELINE=""
                         HPOS="72"
                         VPOS="255"
                         WIDTH="758"
                         HEIGHT="45">
                  <Shape>
                     <Polygon POINTS="72,255 830,255 830,300 72,300"/>
                  </Shape>
                  <String CONTENT="suo modo sed uidemus quod qñ artifex aͥcuius ar"
                          HPOS="72"
                          VPOS="255"
                          WIDTH="758"
                          HEIGHT="45"/>
               </TextLine>
               <TextLine ID="zone-line_IRHT_P_008156_1-4"
                         BASELINE=""
                         HPOS="98"
                         VPOS="303"
                         WIDTH="724"
                         HEIGHT="51">
                  <Shape>
                     <Polygon POINTS="98,303 822,303 822,354 98,354"/>
                  </Shape>
                  <String CONTENT="tis mechãice debet aͥcubi ꝓficisci instruit aͥꝙͤ de ar"
                          HPOS="98"
                          VPOS="303"
                          WIDTH="724"
                          HEIGHT="51"/>
               </TextLine>
               <TextLine ID="zone-line_IRHT_P_008156_1-5"
                         BASELINE=""
                         HPOS="94"
                         VPOS="356"
                         WIDTH="744"
                         HEIGHT="50">
                  <Shape>
                     <Polygon POINTS="94,356 838,356 838,406 94,406"/>
                  </Shape>
                  <String CONTENT="te sua pͤcipue et inforͣt cui cõmittit officiũ suũ post"
                          HPOS="94"
                          VPOS="356"
                          WIDTH="744"
                          HEIGHT="50"/>
               </TextLine>
               <TextLine ID="zone-line_IRHT_P_008156_1-6"
                         BASELINE=""
                         HPOS="104"
                         VPOS="416"
                         WIDTH="714"
                         HEIGHT="40">
                  <Shape>
                     <Polygon POINTS="104,416 818,416 818,456 104,456"/>
                  </Shape>
                  <String CONTENT="recessũ suũ exeꝙͤdum sic fecit dñs ih̃s xp̃s ipe ·h· qui"
                          HPOS="104"
                          VPOS="416"
                          WIDTH="714"
                          HEIGHT="40"/>
               </TextLine>
               <TextLine ID="zone-line_IRHT_P_008156_1-7"
                         BASELINE=""
                         HPOS="101"
                         VPOS="460"
                         WIDTH="731"
                         HEIGHT="38">
                  <Shape>
                     <Polygon POINTS="101,460 832,460 832,498 101,498"/>
                  </Shape>
                  <String CONTENT="erat in hoc mũdo rector et pastor ouiũ tocius gͤgis eccͤ"
                          HPOS="101"
                          VPOS="460"
                          WIDTH="731"
                          HEIGHT="38"/>
               </TextLine>
               <TextLine ID="zone-line_IRHT_P_008156_1-8"
                         BASELINE=""
                         HPOS="97"
                         VPOS="511"
                         WIDTH="720"
                         HEIGHT="45">
                  <Shape>
                     <Polygon POINTS="97,511 817,511 817,556 97,556"/>
                  </Shape>
                  <String CONTENT="recessurus a mũdo et ascensurus in celũ loco sui in"
                          HPOS="97"
                          VPOS="511"
                          WIDTH="720"
                          HEIGHT="45"/>
               </TextLine>
               <TextLine ID="zone-line_IRHT_P_008156_1-9"
                         BASELINE=""
                         HPOS="103"
                         VPOS="558"
                         WIDTH="722"
                         HEIGHT="42">
                  <Shape>
                     <Polygon POINTS="103,558 825,558 825,600 103,600"/>
                  </Shape>
                  <String CONTENT="stituit ad regim̃ sui gregis b̃tm apl̃m suũ petr̃ et de"
                          HPOS="103"
                          VPOS="558"
                          WIDTH="722"
                          HEIGHT="42"/>
               </TextLine>
               <TextLine ID="zone-line_IRHT_P_008156_1-10"
                         BASELINE=""
                         HPOS="101"
                         VPOS="607"
                         WIDTH="726"
                         HEIGHT="36">
                  <Shape>
                     <Polygon POINTS="101,607 827,607 827,643 101,643"/>
                  </Shape>
                  <String CONTENT="modo regis inforͣuit dicens pasce oues meas in quib"
                          HPOS="101"
                          VPOS="607"
                          WIDTH="726"
                          HEIGHT="36"/>
               </TextLine>
               <TextLine ID="zone-line_IRHT_P_008156_1-11"
                         BASELINE=""
                         HPOS="92"
                         VPOS="652"
                         WIDTH="717"
                         HEIGHT="42">
                  <Shape>
                     <Polygon POINTS="92,652 809,652 809,694 92,694"/>
                  </Shape>
                  <String CONTENT="ũbis tͥa noͣntur pͥm̃ est auctoͣs pͤlati pͤsidentis pasce"
                          HPOS="92"
                          VPOS="652"
                          WIDTH="717"
                          HEIGHT="42"/>
               </TextLine>
               <TextLine ID="zone-line_IRHT_P_008156_1-12"
                         BASELINE=""
                         HPOS="87"
                         VPOS="709"
                         WIDTH="745"
                         HEIGHT="39">
                  <Shape>
                     <Polygon POINTS="87,709 832,709 832,748 87,748"/>
                  </Shape>
                  <String CONTENT="scd̃m est condc̃o pp̃ obedientis oues t̃ciũ est affc̃o xͥ ꝯ"
                          HPOS="87"
                          VPOS="709"
                          WIDTH="745"
                          HEIGHT="39"/>
               </TextLine>
               <TextLine ID="zone-line_IRHT_P_008156_1-13"
                         BASELINE=""
                         HPOS="94"
                         VPOS="758"
                         WIDTH="739"
                         HEIGHT="42">
                  <Shape>
                     <Polygon POINTS="94,758 833,758 833,800 94,800"/>
                  </Shape>
                  <String CONTENT="mͭtentis in eas obligacio pͤsidentis est in subuẽiendo cũ"
                          HPOS="94"
                          VPOS="758"
                          WIDTH="739"
                          HEIGHT="42"/>
               </TextLine>
               <TextLine ID="zone-line_IRHT_P_008156_1-14"
                         BASELINE=""
                         HPOS="90"
                         VPOS="809"
                         WIDTH="737"
                         HEIGHT="41">
                  <Shape>
                     <Polygon POINTS="90,809 827,809 827,850 90,850"/>
                  </Shape>
                  <String CONTENT="sollicitudĩe condc̃o pp̃ est in obediendo cũ mansuetudine"
                          HPOS="90"
                          VPOS="809"
                          WIDTH="737"
                          HEIGHT="41"/>
               </TextLine>
               <TextLine ID="zone-line_IRHT_P_008156_1-15"
                         BASELINE=""
                         HPOS="85"
                         VPOS="868"
                         WIDTH="742"
                         HEIGHT="38">
                  <Shape>
                     <Polygon POINTS="85,868 827,868 827,906 85,906"/>
                  </Shape>
                  <String CONTENT="affc̃o cõmͭtentis est in cõmendando cũ ten͛itudĩe pͥm̃"
                          HPOS="85"
                          VPOS="868"
                          WIDTH="742"
                          HEIGHT="38"/>
               </TextLine>
               <TextLine ID="zone-line_IRHT_P_008156_1-16"
                         BASELINE=""
                         HPOS="90"
                         VPOS="916"
                         WIDTH="745"
                         HEIGHT="42">
                  <Shape>
                     <Polygon POINTS="90,916 835,916 835,958 90,958"/>
                  </Shape>
                  <String CONTENT="gͦ quod noͣtur in ũbis ꝓpoĩtis est obligacio pͤlati pͤsidentis"
                          HPOS="90"
                          VPOS="916"
                          WIDTH="745"
                          HEIGHT="42"/>
               </TextLine>
               <TextLine ID="zone-line_IRHT_P_008156_1-17"
                         BASELINE=""
                         HPOS="94"
                         VPOS="971"
                         WIDTH="735"
                         HEIGHT="45">
                  <Shape>
                     <Polygon POINTS="94,971 829,971 829,1016 94,1016"/>
                  </Shape>
                  <String CONTENT="que consistit in subuẽiendo cũ sollicitudĩe in h̃ quod dicit᷑"
                          HPOS="94"
                          VPOS="971"
                          WIDTH="735"
                          HEIGHT="45"/>
               </TextLine>
               <TextLine ID="zone-line_IRHT_P_008156_1-18"
                         BASELINE=""
                         HPOS="98"
                         VPOS="1034"
                         WIDTH="730"
                         HEIGHT="38">
                  <Shape>
                     <Polygon POINTS="98,1034 828,1034 828,1072 98,1072"/>
                  </Shape>
                  <String CONTENT="pasce ad hoc ·h· obligant᷑ pͤsidentes et pͤlati ut gͤgem sͥ cõ"
                          HPOS="98"
                          VPOS="1034"
                          WIDTH="730"
                          HEIGHT="38"/>
               </TextLine>
               <TextLine ID="zone-line_IRHT_P_008156_1-19"
                         BASELINE=""
                         HPOS="98"
                         VPOS="1080"
                         WIDTH="746"
                         HEIGHT="37">
                  <Shape>
                     <Polygon POINTS="98,1080 844,1080 844,1117 98,1117"/>
                  </Shape>
                  <String CONTENT="missũ sollicite pascant nõ ut tondeant uel excorient de"
                          HPOS="98"
                          VPOS="1080"
                          WIDTH="746"
                          HEIGHT="37"/>
               </TextLine>
               <TextLine ID="zone-line_IRHT_P_008156_1-20"
                         BASELINE=""
                         HPOS="100"
                         VPOS="1132"
                         WIDTH="749"
                         HEIGHT="40">
                  <Shape>
                     <Polygon POINTS="100,1132 849,1132 849,1172 100,1172"/>
                  </Shape>
                  <String CONTENT="hoc pͭ expõi quod dr̃d i pe. v pascite qui in uobis est gͤgem"
                          HPOS="100"
                          VPOS="1132"
                          WIDTH="749"
                          HEIGHT="40"/>
               </TextLine>
               <TextLine ID="zone-line_IRHT_P_008156_1-21"
                         BASELINE=""
                         HPOS="88"
                         VPOS="1184"
                         WIDTH="746"
                         HEIGHT="43">
                  <Shape>
                     <Polygon POINTS="88,1184 834,1184 834,1227 88,1227"/>
                  </Shape>
                  <String CONTENT="cõmissũ s. pͣcõnis ũbo ut in dilectione dei et cogͥtione sui"
                          HPOS="88"
                          VPOS="1184"
                          WIDTH="746"
                          HEIGHT="43"/>
               </TextLine>
               <TextLine ID="zone-line_IRHT_P_008156_1-22"
                         BASELINE=""
                         HPOS="82"
                         VPOS="1242"
                         WIDTH="765"
                         HEIGHT="30">
                  <Shape>
                     <Polygon POINTS="82,1242 847,1242 847,1272 82,1272"/>
                  </Shape>
                  <String CONTENT="ꝓficiat cõũsacionis exo ne gͤgem in uia moꝝ errare faciat"
                          HPOS="82"
                          VPOS="1242"
                          WIDTH="765"
                          HEIGHT="30"/>
               </TextLine>
            </TextBlock>
            <TextBlock HPOS="846"
                       VPOS="5"
                       WIDTH="795"
                       HEIGHT="1268"
                       ID="zone-col_IRHT_P_008156_2">
               <Shape>
                  <Polygon POINTS="846,5 1641,5 1641,1273 846,1273"/>
               </Shape>
               <TextLine ID="zone-line_IRHT_P_008156_2-1"
                         BASELINE=""
                         HPOS="960"
                         VPOS="152"
                         WIDTH="649"
                         HEIGHT="36">
                  <Shape>
                     <Polygon POINTS="960,152 1609,152 1609,188 960,188"/>
                  </Shape>
                  <String CONTENT="ambulate in dilc̃one sicut et xᷤ dilexit nos"
                          HPOS="960"
                          VPOS="152"
                          WIDTH="649"
                          HEIGHT="36"/>
               </TextLine>
               <TextLine ID="zone-line_IRHT_P_008156_2-2"
                         BASELINE=""
                         HPOS="927"
                         VPOS="202"
                         WIDTH="670"
                         HEIGHT="38">
                  <Shape>
                     <Polygon POINTS="927,202 1597,202 1597,240 927,240"/>
                  </Shape>
                  <String CONTENT="ad ephesᷤ v sapiens in ꝓũbiis uitam iusti"
                          HPOS="927"
                          VPOS="202"
                          WIDTH="670"
                          HEIGHT="38"/>
               </TextLine>
               <TextLine ID="zone-line_IRHT_P_008156_2-3"
                         BASELINE=""
                         HPOS="881"
                         VPOS="251"
                         WIDTH="711"
                         HEIGHT="34">
                  <Shape>
                     <Polygon POINTS="881,251 1592,251 1592,285 881,285"/>
                  </Shape>
                  <String CONTENT="cõꝑat luce ꝓu͛ biis iiii iustoꝝ semita q. lux splendẽs"
                          HPOS="881"
                          VPOS="251"
                          WIDTH="711"
                          HEIGHT="34"/>
               </TextLine>
               <TextLine ID="zone-line_IRHT_P_008156_2-4"
                         BASELINE=""
                         HPOS="889"
                         VPOS="298"
                         WIDTH="706"
                         HEIGHT="40">
                  <Shape>
                     <Polygon POINTS="889,298 1595,298 1595,338 889,338"/>
                  </Shape>
                  <String CONTENT="procedit et cͤscit us ad ꝑfc̃m diem lux aũ diei"
                          HPOS="889"
                          VPOS="298"
                          WIDTH="706"
                          HEIGHT="40"/>
               </TextLine>
               <TextLine ID="zone-line_IRHT_P_008156_2-5"
                         BASELINE=""
                         HPOS="897"
                         VPOS="354"
                         WIDTH="714"
                         HEIGHT="38">
                  <Shape>
                     <Polygon POINTS="897,354 1611,354 1611,392 897,392"/>
                  </Shape>
                  <String CONTENT="sic se h̃t quod semꝑ cͤscit uel decͤscit nõꝙͣ in eod̃"
                          HPOS="897"
                          VPOS="354"
                          WIDTH="714"
                          HEIGHT="38"/>
               </TextLine>
               <TextLine ID="zone-line_IRHT_P_008156_2-6"
                         BASELINE=""
                         HPOS="898"
                         VPOS="408"
                         WIDTH="714"
                         HEIGHT="34">
                  <Shape>
                     <Polygon POINTS="898,408 1612,408 1612,442 898,442"/>
                  </Shape>
                  <String CONTENT="statu ꝑmanet sic est de uita iusti semꝑ ·h· cͤsc̃"
                          HPOS="898"
                          VPOS="408"
                          WIDTH="714"
                          HEIGHT="34"/>
               </TextLine>
               <TextLine ID="zone-line_IRHT_P_008156_2-7"
                         BASELINE=""
                         HPOS="901"
                         VPOS="450"
                         WIDTH="699"
                         HEIGHT="37">
                  <Shape>
                     <Polygon POINTS="901,450 1600,450 1600,487 901,487"/>
                  </Shape>
                  <String CONTENT="uel decͤscit in bono  sicut dicit ber nardus in uia dei"
                          HPOS="901"
                          VPOS="450"
                          WIDTH="699"
                          HEIGHT="37"/>
               </TextLine>
               <TextLine ID="zone-line_IRHT_P_008156_2-8"
                         BASELINE=""
                         HPOS="901"
                         VPOS="509"
                         WIDTH="714"
                         HEIGHT="37">
                  <Shape>
                     <Polygon POINTS="901,509 1615,509 1615,546 901,546"/>
                  </Shape>
                  <String CONTENT="nõ ꝓgͤdi regͤdi est et idcirco apl̃us in ũbis ꝓpoĩtis"
                          HPOS="901"
                          VPOS="509"
                          WIDTH="714"
                          HEIGHT="37"/>
               </TextLine>
               <TextLine ID="zone-line_IRHT_P_008156_2-9"
                         BASELINE=""
                         HPOS="897"
                         VPOS="557"
                         WIDTH="716"
                         HEIGHT="32">
                  <Shape>
                     <Polygon POINTS="897,557 1613,557 1613,589 897,589"/>
                  </Shape>
                  <String CONTENT="non hortatur ad ꝓficiendũ in uia moꝝ dicẽs"
                          HPOS="897"
                          VPOS="557"
                          WIDTH="716"
                          HEIGHT="32"/>
               </TextLine>
               <TextLine ID="zone-line_IRHT_P_008156_2-10"
                         BASELINE=""
                         HPOS="900"
                         VPOS="602"
                         WIDTH="710"
                         HEIGHT="35">
                  <Shape>
                     <Polygon POINTS="900,602 1610,602 1610,637 900,637"/>
                  </Shape>
                  <String CONTENT="ambulateetc̃ in quibus ũbis pͦ nos hortatur"
                          HPOS="900"
                          VPOS="602"
                          WIDTH="710"
                          HEIGHT="35"/>
               </TextLine>
               <TextLine ID="zone-line_IRHT_P_008156_2-11"
                         BASELINE=""
                         HPOS="898"
                         VPOS="649"
                         WIDTH="742"
                         HEIGHT="39">
                  <Shape>
                     <Polygon POINTS="898,649 1640,649 1640,688 898,688"/>
                  </Shape>
                  <String CONTENT="apl̃us ad ꝓfectum continuũ ambulate scd̃o sub"
                          HPOS="898"
                          VPOS="649"
                          WIDTH="742"
                          HEIGHT="39"/>
               </TextLine>
               <TextLine ID="zone-line_IRHT_P_008156_2-12"
                         BASELINE=""
                         HPOS="893"
                         VPOS="701"
                         WIDTH="718"
                         HEIGHT="41">
                  <Shape>
                     <Polygon POINTS="893,701 1611,701 1611,742 893,742"/>
                  </Shape>
                  <String CONTENT="dit modũ ꝯgruũ in dilectione dei t̃cio subiũg̃"
                          HPOS="893"
                          VPOS="701"
                          WIDTH="718"
                          HEIGHT="41"/>
               </TextLine>
               <TextLine ID="zone-line_IRHT_P_008156_2-13"
                         BASELINE=""
                         HPOS="902"
                         VPOS="754"
                         WIDTH="721"
                         HEIGHT="40">
                  <Shape>
                     <Polygon POINTS="902,754 1623,754 1623,794 902,794"/>
                  </Shape>
                  <String CONTENT="exẽplũ pͤcipuũ sicut et xᷤ dilexit nos primo gͥ"
                          HPOS="902"
                          VPOS="754"
                          WIDTH="721"
                          HEIGHT="40"/>
               </TextLine>
               <TextLine ID="zone-line_IRHT_P_008156_2-14"
                         BASELINE=""
                         HPOS="902"
                         VPOS="804"
                         WIDTH="735"
                         HEIGHT="40">
                  <Shape>
                     <Polygon POINTS="902,804 1637,804 1637,844 902,844"/>
                  </Shape>
                  <String CONTENT="nos hortatur apl̃us ad ꝑfc̃m continuũ cũ dicitur"
                          HPOS="902"
                          VPOS="804"
                          WIDTH="735"
                          HEIGHT="40"/>
               </TextLine>
               <TextLine ID="zone-line_IRHT_P_008156_2-15"
                         BASELINE=""
                         HPOS="902"
                         VPOS="865"
                         WIDTH="686"
                         HEIGHT="38">
                  <Shape>
                     <Polygon POINTS="902,865 1588,865 1588,903 902,903"/>
                  </Shape>
                  <String CONTENT="ambulate nõ pedibus corporis sed oꝑibus uirtutis ꝑ"
                          HPOS="902"
                          VPOS="865"
                          WIDTH="686"
                          HEIGHT="38"/>
               </TextLine>
               <TextLine ID="zone-line_IRHT_P_008156_2-16"
                         BASELINE=""
                         HPOS="910"
                         VPOS="913"
                         WIDTH="698"
                         HEIGHT="39">
                  <Shape>
                     <Polygon POINTS="910,913 1608,913 1608,952 910,952"/>
                  </Shape>
                  <String CONTENT="ficiendo s. de uirtute in uirtutem nõ iacendo cũ"
                          HPOS="910"
                          VPOS="913"
                          WIDTH="698"
                          HEIGHT="39"/>
               </TextLine>
               <TextLine ID="zone-line_IRHT_P_008156_2-17"
                         BASELINE=""
                         HPOS="905"
                         VPOS="966"
                         WIDTH="700"
                         HEIGHT="43">
                  <Shape>
                     <Polygon POINTS="905,966 1605,966 1605,1009 905,1009"/>
                  </Shape>
                  <String CONTENT="uoluptuosis ꝑ carnalem cõcupĩam nõ sedendo cũ"
                          HPOS="905"
                          VPOS="966"
                          WIDTH="700"
                          HEIGHT="43"/>
               </TextLine>
               <TextLine ID="zone-line_IRHT_P_008156_2-18"
                         BASELINE=""
                         HPOS="910"
                         VPOS="1030"
                         WIDTH="722"
                         HEIGHT="35">
                  <Shape>
                     <Polygon POINTS="910,1030 1632,1030 1632,1065 910,1065"/>
                  </Shape>
                  <String CONTENT="insidiosis ꝑ intentionis malitiam nõ stãdo cũ accidi"
                          HPOS="910"
                          VPOS="1030"
                          WIDTH="722"
                          HEIGHT="35"/>
               </TextLine>
               <TextLine ID="zone-line_IRHT_P_008156_2-19"
                         BASELINE=""
                         HPOS="906"
                         VPOS="1075"
                         WIDTH="716"
                         HEIGHT="37">
                  <Shape>
                     <Polygon POINTS="906,1075 1622,1075 1622,1112 906,1112"/>
                  </Shape>
                  <String CONTENT="osis per ignauiam et pigͥtiam nõ equitando cũ põpo"
                          HPOS="906"
                          VPOS="1075"
                          WIDTH="716"
                          HEIGHT="37"/>
               </TextLine>
               <TextLine ID="zone-line_IRHT_P_008156_2-20"
                         BASELINE=""
                         HPOS="909"
                         VPOS="1126"
                         WIDTH="723"
                         HEIGHT="45">
                  <Shape>
                     <Polygon POINTS="909,1126 1632,1126 1632,1171 909,1171"/>
                  </Shape>
                  <String CONTENT="sis et ambitiosis ꝑ elacõm et suꝑbiam sed ambulã"
                          HPOS="909"
                          VPOS="1126"
                          WIDTH="723"
                          HEIGHT="45"/>
               </TextLine>
               <TextLine ID="zone-line_IRHT_P_008156_2-21"
                         BASELINE=""
                         HPOS="901"
                         VPOS="1184"
                         WIDTH="704"
                         HEIGHT="44">
                  <Shape>
                     <Polygon POINTS="901,1184 1605,1184 1605,1228 901,1228"/>
                  </Shape>
                  <String CONTENT="do cũ laboriosis et festinantibus ad pr̃iam de isto ꝑ"
                          HPOS="901"
                          VPOS="1184"
                          WIDTH="704"
                          HEIGHT="44"/>
               </TextLine>
               <TextLine ID="zone-line_IRHT_P_008156_2-22"
                         BASELINE=""
                         HPOS="904"
                         VPOS="1239"
                         WIDTH="720"
                         HEIGHT="33">
                  <Shape>
                     <Polygon POINTS="904,1239 1624,1239 1624,1272 904,1272"/>
                  </Shape>
                  <String CONTENT="fc̃ũ ambul̃onis dr̃d michee vi iudicabo tͥ o homo"
                          HPOS="904"
                          VPOS="1239"
                          WIDTH="720"
                          HEIGHT="33"/>
               </TextLine>
            </TextBlock>
         </PrintSpace>
      </Page>
   </Layout>
</alto>
