<?xml version="1.0" encoding="UTF-8"?>
<alto xmlns="http://www.loc.gov/standards/alto/ns-v4#"
      xmlns:xsi="http://www.w3.org/2001/XMLSchema-instance"
      xmlns:tei="http://www.tei-c.org/ns/1.0"
      xsi:schemaLocation="http://www.loc.gov/standards/alto/ns-v4# ../schema/alto.xsd">
   <Description>
      <MeasurementUnit>pixel</MeasurementUnit>
      <sourceImageInformation>
         <fileName>IRHT_P_001038.tif</fileName>
      </sourceImageInformation>
   </Description>
   <Layout>
      <Page ID="zone-page_IRHT_P_001038"
            PHYSICAL_IMG_NR="0"
            WIDTH="1830"
            HEIGHT="1345">
         <PrintSpace HPOS="0" VPOS="0" WIDTH="1830" HEIGHT="1345">
            <TextBlock HPOS="82"
                       VPOS="28"
                       WIDTH="1588"
                       HEIGHT="1266"
                       ID="zone-col_IRHT_P_001038_1">
               <Shape>
                  <Polygon POINTS="82,28 1670,28 1670,1294 82,1294"/>
               </Shape>
               <TextLine ID="zone-line_IRHT_P_001038_1-1"
                         BASELINE=""
                         HPOS="424"
                         VPOS="179"
                         WIDTH="1196"
                         HEIGHT="78">
                  <Shape>
                     <Polygon POINTS="424,179 1620,179 1620,257 424,257"/>
                  </Shape>
                  <String CONTENT="agnelli debent immolari quia agnus futurus ẽ"
                          HPOS="424"
                          VPOS="179"
                          WIDTH="1196"
                          HEIGHT="78"/>
               </TextLine>
               <TextLine ID="zone-line_IRHT_P_001038_1-2"
                         BASELINE=""
                         HPOS="434"
                         VPOS="267"
                         WIDTH="1200"
                         HEIGHT="66">
                  <Shape>
                     <Polygon POINTS="434,267 1634,267 1634,333 434,333"/>
                  </Shape>
                  <String CONTENT="crucifigi qui tollit pcc̃a mundi s oues ululãt"
                          HPOS="434"
                          VPOS="267"
                          WIDTH="1200"
                          HEIGHT="66"/>
               </TextLine>
               <TextLine ID="zone-line_IRHT_P_001038_1-3"
                         BASELINE=""
                         HPOS="297"
                         VPOS="343"
                         WIDTH="1345"
                         HEIGHT="58">
                  <Shape>
                     <Polygon POINTS="297,343 1642,343 1642,401 297,401"/>
                  </Shape>
                  <String CONTENT="mr̃es quia agnos ꝑdunt sñ uoce balantes gran"
                          HPOS="297"
                          VPOS="343"
                          WIDTH="1345"
                          HEIGHT="58"/>
               </TextLine>
               <TextLine ID="zone-line_IRHT_P_001038_1-4"
                         BASELINE=""
                         HPOS="319"
                         VPOS="419"
                         WIDTH="1295"
                         HEIGHT="71">
                  <Shape>
                     <Polygon POINTS="319,419 1614,419 1614,490 319,490"/>
                  </Shape>
                  <String CONTENT="de martiriũ crudele spectaculũ lc̃ v eximitur"
                          HPOS="319"
                          VPOS="419"
                          WIDTH="1295"
                          HEIGHT="71"/>
               </TextLine>
               <TextLine ID="zone-line_IRHT_P_001038_1-5"
                         BASELINE=""
                         HPOS="308"
                         VPOS="503"
                         WIDTH="1301"
                         HEIGHT="65">
                  <Shape>
                     <Polygon POINTS="308,503 1609,503 1609,568 308,568"/>
                  </Shape>
                  <String CONTENT="machera  nulla int̃uenͭ c̃a sola stridet inuidia cũ"
                          HPOS="308"
                          VPOS="503"
                          WIDTH="1301"
                          HEIGHT="65"/>
               </TextLine>
               <TextLine ID="zone-line_IRHT_P_001038_1-6"
                         BASELINE=""
                         HPOS="314"
                         VPOS="582"
                         WIDTH="1300"
                         HEIGHT="69">
                  <Shape>
                     <Polygon POINTS="314,582 1614,582 1614,651 314,651"/>
                  </Shape>
                  <String CONTENT="qui natus ẽ nulli faciat uiolenciã s oues cerni"
                          HPOS="314"
                          VPOS="582"
                          WIDTH="1300"
                          HEIGHT="69"/>
               </TextLine>
               <TextLine ID="zone-line_IRHT_P_001038_1-7"
                         BASELINE=""
                         HPOS="308"
                         VPOS="675"
                         WIDTH="1338"
                         HEIGHT="63">
                  <Shape>
                     <Polygon POINTS="308,675 1646,675 1646,738 308,738"/>
                  </Shape>
                  <String CONTENT="mus mr̃es que suꝑant agnos lugentes uox in ra"
                          HPOS="308"
                          VPOS="675"
                          WIDTH="1338"
                          HEIGHT="63"/>
               </TextLine>
               <TextLine ID="zone-line_IRHT_P_001038_1-8"
                         BASELINE=""
                         HPOS="307"
                         VPOS="754"
                         WIDTH="1347"
                         HEIGHT="58">
                  <Shape>
                     <Polygon POINTS="307,754 1654,754 1654,812 307,812"/>
                  </Shape>
                  <String CONTENT="ma audita ẽ ploratus  ululatus magnus pigno"
                          HPOS="307"
                          VPOS="754"
                          WIDTH="1347"
                          HEIGHT="58"/>
               </TextLine>
               <TextLine ID="zone-line_IRHT_P_001038_1-9"
                         BASELINE=""
                         HPOS="314"
                         VPOS="834"
                         WIDTH="1288"
                         HEIGHT="63">
                  <Shape>
                     <Polygon POINTS="314,834 1602,834 1602,897 314,897"/>
                  </Shape>
                  <String CONTENT="ra sunt nõ credita sed creata nõ deposita sed expo"
                          HPOS="314"
                          VPOS="834"
                          WIDTH="1288"
                          HEIGHT="63"/>
               </TextLine>
               <TextLine ID="zone-line_IRHT_P_001038_1-10"
                         BASELINE=""
                         HPOS="307"
                         VPOS="914"
                         WIDTH="1295"
                         HEIGHT="59">
                  <Shape>
                     <Polygon POINTS="307,914 1602,914 1602,973 307,973"/>
                  </Shape>
                  <String CONTENT="sita testis ẽ ipa n᷑a que pugnabat in mr̃es cũ ty"
                          HPOS="307"
                          VPOS="914"
                          WIDTH="1295"
                          HEIGHT="59"/>
               </TextLine>
               <TextLine ID="zone-line_IRHT_P_001038_1-11"
                         BASELINE=""
                         HPOS="1076"
                         VPOS="990"
                         WIDTH="594"
                         HEIGHT="62">
                  <Shape>
                     <Polygon POINTS="1076,990 1670,990 1670,1052 1076,1052"/>
                  </Shape>
                  <String CONTENT="rãn᷒ iactaret ĩfãtes"
                          HPOS="1076"
                          VPOS="990"
                          WIDTH="594"
                          HEIGHT="62"/>
               </TextLine>
               <TextLine ID="zone-line_IRHT_P_001038_1-12"
                         BASELINE=""
                         HPOS="453"
                         VPOS="997"
                         WIDTH="623"
                         HEIGHT="65">
                  <Shape>
                     <Polygon POINTS="453,997 1076,997 1076,1062 453,1062"/>
                  </Shape>
                  <String CONTENT="lc̃ v mater crines capitis"
                          HPOS="453"
                          VPOS="997"
                          WIDTH="623"
                          HEIGHT="65"/>
               </TextLine>
               <TextLine ID="zone-line_IRHT_P_001038_1-13"
                         BASELINE=""
                         HPOS="345"
                         VPOS="1073"
                         WIDTH="1297"
                         HEIGHT="70">
                  <Shape>
                     <Polygon POINTS="345,1073 1642,1073 1642,1143 345,1143"/>
                  </Shape>
                  <String CONTENT="dissipabat que ornamentũ capitis amͭtebat"
                          HPOS="345"
                          VPOS="1073"
                          WIDTH="1297"
                          HEIGHT="70"/>
               </TextLine>
               <TextLine ID="zone-line_IRHT_P_001038_1-14"
                         BASELINE=""
                         HPOS="317"
                         VPOS="1150"
                         WIDTH="1299"
                         HEIGHT="66">
                  <Shape>
                     <Polygon POINTS="317,1150 1616,1150 1616,1216 317,1216"/>
                  </Shape>
                  <String CONTENT="quantis modis infantẽ uolebat abscondere  ipe"
                          HPOS="317"
                          VPOS="1150"
                          WIDTH="1299"
                          HEIGHT="66"/>
               </TextLine>
               <TextLine ID="zone-line_IRHT_P_001038_1-15"
                         BASELINE=""
                         HPOS="293"
                         VPOS="1223"
                         WIDTH="1309"
                         HEIGHT="71">
                  <Shape>
                     <Polygon POINTS="293,1223 1602,1223 1602,1294 293,1294"/>
                  </Shape>
                  <String CONTENT="se infantulus publicabat nesciebat tac̃e quia"
                          HPOS="293"
                          VPOS="1223"
                          WIDTH="1309"
                          HEIGHT="71"/>
               </TextLine>
            </TextBlock>
         </PrintSpace>
      </Page>
   </Layout>
</alto>
