<?xml version="1.0" encoding="UTF-8"?>
<alto xmlns="http://www.loc.gov/standards/alto/ns-v4#"
      xmlns:xsi="http://www.w3.org/2001/XMLSchema-instance"
      xmlns:tei="http://www.tei-c.org/ns/1.0"
      xsi:schemaLocation="http://www.loc.gov/standards/alto/ns-v4# ../schema/alto.xsd">
   <Description>
      <MeasurementUnit>pixel</MeasurementUnit>
      <sourceImageInformation>
         <fileName>IRHT_P_007689.tif</fileName>
      </sourceImageInformation>
   </Description>
   <Layout>
      <Page ID="zone-page_IRHT_P_007689"
            PHYSICAL_IMG_NR="0"
            WIDTH="1743"
            HEIGHT="1259">
         <PrintSpace HPOS="0" VPOS="0" WIDTH="1743" HEIGHT="1259">
            <TextBlock HPOS="8"
                       VPOS="24"
                       WIDTH="1645"
                       HEIGHT="1192"
                       ID="zone-col_IRHT_P_007689_1">
               <Shape>
                  <Polygon POINTS="8,24 1653,24 1653,1216 8,1216"/>
               </Shape>
               <TextLine ID="zone-line_IRHT_P_007689_1-1"
                         BASELINE=""
                         HPOS="790"
                         VPOS="161"
                         WIDTH="850"
                         HEIGHT="58">
                  <Shape>
                     <Polygon POINTS="790,161 1640,161 1640,219 790,219"/>
                  </Shape>
                  <String CONTENT="ego omni officio ac poti᷒"
                          HPOS="790"
                          VPOS="161"
                          WIDTH="850"
                          HEIGHT="58"/>
               </TextLine>
               <TextLine ID="zone-line_IRHT_P_007689_1-2"
                         BASELINE=""
                         HPOS="766"
                         VPOS="238"
                         WIDTH="857"
                         HEIGHT="58">
                  <Shape>
                     <Polygon POINTS="766,238 1623,238 1623,296 766,296"/>
                  </Shape>
                  <String CONTENT="pietate erga te ceteris satisfacio omnibus mi"
                          HPOS="766"
                          VPOS="238"
                          WIDTH="857"
                          HEIGHT="58"/>
               </TextLine>
               <TextLine ID="zone-line_IRHT_P_007689_1-3"
                         BASELINE=""
                         HPOS="766"
                         VPOS="315"
                         WIDTH="850"
                         HEIGHT="61">
                  <Shape>
                     <Polygon POINTS="766,315 1616,315 1616,376 766,376"/>
                  </Shape>
                  <String CONTENT="hi ipse nunꝙͣ satisfacio tanta enim est ma"
                          HPOS="766"
                          VPOS="315"
                          WIDTH="850"
                          HEIGHT="61"/>
               </TextLine>
               <TextLine ID="zone-line_IRHT_P_007689_1-4"
                         BASELINE=""
                         HPOS="776"
                         VPOS="390"
                         WIDTH="862"
                         HEIGHT="61">
                  <Shape>
                     <Polygon POINTS="776,390 1638,390 1638,451 776,451"/>
                  </Shape>
                  <String CONTENT="gnitudo tuorum erga me meritorum ut quo"
                          HPOS="776"
                          VPOS="390"
                          WIDTH="862"
                          HEIGHT="61"/>
               </TextLine>
               <TextLine ID="zone-line_IRHT_P_007689_1-5"
                         BASELINE=""
                         HPOS="774"
                         VPOS="470"
                         WIDTH="874"
                         HEIGHT="59">
                  <Shape>
                     <Polygon POINTS="774,470 1648,470 1648,529 774,529"/>
                  </Shape>
                  <String CONTENT="niam tu nisi perfecta re de me non conquie"
                          HPOS="774"
                          VPOS="470"
                          WIDTH="874"
                          HEIGHT="59"/>
               </TextLine>
               <TextLine ID="zone-line_IRHT_P_007689_1-6"
                         BASELINE=""
                         HPOS="768"
                         VPOS="547"
                         WIDTH="880"
                         HEIGHT="53">
                  <Shape>
                     <Polygon POINTS="768,547 1648,547 1648,600 768,600"/>
                  </Shape>
                  <String CONTENT="sti ego  idem in tua causa non officio uitã"
                          HPOS="768"
                          VPOS="547"
                          WIDTH="880"
                          HEIGHT="53"/>
               </TextLine>
               <TextLine ID="zone-line_IRHT_P_007689_1-7"
                         BASELINE=""
                         HPOS="778"
                         VPOS="621"
                         WIDTH="868"
                         HEIGHT="60">
                  <Shape>
                     <Polygon POINTS="778,621 1646,621 1646,681 778,681"/>
                  </Shape>
                  <String CONTENT="mihi esse acerbam putem in causa hęc sunt"
                          HPOS="778"
                          VPOS="621"
                          WIDTH="868"
                          HEIGHT="60"/>
               </TextLine>
               <TextLine ID="zone-line_IRHT_P_007689_1-8"
                         BASELINE=""
                         HPOS="767"
                         VPOS="697"
                         WIDTH="862"
                         HEIGHT="57">
                  <Shape>
                     <Polygon POINTS="767,697 1629,697 1629,754 767,754"/>
                  </Shape>
                  <String CONTENT="hamonius regis legatus aperte pecunia nos"
                          HPOS="767"
                          VPOS="697"
                          WIDTH="862"
                          HEIGHT="57"/>
               </TextLine>
               <TextLine ID="zone-line_IRHT_P_007689_1-9"
                         BASELINE=""
                         HPOS="771"
                         VPOS="770"
                         WIDTH="862"
                         HEIGHT="60">
                  <Shape>
                     <Polygon POINTS="771,770 1633,770 1633,830 771,830"/>
                  </Shape>
                  <String CONTENT="oppugnat res agitur per eosdem competi"
                          HPOS="771"
                          VPOS="770"
                          WIDTH="862"
                          HEIGHT="60"/>
               </TextLine>
               <TextLine ID="zone-line_IRHT_P_007689_1-10"
                         BASELINE=""
                         HPOS="150"
                         VPOS="849"
                         WIDTH="1472"
                         HEIGHT="59">
                  <Shape>
                     <Polygon POINTS="150,849 1622,849 1622,908 150,908"/>
                  </Shape>
                  <String CONTENT="tores per quos cum tu aderas agebatur regis causa si qui sunt qui uelint ꝗ"
                          HPOS="150"
                          VPOS="849"
                          WIDTH="1472"
                          HEIGHT="59"/>
               </TextLine>
               <TextLine ID="zone-line_IRHT_P_007689_1-11"
                         BASELINE=""
                         HPOS="83"
                         VPOS="929"
                         WIDTH="1547"
                         HEIGHT="53">
                  <Shape>
                     <Polygon POINTS="83,929 1630,929 1630,982 83,982"/>
                  </Shape>
                  <String CONTENT="pauci sunt omnes rem ad pompeium deferri uolunt senatus religionis calũ"
                          HPOS="83"
                          VPOS="929"
                          WIDTH="1547"
                          HEIGHT="53"/>
               </TextLine>
               <TextLine ID="zone-line_IRHT_P_007689_1-12"
                         BASELINE=""
                         HPOS="149"
                         VPOS="1002"
                         WIDTH="1476"
                         HEIGHT="58">
                  <Shape>
                     <Polygon POINTS="149,1002 1625,1002 1625,1060 149,1060"/>
                  </Shape>
                  <String CONTENT="niam non religione sed maleuolentia &amp; illius regiae largitionis inuidia cõ"
                          HPOS="149"
                          VPOS="1002"
                          WIDTH="1476"
                          HEIGHT="58"/>
               </TextLine>
               <TextLine ID="zone-line_IRHT_P_007689_1-13"
                         BASELINE=""
                         HPOS="135"
                         VPOS="1080"
                         WIDTH="1518"
                         HEIGHT="58">
                  <Shape>
                     <Polygon POINTS="135,1080 1653,1080 1653,1138 135,1138"/>
                  </Shape>
                  <String CONTENT="probat pompeium et hortari et orare et iam liberius accusare et monere"
                          HPOS="135"
                          VPOS="1080"
                          WIDTH="1518"
                          HEIGHT="58"/>
               </TextLine>
               <TextLine ID="zone-line_IRHT_P_007689_1-14"
                         BASELINE=""
                         HPOS="150"
                         VPOS="1156"
                         WIDTH="1494"
                         HEIGHT="60">
                  <Shape>
                     <Polygon POINTS="150,1156 1644,1156 1644,1216 150,1216"/>
                  </Shape>
                  <String CONTENT="ut magnam infamiam fugiat non desistimus sed plane nec precibus nr̃is"
                          HPOS="150"
                          VPOS="1156"
                          WIDTH="1494"
                          HEIGHT="60"/>
               </TextLine>
            </TextBlock>
         </PrintSpace>
      </Page>
   </Layout>
</alto>
