<?xml version="1.0" encoding="UTF-8"?>
<alto xmlns="http://www.loc.gov/standards/alto/ns-v4#"
      xmlns:xsi="http://www.w3.org/2001/XMLSchema-instance"
      xmlns:tei="http://www.tei-c.org/ns/1.0"
      xsi:schemaLocation="http://www.loc.gov/standards/alto/ns-v4# ../schema/alto.xsd">
   <Description>
      <MeasurementUnit>pixel</MeasurementUnit>
      <sourceImageInformation>
         <fileName>IRHT_P_007933.tif</fileName>
      </sourceImageInformation>
   </Description>
   <Layout>
      <Page ID="zone-page_IRHT_P_007933"
            PHYSICAL_IMG_NR="0"
            WIDTH="1742"
            HEIGHT="1274">
         <PrintSpace HPOS="0" VPOS="0" WIDTH="1742" HEIGHT="1274">
            <TextBlock HPOS="10"
                       VPOS="0"
                       WIDTH="1730"
                       HEIGHT="1234"
                       ID="zone-col_IRHT_P_007933_1">
               <Shape>
                  <Polygon POINTS="10,0 1740,0 1740,1234 10,1234"/>
               </Shape>
               <TextLine ID="zone-line_IRHT_P_007933_1-1"
                         BASELINE=""
                         HPOS="78"
                         VPOS="83"
                         WIDTH="1599"
                         HEIGHT="77">
                  <Shape>
                     <Polygon POINTS="78,83 1677,83 1677,160 78,160"/>
                  </Shape>
                  <String CONTENT="priis eoꝝ uerbis utens quę apta erant meo studio temperaui"
                          HPOS="78"
                          VPOS="83"
                          WIDTH="1599"
                          HEIGHT="77"/>
               </TextLine>
               <TextLine ID="zone-line_IRHT_P_007933_1-2"
                         BASELINE=""
                         HPOS="17"
                         VPOS="180"
                         WIDTH="1722"
                         HEIGHT="79">
                  <Shape>
                     <Polygon POINTS="17,180 1739,180 1739,259 17,259"/>
                  </Shape>
                  <String CONTENT="interdum autẽ quę manifesta non dubiũ uidebantur uera ratione"
                          HPOS="17"
                          VPOS="180"
                          WIDTH="1722"
                          HEIGHT="79"/>
               </TextLine>
               <TextLine ID="zone-line_IRHT_P_007933_1-3"
                         BASELINE=""
                         HPOS="78"
                         VPOS="277"
                         WIDTH="1635"
                         HEIGHT="81">
                  <Shape>
                     <Polygon POINTS="78,277 1713,277 1713,358 78,358"/>
                  </Shape>
                  <String CONTENT="firmaui et contra quęq. in eiusdem libri margine litteras doctoꝝ"
                          HPOS="78"
                          VPOS="277"
                          WIDTH="1635"
                          HEIGHT="81"/>
               </TextLine>
               <TextLine ID="zone-line_IRHT_P_007933_1-4"
                         BASELINE=""
                         HPOS="81"
                         VPOS="375"
                         WIDTH="1608"
                         HEIGHT="72">
                  <Shape>
                     <Polygon POINTS="81,375 1689,375 1689,447 81,447"/>
                  </Shape>
                  <String CONTENT="quos premisi ex initio nominis e regione figere curaui propter"
                          HPOS="81"
                          VPOS="375"
                          WIDTH="1608"
                          HEIGHT="72"/>
               </TextLine>
               <TextLine ID="zone-line_IRHT_P_007933_1-5"
                         BASELINE=""
                         HPOS="77"
                         VPOS="473"
                         WIDTH="1663"
                         HEIGHT="78">
                  <Shape>
                     <Polygon POINTS="77,473 1740,473 1740,551 77,551"/>
                  </Shape>
                  <String CONTENT="quod lege securus &amp; ꝑfice quę monui deuotus explicit prolog᷒"
                          HPOS="77"
                          VPOS="473"
                          WIDTH="1663"
                          HEIGHT="78"/>
               </TextLine>
               <TextLine ID="zone-line_IRHT_P_007933_1-6"
                         BASELINE=""
                         HPOS="73"
                         VPOS="569"
                         WIDTH="1169"
                         HEIGHT="74">
                  <Shape>
                     <Polygon POINTS="73,569 1242,569 1242,643 73,643"/>
                  </Shape>
                  <String CONTENT="incipivnt capitvla"
                          HPOS="73"
                          VPOS="569"
                          WIDTH="1169"
                          HEIGHT="74"/>
               </TextLine>
               <TextLine ID="zone-line_IRHT_P_007933_1-7"
                         BASELINE=""
                         HPOS="11"
                         VPOS="671"
                         WIDTH="1284"
                         HEIGHT="72">
                  <Shape>
                     <Polygon POINTS="11,671 1295,671 1295,743 11,743"/>
                  </Shape>
                  <String CONTENT="i xp̃i cõmunionẽ uerũ corpus ei᷒ &amp; sanguinẽ esse"
                          HPOS="11"
                          VPOS="671"
                          WIDTH="1284"
                          HEIGHT="72"/>
               </TextLine>
               <TextLine ID="zone-line_IRHT_P_007933_1-8"
                         BASELINE=""
                         HPOS="14"
                         VPOS="768"
                         WIDTH="1403"
                         HEIGHT="71">
                  <Shape>
                     <Polygon POINTS="14,768 1417,768 1417,839 14,839"/>
                  </Shape>
                  <String CONTENT="ii q̃d hoc mysteriũ xp̃i nullus fideliũ debeat ignorare"
                          HPOS="14"
                          VPOS="768"
                          WIDTH="1403"
                          HEIGHT="71"/>
               </TextLine>
               <TextLine ID="zone-line_IRHT_P_007933_1-9"
                         BASELINE=""
                         HPOS="10"
                         VPOS="860"
                         WIDTH="1151"
                         HEIGHT="74">
                  <Shape>
                     <Polygon POINTS="10,860 1161,860 1161,934 10,934"/>
                  </Shape>
                  <String CONTENT="iii quid sint sacramenta uel quare dicantur"
                          HPOS="10"
                          VPOS="860"
                          WIDTH="1151"
                          HEIGHT="74"/>
               </TextLine>
               <TextLine ID="zone-line_IRHT_P_007933_1-10"
                         BASELINE=""
                         HPOS="20"
                         VPOS="953"
                         WIDTH="1533"
                         HEIGHT="81">
                  <Shape>
                     <Polygon POINTS="20,953 1553,953 1553,1034 20,1034"/>
                  </Shape>
                  <String CONTENT="iiii vtrũ sub figura an in ueritate hoc mysticũ fiat sacramentũ"
                          HPOS="20"
                          VPOS="953"
                          WIDTH="1533"
                          HEIGHT="81"/>
               </TextLine>
               <TextLine ID="zone-line_IRHT_P_007933_1-11"
                         BASELINE=""
                         HPOS="15"
                         VPOS="1046"
                         WIDTH="1196"
                         HEIGHT="84">
                  <Shape>
                     <Polygon POINTS="15,1046 1211,1046 1211,1130 15,1130"/>
                  </Shape>
                  <String CONTENT="v quid sit inter immolationes ueterũ figurasq."
                          HPOS="15"
                          VPOS="1046"
                          WIDTH="1196"
                          HEIGHT="84"/>
               </TextLine>
               <TextLine ID="zone-line_IRHT_P_007933_1-12"
                         BASELINE=""
                         HPOS="75"
                         VPOS="1148"
                         WIDTH="1280"
                         HEIGHT="86">
                  <Shape>
                     <Polygon POINTS="75,1148 1355,1148 1355,1234 75,1234"/>
                  </Shape>
                  <String CONTENT="legaliũ &amp; int̃ sacramentũ dñici corporis &amp; sanguinis"
                          HPOS="75"
                          VPOS="1148"
                          WIDTH="1280"
                          HEIGHT="86"/>
               </TextLine>
            </TextBlock>
         </PrintSpace>
      </Page>
   </Layout>
</alto>
