<?xml version="1.0" encoding="UTF-8"?>
<alto xmlns="http://www.loc.gov/standards/alto/ns-v4#"
      xmlns:xsi="http://www.w3.org/2001/XMLSchema-instance"
      xmlns:tei="http://www.tei-c.org/ns/1.0"
      xsi:schemaLocation="http://www.loc.gov/standards/alto/ns-v4# ../schema/alto.xsd">
   <Description>
      <MeasurementUnit>pixel</MeasurementUnit>
      <sourceImageInformation>
         <fileName>IRHT_P_008142.tif</fileName>
      </sourceImageInformation>
   </Description>
   <Layout>
      <Page ID="zone-page_IRHT_P_008142"
            PHYSICAL_IMG_NR="0"
            WIDTH="1221"
            HEIGHT="1740">
         <PrintSpace HPOS="0" VPOS="0" WIDTH="1221" HEIGHT="1740">
            <TextBlock HPOS="161"
                       VPOS="0"
                       WIDTH="993"
                       HEIGHT="1728"
                       ID="zone-col_IRHT_P_008142_1">
               <Shape>
                  <Polygon POINTS="161,0 1154,0 1154,1728 161,1728"/>
               </Shape>
               <TextLine ID="zone-line_IRHT_P_008142_1-1"
                         BASELINE=""
                         HPOS="202"
                         VPOS="23"
                         WIDTH="938"
                         HEIGHT="59">
                  <Shape>
                     <Polygon POINTS="202,23 1140,23 1140,82 202,82"/>
                  </Shape>
                  <String CONTENT="ciosa qualia sunt õia signa mortẽ ꝓnosticia"
                          HPOS="202"
                          VPOS="23"
                          WIDTH="938"
                          HEIGHT="59"/>
               </TextLine>
               <TextLine ID="zone-line_IRHT_P_008142_1-2"
                         BASELINE=""
                         HPOS="191"
                         VPOS="87"
                         WIDTH="912"
                         HEIGHT="52">
                  <Shape>
                     <Polygon POINTS="191,87 1103,87 1103,139 191,139"/>
                  </Shape>
                  <String CONTENT="que uõ in parte auferũt uel auferri sig"
                          HPOS="191"
                          VPOS="87"
                          WIDTH="912"
                          HEIGHT="52"/>
               </TextLine>
               <TextLine ID="zone-line_IRHT_P_008142_1-3"
                         BASELINE=""
                         HPOS="194"
                         VPOS="143"
                         WIDTH="909"
                         HEIGHT="61">
                  <Shape>
                     <Polygon POINTS="194,143 1103,143 1103,204 194,204"/>
                  </Shape>
                  <String CONTENT="nificant ut signa nũciãtia torturã uel"
                          HPOS="194"
                          VPOS="143"
                          WIDTH="909"
                          HEIGHT="61"/>
               </TextLine>
               <TextLine ID="zone-line_IRHT_P_008142_1-4"
                         BASELINE=""
                         HPOS="187"
                         VPOS="203"
                         WIDTH="904"
                         HEIGHT="66">
                  <Shape>
                     <Polygon POINTS="187,203 1091,203 1091,269 187,269"/>
                  </Shape>
                  <String CONTENT="ꝑalisim aut appõ uel cardiacã aͭ sil̃ia"
                          HPOS="187"
                          VPOS="203"
                          WIDTH="904"
                          HEIGHT="66"/>
               </TextLine>
               <TextLine ID="zone-line_IRHT_P_008142_1-5"
                         BASELINE=""
                         HPOS="187"
                         VPOS="268"
                         WIDTH="900"
                         HEIGHT="58">
                  <Shape>
                     <Polygon POINTS="187,268 1087,268 1087,326 187,326"/>
                  </Shape>
                  <String CONTENT="pessima quidẽ sunt s mĩoris malicie ꝙͣ"
                          HPOS="187"
                          VPOS="268"
                          WIDTH="900"
                          HEIGHT="58"/>
               </TextLine>
               <TextLine ID="zone-line_IRHT_P_008142_1-6"
                         BASELINE=""
                         HPOS="181"
                         VPOS="330"
                         WIDTH="912"
                         HEIGHT="56">
                  <Shape>
                     <Polygon POINTS="181,330 1093,330 1093,386 181,386"/>
                  </Shape>
                  <String CONTENT="illa que cise mortẽ ꝓnosticãt de qͥb"
                          HPOS="181"
                          VPOS="330"
                          WIDTH="912"
                          HEIGHT="56"/>
               </TextLine>
               <TextLine ID="zone-line_IRHT_P_008142_1-7"
                         BASELINE=""
                         HPOS="177"
                         VPOS="395"
                         WIDTH="945"
                         HEIGHT="56">
                  <Shape>
                     <Polygon POINTS="177,395 1122,395 1122,451 177,451"/>
                  </Shape>
                  <String CONTENT="om̃ib spãlr̃ ꝑtractãe nõ spectat intͦduconum"
                          HPOS="177"
                          VPOS="395"
                          WIDTH="945"
                          HEIGHT="56"/>
               </TextLine>
               <TextLine ID="zone-line_IRHT_P_008142_1-8"
                         BASELINE=""
                         HPOS="172"
                         VPOS="453"
                         WIDTH="925"
                         HEIGHT="52">
                  <Shape>
                     <Polygon POINTS="172,453 1097,453 1097,505 172,505"/>
                  </Shape>
                  <String CONTENT="pñtiũ forme siue tenori s predc̃is ꝯtenti"
                          HPOS="172"
                          VPOS="453"
                          WIDTH="925"
                          HEIGHT="52"/>
               </TextLine>
               <TextLine ID="zone-line_IRHT_P_008142_1-9"
                         BASELINE=""
                         HPOS="183"
                         VPOS="521"
                         WIDTH="913"
                         HEIGHT="46">
                  <Shape>
                     <Polygon POINTS="183,521 1096,521 1096,567 183,567"/>
                  </Shape>
                  <String CONTENT="gr̃as r̃ferim dño ih̃u xp̃o qͥ ꝯsid̃acões"
                          HPOS="183"
                          VPOS="521"
                          WIDTH="913"
                          HEIGHT="46"/>
               </TextLine>
               <TextLine ID="zone-line_IRHT_P_008142_1-10"
                         BASELINE=""
                         HPOS="185"
                         VPOS="585"
                         WIDTH="910"
                         HEIGHT="46">
                  <Shape>
                     <Polygon POINTS="185,585 1095,585 1095,631 185,631"/>
                  </Shape>
                  <String CONTENT="intͦductorias pͥme partis mene que theo"
                          HPOS="185"
                          VPOS="585"
                          WIDTH="910"
                          HEIGHT="46"/>
               </TextLine>
               <TextLine ID="zone-line_IRHT_P_008142_1-11"
                         BASELINE=""
                         HPOS="188"
                         VPOS="644"
                         WIDTH="906"
                         HEIGHT="45">
                  <Shape>
                     <Polygon POINTS="188,644 1094,644 1094,689 188,689"/>
                  </Shape>
                  <String CONTENT="rica dr̃d adimpleuit et qui iã in r̃gi sa"
                          HPOS="188"
                          VPOS="644"
                          WIDTH="906"
                          HEIGHT="45"/>
               </TextLine>
               <TextLine ID="zone-line_IRHT_P_008142_1-12"
                         BASELINE=""
                         HPOS="187"
                         VPOS="705"
                         WIDTH="917"
                         HEIGHT="45">
                  <Shape>
                     <Polygon POINTS="187,705 1104,705 1104,750 187,750"/>
                  </Shape>
                  <String CONTENT="nitatis nr̃o ⁊ affomis de ingenio sanitatis"
                          HPOS="187"
                          VPOS="705"
                          WIDTH="917"
                          HEIGHT="45"/>
               </TextLine>
               <TextLine ID="zone-line_IRHT_P_008142_1-13"
                         BASELINE=""
                         HPOS="183"
                         VPOS="763"
                         WIDTH="916"
                         HEIGHT="52">
                  <Shape>
                     <Polygon POINTS="183,763 1099,763 1099,815 183,815"/>
                  </Shape>
                  <String CONTENT="h̃undanter inchoauit consid̃acões pratice"
                          HPOS="183"
                          VPOS="763"
                          WIDTH="916"
                          HEIGHT="52"/>
               </TextLine>
               <TextLine ID="zone-line_IRHT_P_008142_1-14"
                         BASELINE=""
                         HPOS="186"
                         VPOS="824"
                         WIDTH="906"
                         HEIGHT="51">
                  <Shape>
                     <Polygon POINTS="186,824 1092,824 1092,875 186,875"/>
                  </Shape>
                  <String CONTENT="necc̃as ⁊ sꝑam cũ deuocõe ꝙ ipe ꝑficiet"
                          HPOS="186"
                          VPOS="824"
                          WIDTH="906"
                          HEIGHT="51"/>
               </TextLine>
               <TextLine ID="zone-line_IRHT_P_008142_1-15"
                         BASELINE=""
                         HPOS="193"
                         VPOS="893"
                         WIDTH="919"
                         HEIGHT="42">
                  <Shape>
                     <Polygon POINTS="193,893 1112,893 1112,935 193,935"/>
                  </Shape>
                  <String CONTENT="in ꝯto dc̃oꝝ affoꝝ ⁊ in aliis affomis ꝑticuter"
                          HPOS="193"
                          VPOS="893"
                          WIDTH="919"
                          HEIGHT="42"/>
               </TextLine>
               <TextLine ID="zone-line_IRHT_P_008142_1-16"
                         BASELINE=""
                         HPOS="185"
                         VPOS="948"
                         WIDTH="884"
                         HEIGHT="51">
                  <Shape>
                     <Polygon POINTS="185,948 1069,948 1069,999 185,999"/>
                  </Shape>
                  <String CONTENT="expͥmentib que per medicũ sapientem"
                          HPOS="185"
                          VPOS="948"
                          WIDTH="884"
                          HEIGHT="51"/>
               </TextLine>
               <TextLine ID="zone-line_IRHT_P_008142_1-17"
                         BASELINE=""
                         HPOS="184"
                         VPOS="1013"
                         WIDTH="917"
                         HEIGHT="48">
                  <Shape>
                     <Polygon POINTS="184,1013 1101,1013 1101,1061 184,1061"/>
                  </Shape>
                  <String CONTENT="consid̃anda sunt in morbis quoꝝdã m̃bro"
                          HPOS="184"
                          VPOS="1013"
                          WIDTH="917"
                          HEIGHT="48"/>
               </TextLine>
               <TextLine ID="zone-line_IRHT_P_008142_1-18"
                         BASELINE=""
                         HPOS="181"
                         VPOS="1073"
                         WIDTH="885"
                         HEIGHT="49">
                  <Shape>
                     <Polygon POINTS="181,1073 1066,1073 1066,1122 181,1122"/>
                  </Shape>
                  <String CONTENT="rum ꝑticurium in quib uelut in exemplo"
                          HPOS="181"
                          VPOS="1073"
                          WIDTH="885"
                          HEIGHT="49"/>
               </TextLine>
               <TextLine ID="zone-line_IRHT_P_008142_1-19"
                         BASELINE=""
                         HPOS="192"
                         VPOS="1139"
                         WIDTH="904"
                         HEIGHT="48">
                  <Shape>
                     <Polygon POINTS="192,1139 1096,1139 1096,1187 192,1187"/>
                  </Shape>
                  <String CONTENT="siue speculo claro uia rc̃ ꝓcessus in cetẽis"
                          HPOS="192"
                          VPOS="1139"
                          WIDTH="904"
                          HEIGHT="48"/>
               </TextLine>
               <TextLine ID="zone-line_IRHT_P_008142_1-20"
                         BASELINE=""
                         HPOS="185"
                         VPOS="1203"
                         WIDTH="908"
                         HEIGHT="49">
                  <Shape>
                     <Polygon POINTS="185,1203 1093,1203 1093,1252 185,1252"/>
                  </Shape>
                  <String CONTENT="aꝑtissime cognoscaͬ a cũctis amatõibus"
                          HPOS="185"
                          VPOS="1203"
                          WIDTH="908"
                          HEIGHT="49"/>
               </TextLine>
               <TextLine ID="zone-line_IRHT_P_008142_1-21"
                         BASELINE=""
                         HPOS="161"
                         VPOS="1266"
                         WIDTH="186"
                         HEIGHT="48">
                  <Shape>
                     <Polygon POINTS="161,1266 347,1266 347,1314 161,1314"/>
                  </Shape>
                  <String CONTENT="ũitatis"
                          HPOS="161"
                          VPOS="1266"
                          WIDTH="186"
                          HEIGHT="48"/>
               </TextLine>
            </TextBlock>
         </PrintSpace>
      </Page>
   </Layout>
</alto>
