<?xml version="1.0" encoding="UTF-8"?>
<alto xmlns="http://www.loc.gov/standards/alto/ns-v4#"
      xmlns:xsi="http://www.w3.org/2001/XMLSchema-instance"
      xmlns:tei="http://www.tei-c.org/ns/1.0"
      xsi:schemaLocation="http://www.loc.gov/standards/alto/ns-v4# ../schema/alto.xsd">
   <Description>
      <MeasurementUnit>pixel</MeasurementUnit>
      <sourceImageInformation>
         <fileName>IRHT_P_007978.tif</fileName>
      </sourceImageInformation>
   </Description>
   <Layout>
      <Page ID="zone-page_IRHT_P_007978"
            PHYSICAL_IMG_NR="0"
            WIDTH="1759"
            HEIGHT="1275">
         <PrintSpace HPOS="0" VPOS="0" WIDTH="1759" HEIGHT="1275">
            <TextBlock HPOS="53"
                       VPOS="1"
                       WIDTH="1242"
                       HEIGHT="1259"
                       ID="zone-col_IRHT_P_007978_1">
               <Shape>
                  <Polygon POINTS="53,1 1295,1 1295,1260 53,1260"/>
               </Shape>
               <TextLine ID="zone-line_IRHT_P_007978_1-1"
                         BASELINE=""
                         HPOS="262"
                         VPOS="226"
                         WIDTH="1033"
                         HEIGHT="67">
                  <Shape>
                     <Polygon POINTS="262,226 1295,226 1295,293 262,293"/>
                  </Shape>
                  <String CONTENT="hoc priuilegium a dño ppͣ nobis et ecclesie"
                          HPOS="262"
                          VPOS="226"
                          WIDTH="1033"
                          HEIGHT="67"/>
               </TextLine>
               <TextLine ID="zone-line_IRHT_P_007978_1-2"
                         BASELINE=""
                         HPOS="262"
                         VPOS="301"
                         WIDTH="1010"
                         HEIGHT="72">
                  <Shape>
                     <Polygon POINTS="262,301 1272,301 1272,373 262,373"/>
                  </Shape>
                  <String CONTENT="nostre concessum loquitur de om̃ibus terri"
                          HPOS="262"
                          VPOS="301"
                          WIDTH="1010"
                          HEIGHT="72"/>
               </TextLine>
               <TextLine ID="zone-line_IRHT_P_007978_1-3"
                         BASELINE=""
                         HPOS="257"
                         VPOS="390"
                         WIDTH="992"
                         HEIGHT="71">
                  <Shape>
                     <Polygon POINTS="257,390 1249,390 1249,461 257,461"/>
                  </Shape>
                  <String CONTENT="quas habet eccl̃a nr̃a ubicumq sint"
                          HPOS="257"
                          VPOS="390"
                          WIDTH="992"
                          HEIGHT="71"/>
               </TextLine>
               <TextLine ID="zone-line_IRHT_P_007978_1-4"
                         BASELINE=""
                         HPOS="265"
                         VPOS="551"
                         WIDTH="1008"
                         HEIGHT="68">
                  <Shape>
                     <Polygon POINTS="265,551 1273,551 1273,619 265,619"/>
                  </Shape>
                  <String CONTENT="alexander episcopus seruus seruorum dei"
                          HPOS="265"
                          VPOS="551"
                          WIDTH="1008"
                          HEIGHT="68"/>
               </TextLine>
               <TextLine ID="zone-line_IRHT_P_007978_1-5"
                         BASELINE=""
                         HPOS="255"
                         VPOS="632"
                         WIDTH="1011"
                         HEIGHT="74">
                  <Shape>
                     <Polygon POINTS="255,632 1266,632 1266,706 255,706"/>
                  </Shape>
                  <String CONTENT="dilectis filiis andree decano eccl̃e sancti auiti"
                          HPOS="255"
                          VPOS="632"
                          WIDTH="1011"
                          HEIGHT="74"/>
               </TextLine>
               <TextLine ID="zone-line_IRHT_P_007978_1-6"
                         BASELINE=""
                         HPOS="247"
                         VPOS="718"
                         WIDTH="1014"
                         HEIGHT="73">
                  <Shape>
                     <Polygon POINTS="247,718 1261,718 1261,791 247,791"/>
                  </Shape>
                  <String CONTENT="eiusq fratrib tam presentib quam futuris ca"
                          HPOS="247"
                          VPOS="718"
                          WIDTH="1014"
                          HEIGHT="73"/>
               </TextLine>
               <TextLine ID="zone-line_IRHT_P_007978_1-7"
                         BASELINE=""
                         HPOS="257"
                         VPOS="804"
                         WIDTH="1017"
                         HEIGHT="62">
                  <Shape>
                     <Polygon POINTS="257,804 1274,804 1274,866 257,866"/>
                  </Shape>
                  <String CONTENT="nonice sustituendis in ꝑpetuum quotiens a no"
                          HPOS="257"
                          VPOS="804"
                          WIDTH="1017"
                          HEIGHT="62"/>
               </TextLine>
               <TextLine ID="zone-line_IRHT_P_007978_1-8"
                         BASELINE=""
                         HPOS="251"
                         VPOS="880"
                         WIDTH="1020"
                         HEIGHT="58">
                  <Shape>
                     <Polygon POINTS="251,880 1271,880 1271,938 251,938"/>
                  </Shape>
                  <String CONTENT="bis illud petitur quod religioni et honestati con"
                          HPOS="251"
                          VPOS="880"
                          WIDTH="1020"
                          HEIGHT="58"/>
               </TextLine>
               <TextLine ID="zone-line_IRHT_P_007978_1-9"
                         BASELINE=""
                         HPOS="238"
                         VPOS="1046"
                         WIDTH="1024"
                         HEIGHT="64">
                  <Shape>
                     <Polygon POINTS="238,1046 1262,1046 1262,1110 238,1110"/>
                  </Shape>
                  <String CONTENT="dere et petentium desideriis congruum inperti"
                          HPOS="238"
                          VPOS="1046"
                          WIDTH="1024"
                          HEIGHT="64"/>
               </TextLine>
               <TextLine ID="zone-line_IRHT_P_007978_1-10"
                         BASELINE=""
                         HPOS="242"
                         VPOS="1132"
                         WIDTH="1021"
                         HEIGHT="54">
                  <Shape>
                     <Polygon POINTS="242,1132 1263,1132 1263,1186 242,1186"/>
                  </Shape>
                  <String CONTENT="ri suffragium eaꝓpter dilecti in dño filii uestris"
                          HPOS="242"
                          VPOS="1132"
                          WIDTH="1021"
                          HEIGHT="54"/>
               </TextLine>
               <TextLine ID="zone-line_IRHT_P_007978_1-11"
                         BASELINE=""
                         HPOS="246"
                         VPOS="1196"
                         WIDTH="1016"
                         HEIGHT="64">
                  <Shape>
                     <Polygon POINTS="246,1196 1262,1196 1262,1260 246,1260"/>
                  </Shape>
                  <String CONTENT="iustis postulationib clementer annuimus et"
                          HPOS="246"
                          VPOS="1196"
                          WIDTH="1016"
                          HEIGHT="64"/>
               </TextLine>
            </TextBlock>
         </PrintSpace>
      </Page>
   </Layout>
</alto>
