<?xml version="1.0" encoding="UTF-8"?>
<alto xmlns="http://www.loc.gov/standards/alto/ns-v4#"
      xmlns:xsi="http://www.w3.org/2001/XMLSchema-instance"
      xmlns:tei="http://www.tei-c.org/ns/1.0"
      xsi:schemaLocation="http://www.loc.gov/standards/alto/ns-v4# ../schema/alto.xsd">
   <Description>
      <MeasurementUnit>pixel</MeasurementUnit>
      <sourceImageInformation>
         <fileName>IRHT_P_001161.tif</fileName>
      </sourceImageInformation>
   </Description>
   <Layout>
      <Page ID="zone-page_IRHT_P_001161"
            PHYSICAL_IMG_NR="0"
            WIDTH="1312"
            HEIGHT="1870">
         <PrintSpace HPOS="0" VPOS="0" WIDTH="1312" HEIGHT="1870">
            <TextBlock HPOS="336"
                       VPOS="63"
                       WIDTH="930"
                       HEIGHT="1753"
                       ID="zone-col_IRHT_P_001161_1">
               <Shape>
                  <Polygon POINTS="336,63 1266,63 1266,1816 336,1816"/>
               </Shape>
               <TextLine ID="zone-line_IRHT_P_001161_1-1"
                         BASELINE=""
                         HPOS="889"
                         VPOS="78"
                         WIDTH="360"
                         HEIGHT="221">
                  <Shape>
                     <Polygon POINTS="889,78 1249,78 1249,299 889,299"/>
                  </Shape>
                  <String CONTENT="sicvt"
                          HPOS="889"
                          VPOS="78"
                          WIDTH="360"
                          HEIGHT="221"/>
               </TextLine>
               <TextLine ID="zone-line_IRHT_P_001161_1-2"
                         BASELINE=""
                         HPOS="823"
                         VPOS="468"
                         WIDTH="425"
                         HEIGHT="198">
                  <Shape>
                     <Polygon POINTS="823,468 1248,468 1248,666 823,666"/>
                  </Shape>
                  <String CONTENT="in di"
                          HPOS="823"
                          VPOS="468"
                          WIDTH="425"
                          HEIGHT="198"/>
               </TextLine>
               <TextLine ID="zone-line_IRHT_P_001161_1-3"
                         BASELINE=""
                         HPOS="876"
                         VPOS="773"
                         WIDTH="291"
                         HEIGHT="80">
                  <Shape>
                     <Polygon POINTS="876,773 1167,773 1167,853 876,853"/>
                  </Shape>
                  <String CONTENT="vinis"
                          HPOS="876"
                          VPOS="773"
                          WIDTH="291"
                          HEIGHT="80"/>
               </TextLine>
               <TextLine ID="zone-line_IRHT_P_001161_1-4"
                         BASELINE=""
                         HPOS="732"
                         VPOS="907"
                         WIDTH="486"
                         HEIGHT="116">
                  <Shape>
                     <Polygon POINTS="732,907 1218,907 1218,1023 732,1023"/>
                  </Shape>
                  <String CONTENT="litteris"
                          HPOS="732"
                          VPOS="907"
                          WIDTH="486"
                          HEIGHT="116"/>
               </TextLine>
               <TextLine ID="zone-line_IRHT_P_001161_1-5"
                         BASELINE=""
                         HPOS="351"
                         VPOS="1041"
                         WIDTH="846"
                         HEIGHT="76">
                  <Shape>
                     <Polygon POINTS="351,1041 1197,1041 1197,1117 351,1117"/>
                  </Shape>
                  <String CONTENT="diuersa leguntur cantica ita &amp; sp̃u"
                          HPOS="351"
                          VPOS="1041"
                          WIDTH="846"
                          HEIGHT="76"/>
               </TextLine>
               <TextLine ID="zone-line_IRHT_P_001161_1-6"
                         BASELINE=""
                         HPOS="348"
                         VPOS="1132"
                         WIDTH="852"
                         HEIGHT="73">
                  <Shape>
                     <Polygon POINTS="348,1132 1200,1132 1200,1205 348,1205"/>
                  </Shape>
                  <String CONTENT="sc̃o lam̃tationes diuersę"
                          HPOS="348"
                          VPOS="1132"
                          WIDTH="852"
                          HEIGHT="73"/>
               </TextLine>
               <TextLine ID="zone-line_IRHT_P_001161_1-7"
                         BASELINE=""
                         HPOS="341"
                         VPOS="1223"
                         WIDTH="885"
                         HEIGHT="74">
                  <Shape>
                     <Polygon POINTS="341,1223 1226,1223 1226,1297 341,1297"/>
                  </Shape>
                  <String CONTENT="et sic̃ ꝓpͥe appellatur liber salomonis"
                          HPOS="341"
                          VPOS="1223"
                          WIDTH="885"
                          HEIGHT="74"/>
               </TextLine>
               <TextLine ID="zone-line_IRHT_P_001161_1-8"
                         BASELINE=""
                         HPOS="341"
                         VPOS="1317"
                         WIDTH="911"
                         HEIGHT="73">
                  <Shape>
                     <Polygon POINTS="341,1317 1252,1317 1252,1390 341,1390"/>
                  </Shape>
                  <String CONTENT="cantica canticoꝝ ita &amp; appellari qͤũt"
                          HPOS="341"
                          VPOS="1317"
                          WIDTH="911"
                          HEIGHT="73"/>
               </TextLine>
               <TextLine ID="zone-line_IRHT_P_001161_1-9"
                         BASELINE=""
                         HPOS="346"
                         VPOS="1402"
                         WIDTH="906"
                         HEIGHT="73">
                  <Shape>
                     <Polygon POINTS="346,1402 1252,1402 1252,1475 346,1475"/>
                  </Shape>
                  <String CONTENT="threni iheremię lamentationes lam̃ta"
                          HPOS="346"
                          VPOS="1402"
                          WIDTH="906"
                          HEIGHT="73"/>
               </TextLine>
               <TextLine ID="zone-line_IRHT_P_001161_1-10"
                         BASELINE=""
                         HPOS="336"
                         VPOS="1501"
                         WIDTH="891"
                         HEIGHT="71">
                  <Shape>
                     <Polygon POINTS="336,1501 1227,1501 1227,1572 336,1572"/>
                  </Shape>
                  <String CONTENT="tionũ  sic̃ omnino cellunt illa in"
                          HPOS="336"
                          VPOS="1501"
                          WIDTH="891"
                          HEIGHT="71"/>
               </TextLine>
               <TextLine ID="zone-line_IRHT_P_001161_1-11"
                         BASELINE=""
                         HPOS="340"
                         VPOS="1583"
                         WIDTH="920"
                         HEIGHT="73">
                  <Shape>
                     <Polygon POINTS="340,1583 1260,1583 1260,1656 340,1656"/>
                  </Shape>
                  <String CONTENT="quib sponsus ac sponsa dulvib fruun"
                          HPOS="340"
                          VPOS="1583"
                          WIDTH="920"
                          HEIGHT="73"/>
               </TextLine>
               <TextLine ID="zone-line_IRHT_P_001161_1-12"
                         BASELINE=""
                         HPOS="342"
                         VPOS="1682"
                         WIDTH="900"
                         HEIGHT="63">
                  <Shape>
                     <Polygon POINTS="342,1682 1242,1682 1242,1745 342,1745"/>
                  </Shape>
                  <String CONTENT="tur amplexibus ita &amp; lam̃tationes istę"
                          HPOS="342"
                          VPOS="1682"
                          WIDTH="900"
                          HEIGHT="63"/>
               </TextLine>
            </TextBlock>
         </PrintSpace>
      </Page>
   </Layout>
</alto>
