<?xml version="1.0" encoding="UTF-8"?>
<alto xmlns="http://www.loc.gov/standards/alto/ns-v4#"
      xmlns:xsi="http://www.w3.org/2001/XMLSchema-instance"
      xmlns:tei="http://www.tei-c.org/ns/1.0"
      xsi:schemaLocation="http://www.loc.gov/standards/alto/ns-v4# ../schema/alto.xsd">
   <Description>
      <MeasurementUnit>pixel</MeasurementUnit>
      <sourceImageInformation>
         <fileName>IRHT_P_006810.tif</fileName>
      </sourceImageInformation>
   </Description>
   <Layout>
      <Page ID="zone-page_IRHT_P_006810"
            PHYSICAL_IMG_NR="0"
            WIDTH="1748"
            HEIGHT="1215">
         <PrintSpace HPOS="0" VPOS="0" WIDTH="1748" HEIGHT="1215">
            <TextBlock HPOS="13"
                       VPOS="2"
                       WIDTH="839"
                       HEIGHT="1206"
                       ID="zone-col_IRHT_P_006810_1">
               <Shape>
                  <Polygon POINTS="13,2 852,2 852,1208 13,1208"/>
               </Shape>
               <TextLine ID="zone-line_IRHT_P_006810_1-1"
                         BASELINE=""
                         HPOS="72"
                         VPOS="53"
                         WIDTH="719"
                         HEIGHT="54">
                  <Shape>
                     <Polygon POINTS="72,53 791,53 791,107 72,107"/>
                  </Shape>
                  <String CONTENT="in pari delicto uel causa pocior"
                          HPOS="72"
                          VPOS="53"
                          WIDTH="719"
                          HEIGHT="54"/>
               </TextLine>
               <TextLine ID="zone-line_IRHT_P_006810_1-2"
                         BASELINE=""
                         HPOS="46"
                         VPOS="113"
                         WIDTH="742"
                         HEIGHT="55">
                  <Shape>
                     <Polygon POINTS="46,113 788,113 788,168 46,168"/>
                  </Shape>
                  <String CONTENT="est conditõ possidentis idem"
                          HPOS="46"
                          VPOS="113"
                          WIDTH="742"
                          HEIGHT="55"/>
               </TextLine>
               <TextLine ID="zone-line_IRHT_P_006810_1-3"
                         BASELINE=""
                         HPOS="43"
                         VPOS="183"
                         WIDTH="724"
                         HEIGHT="45">
                  <Shape>
                     <Polygon POINTS="43,183 767,183 767,228 43,228"/>
                  </Shape>
                  <String CONTENT="cum con stat per eum quomin᷒"
                          HPOS="43"
                          VPOS="183"
                          WIDTH="724"
                          HEIGHT="45"/>
               </TextLine>
               <TextLine ID="zone-line_IRHT_P_006810_1-4"
                         BASELINE=""
                         HPOS="48"
                         VPOS="242"
                         WIDTH="750"
                         HEIGHT="51">
                  <Shape>
                     <Polygon POINTS="48,242 798,242 798,293 48,293"/>
                  </Shape>
                  <String CONTENT="conditõ impleatur h̃ri d ꝑinde"
                          HPOS="48"
                          VPOS="242"
                          WIDTH="750"
                          HEIGHT="51"/>
               </TextLine>
               <TextLine ID="zone-line_IRHT_P_006810_1-5"
                         BASELINE=""
                         HPOS="41"
                         VPOS="298"
                         WIDTH="654"
                         HEIGHT="50">
                  <Shape>
                     <Polygon POINTS="41,298 695,298 695,348 41,348"/>
                  </Shape>
                  <String CONTENT="ac si impleta fuiss idem"
                          HPOS="41"
                          VPOS="298"
                          WIDTH="654"
                          HEIGHT="50"/>
               </TextLine>
               <TextLine ID="zone-line_IRHT_P_006810_1-6"
                         BASELINE=""
                         HPOS="53"
                         VPOS="362"
                         WIDTH="715"
                         HEIGHT="47">
                  <Shape>
                     <Polygon POINTS="53,362 768,362 768,409 53,409"/>
                  </Shape>
                  <String CONTENT="quod alicui suo non licet noĩe"
                          HPOS="53"
                          VPOS="362"
                          WIDTH="715"
                          HEIGHT="47"/>
               </TextLine>
               <TextLine ID="zone-line_IRHT_P_006810_1-7"
                         BASELINE=""
                         HPOS="42"
                         VPOS="430"
                         WIDTH="626"
                         HEIGHT="49">
                  <Shape>
                     <Polygon POINTS="42,430 668,430 668,479 42,479"/>
                  </Shape>
                  <String CONTENT="nec alieno licebit idem"
                          HPOS="42"
                          VPOS="430"
                          WIDTH="626"
                          HEIGHT="49"/>
               </TextLine>
               <TextLine ID="zone-line_IRHT_P_006810_1-8"
                         BASELINE=""
                         HPOS="69"
                         VPOS="492"
                         WIDTH="714"
                         HEIGHT="52">
                  <Shape>
                     <Polygon POINTS="69,492 783,492 783,544 69,544"/>
                  </Shape>
                  <String CONTENT="potest quis per alium quod po"
                          HPOS="69"
                          VPOS="492"
                          WIDTH="714"
                          HEIGHT="52"/>
               </TextLine>
               <TextLine ID="zone-line_IRHT_P_006810_1-9"
                         BASELINE=""
                         HPOS="59"
                         VPOS="550"
                         WIDTH="606"
                         HEIGHT="52">
                  <Shape>
                     <Polygon POINTS="59,550 665,550 665,602 59,602"/>
                  </Shape>
                  <String CONTENT="test fac̃e ꝑ se ip̃m idem"
                          HPOS="59"
                          VPOS="550"
                          WIDTH="606"
                          HEIGHT="52"/>
               </TextLine>
               <TextLine ID="zone-line_IRHT_P_006810_1-10"
                         BASELINE=""
                         HPOS="107"
                         VPOS="613"
                         WIDTH="659"
                         HEIGHT="42">
                  <Shape>
                     <Polygon POINTS="107,613 766,613 766,655 107,655"/>
                  </Shape>
                  <String CONTENT="in malis promissis fidem nõ"
                          HPOS="107"
                          VPOS="613"
                          WIDTH="659"
                          HEIGHT="42"/>
               </TextLine>
               <TextLine ID="zone-line_IRHT_P_006810_1-11"
                         BASELINE=""
                         HPOS="13"
                         VPOS="659"
                         WIDTH="647"
                         HEIGHT="56">
                  <Shape>
                     <Polygon POINTS="13,659 660,659 660,715 13,715"/>
                  </Shape>
                  <String CONTENT="expedit obẜuari idem"
                          HPOS="13"
                          VPOS="659"
                          WIDTH="647"
                          HEIGHT="56"/>
               </TextLine>
               <TextLine ID="zone-line_IRHT_P_006810_1-12"
                         BASELINE=""
                         HPOS="39"
                         VPOS="728"
                         WIDTH="734"
                         HEIGHT="48">
                  <Shape>
                     <Polygon POINTS="39,728 773,728 773,776 39,776"/>
                  </Shape>
                  <String CONTENT="in alt̃natiuis debitoris ẽ electõ"
                          HPOS="39"
                          VPOS="728"
                          WIDTH="734"
                          HEIGHT="48"/>
               </TextLine>
               <TextLine ID="zone-line_IRHT_P_006810_1-13"
                         BASELINE=""
                         HPOS="46"
                         VPOS="789"
                         WIDTH="734"
                         HEIGHT="44">
                  <Shape>
                     <Polygon POINTS="46,789 780,789 780,833 46,833"/>
                  </Shape>
                  <String CONTENT="et sufficit alt̃m adĩpleri idem"
                          HPOS="46"
                          VPOS="789"
                          WIDTH="734"
                          HEIGHT="44"/>
               </TextLine>
               <TextLine ID="zone-line_IRHT_P_006810_1-14"
                         BASELINE=""
                         HPOS="68"
                         VPOS="852"
                         WIDTH="728"
                         HEIGHT="51">
                  <Shape>
                     <Polygon POINTS="68,852 796,852 796,903 68,903"/>
                  </Shape>
                  <String CONTENT="qui ad agendũ admittit᷑ ẽ ad"
                          HPOS="68"
                          VPOS="852"
                          WIDTH="728"
                          HEIGHT="51"/>
               </TextLine>
               <TextLine ID="zone-line_IRHT_P_006810_1-15"
                         BASELINE=""
                         HPOS="51"
                         VPOS="917"
                         WIDTH="745"
                         HEIGHT="44">
                  <Shape>
                     <Polygon POINTS="51,917 796,917 796,961 51,961"/>
                  </Shape>
                  <String CONTENT="excipiẽdũ ml̃to magis admittẽd᷒"
                          HPOS="51"
                          VPOS="917"
                          WIDTH="745"
                          HEIGHT="44"/>
               </TextLine>
               <TextLine ID="zone-line_IRHT_P_006810_1-16"
                         BASELINE=""
                         HPOS="571"
                         VPOS="978"
                         WIDTH="208"
                         HEIGHT="49">
                  <Shape>
                     <Polygon POINTS="571,978 779,978 779,1027 571,1027"/>
                  </Shape>
                  <String CONTENT="idem"
                          HPOS="571"
                          VPOS="978"
                          WIDTH="208"
                          HEIGHT="49"/>
               </TextLine>
               <TextLine ID="zone-line_IRHT_P_006810_1-17"
                         BASELINE=""
                         HPOS="50"
                         VPOS="980"
                         WIDTH="521"
                         HEIGHT="55">
                  <Shape>
                     <Polygon POINTS="50,980 571,980 571,1035 50,1035"/>
                  </Shape>
                  <String CONTENT="qui facit ꝑ alium est"
                          HPOS="50"
                          VPOS="980"
                          WIDTH="521"
                          HEIGHT="55"/>
               </TextLine>
               <TextLine ID="zone-line_IRHT_P_006810_1-18"
                         BASELINE=""
                         HPOS="50"
                         VPOS="1048"
                         WIDTH="762"
                         HEIGHT="41">
                  <Shape>
                     <Polygon POINTS="50,1048 812,1048 812,1089 50,1089"/>
                  </Shape>
                  <String CONTENT="ꝑinde ac si faciat ꝑ se ip̃m idem"
                          HPOS="50"
                          VPOS="1048"
                          WIDTH="762"
                          HEIGHT="41"/>
               </TextLine>
               <TextLine ID="zone-line_IRHT_P_006810_1-19"
                         BASELINE=""
                         HPOS="72"
                         VPOS="1105"
                         WIDTH="704"
                         HEIGHT="50">
                  <Shape>
                     <Polygon POINTS="72,1105 776,1105 776,1155 72,1155"/>
                  </Shape>
                  <String CONTENT="factũ legitime .i. ꝯplete retractari nõ"
                          HPOS="72"
                          VPOS="1105"
                          WIDTH="704"
                          HEIGHT="50"/>
               </TextLine>
               <TextLine ID="zone-line_IRHT_P_006810_1-20"
                         BASELINE=""
                         HPOS="53"
                         VPOS="1162"
                         WIDTH="763"
                         HEIGHT="44">
                  <Shape>
                     <Polygon POINTS="53,1162 816,1162 816,1206 53,1206"/>
                  </Shape>
                  <String CONTENT="debet licet casus postea eueniat"
                          HPOS="53"
                          VPOS="1162"
                          WIDTH="763"
                          HEIGHT="44"/>
               </TextLine>
            </TextBlock>
            <TextBlock HPOS="884"
                       VPOS="59"
                       WIDTH="835"
                       HEIGHT="1148"
                       ID="zone-col_IRHT_P_006810_2">
               <Shape>
                  <Polygon POINTS="884,59 1719,59 1719,1207 884,1207"/>
               </Shape>
               <TextLine ID="zone-line_IRHT_P_006810_2-1"
                         BASELINE=""
                         HPOS="919"
                         VPOS="59"
                         WIDTH="750"
                         HEIGHT="51">
                  <Shape>
                     <Polygon POINTS="919,59 1669,59 1669,110 919,110"/>
                  </Shape>
                  <String CONTENT="exactum it̃m exigatur idem"
                          HPOS="919"
                          VPOS="59"
                          WIDTH="750"
                          HEIGHT="51"/>
               </TextLine>
               <TextLine ID="zone-line_IRHT_P_006810_2-2"
                         BASELINE=""
                         HPOS="981"
                         VPOS="122"
                         WIDTH="682"
                         HEIGHT="43">
                  <Shape>
                     <Polygon POINTS="981,122 1663,122 1663,165 981,165"/>
                  </Shape>
                  <String CONTENT="cum quid una uia nõ prohibe"
                          HPOS="981"
                          VPOS="122"
                          WIDTH="682"
                          HEIGHT="43"/>
               </TextLine>
               <TextLine ID="zone-line_IRHT_P_006810_2-3"
                         BASELINE=""
                         HPOS="916"
                         VPOS="186"
                         WIDTH="786"
                         HEIGHT="50">
                  <Shape>
                     <Polygon POINTS="916,186 1702,186 1702,236 916,236"/>
                  </Shape>
                  <String CONTENT="tur alicui ad id alia nõ d admitti"
                          HPOS="916"
                          VPOS="186"
                          WIDTH="786"
                          HEIGHT="50"/>
               </TextLine>
               <TextLine ID="zone-line_IRHT_P_006810_2-4"
                         BASELINE=""
                         HPOS="1473"
                         VPOS="254"
                         WIDTH="177"
                         HEIGHT="42">
                  <Shape>
                     <Polygon POINTS="1473,254 1650,254 1650,296 1473,296"/>
                  </Shape>
                  <String CONTENT="idem"
                          HPOS="1473"
                          VPOS="254"
                          WIDTH="177"
                          HEIGHT="42"/>
               </TextLine>
               <TextLine ID="zone-line_IRHT_P_006810_2-5"
                         BASELINE=""
                         HPOS="932"
                         VPOS="250"
                         WIDTH="541"
                         HEIGHT="43">
                  <Shape>
                     <Polygon POINTS="932,250 1473,250 1473,293 932,293"/>
                  </Shape>
                  <String CONTENT="contractus ex conuẽ"
                          HPOS="932"
                          VPOS="250"
                          WIDTH="541"
                          HEIGHT="43"/>
               </TextLine>
               <TextLine ID="zone-line_IRHT_P_006810_2-6"
                         BASELINE=""
                         HPOS="934"
                         VPOS="305"
                         WIDTH="785"
                         HEIGHT="56">
                  <Shape>
                     <Polygon POINTS="934,305 1719,305 1719,361 934,361"/>
                  </Shape>
                  <String CONTENT="tõne legem acciꝑe dinoscũt᷑ ide"
                          HPOS="934"
                          VPOS="305"
                          WIDTH="785"
                          HEIGHT="56"/>
               </TextLine>
               <TextLine ID="zone-line_IRHT_P_006810_2-7"
                         BASELINE=""
                         HPOS="884"
                         VPOS="371"
                         WIDTH="806"
                         HEIGHT="48">
                  <Shape>
                     <Polygon POINTS="884,371 1690,371 1690,419 884,419"/>
                  </Shape>
                  <String CONTENT="danpnũ quod quis sua culpa sen"
                          HPOS="884"
                          VPOS="371"
                          WIDTH="806"
                          HEIGHT="48"/>
               </TextLine>
               <TextLine ID="zone-line_IRHT_P_006810_2-8"
                         BASELINE=""
                         HPOS="934"
                         VPOS="441"
                         WIDTH="748"
                         HEIGHT="53">
                  <Shape>
                     <Polygon POINTS="934,441 1682,441 1682,494 934,494"/>
                  </Shape>
                  <String CONTENT="tit sibi d nõ aliis ĩputari ide"
                          HPOS="934"
                          VPOS="441"
                          WIDTH="748"
                          HEIGHT="53"/>
               </TextLine>
               <TextLine ID="zone-line_IRHT_P_006810_2-9"
                         BASELINE=""
                         HPOS="932"
                         VPOS="499"
                         WIDTH="776"
                         HEIGHT="51">
                  <Shape>
                     <Polygon POINTS="932,499 1708,499 1708,550 932,550"/>
                  </Shape>
                  <String CONTENT="infamib porte nõ pateãt dignitum"
                          HPOS="932"
                          VPOS="499"
                          WIDTH="776"
                          HEIGHT="51"/>
               </TextLine>
               <TextLine ID="zone-line_IRHT_P_006810_2-10"
                         BASELINE=""
                         HPOS="1473"
                         VPOS="564"
                         WIDTH="204"
                         HEIGHT="41">
                  <Shape>
                     <Polygon POINTS="1473,564 1677,564 1677,605 1473,605"/>
                  </Shape>
                  <String CONTENT="idem"
                          HPOS="1473"
                          VPOS="564"
                          WIDTH="204"
                          HEIGHT="41"/>
               </TextLine>
               <TextLine ID="zone-line_IRHT_P_006810_2-11"
                         BASELINE=""
                         HPOS="901"
                         VPOS="555"
                         WIDTH="572"
                         HEIGHT="46">
                  <Shape>
                     <Polygon POINTS="901,555 1473,555 1473,601 901,601"/>
                  </Shape>
                  <String CONTENT="certum est ꝙ is ꝯmͭ"
                          HPOS="901"
                          VPOS="555"
                          WIDTH="572"
                          HEIGHT="46"/>
               </TextLine>
               <TextLine ID="zone-line_IRHT_P_006810_2-12"
                         BASELINE=""
                         HPOS="926"
                         VPOS="616"
                         WIDTH="750"
                         HEIGHT="39">
                  <Shape>
                     <Polygon POINTS="926,616 1676,616 1676,655 926,655"/>
                  </Shape>
                  <String CONTENT="tit in legem qui legis uerba cõ"
                          HPOS="926"
                          VPOS="616"
                          WIDTH="750"
                          HEIGHT="39"/>
               </TextLine>
               <TextLine ID="zone-line_IRHT_P_006810_2-13"
                         BASELINE=""
                         HPOS="924"
                         VPOS="675"
                         WIDTH="744"
                         HEIGHT="46">
                  <Shape>
                     <Polygon POINTS="924,675 1668,675 1668,721 924,721"/>
                  </Shape>
                  <String CONTENT="plectens contra legis nittitur"
                          HPOS="924"
                          VPOS="675"
                          WIDTH="744"
                          HEIGHT="46"/>
               </TextLine>
               <TextLine ID="zone-line_IRHT_P_006810_2-14"
                         BASELINE=""
                         HPOS="930"
                         VPOS="735"
                         WIDTH="345"
                         HEIGHT="41">
                  <Shape>
                     <Polygon POINTS="930,735 1275,735 1275,776 930,776"/>
                  </Shape>
                  <String CONTENT="uoluntatem"
                          HPOS="930"
                          VPOS="735"
                          WIDTH="345"
                          HEIGHT="41"/>
               </TextLine>
               <TextLine ID="zone-line_IRHT_P_006810_2-15"
                         BASELINE=""
                         HPOS="913"
                         VPOS="852"
                         WIDTH="763"
                         HEIGHT="44">
                  <Shape>
                     <Polygon POINTS="913,852 1676,852 1676,896 913,896"/>
                  </Shape>
                  <String CONTENT="explicit liber sextus decre"
                          HPOS="913"
                          VPOS="852"
                          WIDTH="763"
                          HEIGHT="44"/>
               </TextLine>
               <TextLine ID="zone-line_IRHT_P_006810_2-16"
                         BASELINE=""
                         HPOS="1018"
                         VPOS="914"
                         WIDTH="641"
                         HEIGHT="44">
                  <Shape>
                     <Polygon POINTS="1018,914 1659,914 1659,958 1018,958"/>
                  </Shape>
                  <String CONTENT="talium conpletus per"
                          HPOS="1018"
                          VPOS="914"
                          WIDTH="641"
                          HEIGHT="44"/>
               </TextLine>
               <TextLine ID="zone-line_IRHT_P_006810_2-17"
                         BASELINE=""
                         HPOS="932"
                         VPOS="973"
                         WIDTH="756"
                         HEIGHT="53">
                  <Shape>
                     <Polygon POINTS="932,973 1688,973 1688,1026 932,1026"/>
                  </Shape>
                  <String CONTENT="die lune ĩ uigilia b̃ti martini"
                          HPOS="932"
                          VPOS="973"
                          WIDTH="756"
                          HEIGHT="53"/>
               </TextLine>
               <TextLine ID="zone-line_IRHT_P_006810_2-18"
                         BASELINE=""
                         HPOS="938"
                         VPOS="1036"
                         WIDTH="748"
                         HEIGHT="48">
                  <Shape>
                     <Polygon POINTS="938,1036 1686,1036 1686,1084 938,1084"/>
                  </Shape>
                  <String CONTENT="hyemalis deo gracias anno"
                          HPOS="938"
                          VPOS="1036"
                          WIDTH="748"
                          HEIGHT="48"/>
               </TextLine>
               <TextLine ID="zone-line_IRHT_P_006810_2-19"
                         BASELINE=""
                         HPOS="921"
                         VPOS="1099"
                         WIDTH="746"
                         HEIGHT="51">
                  <Shape>
                     <Polygon POINTS="921,1099 1667,1099 1667,1150 921,1150"/>
                  </Shape>
                  <String CONTENT="dñi m ccc xv in studio"
                          HPOS="921"
                          VPOS="1099"
                          WIDTH="746"
                          HEIGHT="51"/>
               </TextLine>
            </TextBlock>
         </PrintSpace>
      </Page>
   </Layout>
</alto>
