<?xml version="1.0" encoding="UTF-8"?>
<alto xmlns="http://www.loc.gov/standards/alto/ns-v4#"
      xmlns:xsi="http://www.w3.org/2001/XMLSchema-instance"
      xmlns:tei="http://www.tei-c.org/ns/1.0"
      xsi:schemaLocation="http://www.loc.gov/standards/alto/ns-v4# ../schema/alto.xsd">
   <Description>
      <MeasurementUnit>pixel</MeasurementUnit>
      <sourceImageInformation>
         <fileName>IRHT_P_005433.tif</fileName>
      </sourceImageInformation>
   </Description>
   <Layout>
      <Page ID="zone-page_IRHT_P_005433"
            PHYSICAL_IMG_NR="0"
            WIDTH="1872"
            HEIGHT="1360">
         <PrintSpace HPOS="0" VPOS="0" WIDTH="1872" HEIGHT="1360">
            <TextBlock HPOS="277"
                       VPOS="124"
                       WIDTH="1447"
                       HEIGHT="144"
                       ID="zone-col_IRHT_P_005433_1">
               <Shape>
                  <Polygon POINTS="277,124 1724,124 1724,268 277,268"/>
               </Shape>
               <TextLine ID="zone-line_IRHT_P_005433_1-1"
                         BASELINE=""
                         HPOS="357"
                         VPOS="166"
                         WIDTH="364"
                         HEIGHT="52">
                  <Shape>
                     <Polygon POINTS="357,166 721,166 721,218 357,218"/>
                  </Shape>
                  <String CONTENT="ordinis"
                          HPOS="357"
                          VPOS="166"
                          WIDTH="364"
                          HEIGHT="52"/>
               </TextLine>
            </TextBlock>
            <TextBlock HPOS="205"
                       VPOS="291"
                       WIDTH="751"
                       HEIGHT="1031"
                       ID="zone-col_IRHT_P_005433_2">
               <Shape>
                  <Polygon POINTS="205,291 956,291 956,1322 205,1322"/>
               </Shape>
               <TextLine ID="zone-line_IRHT_P_005433_2-1"
                         BASELINE=""
                         HPOS="320"
                         VPOS="373"
                         WIDTH="598"
                         HEIGHT="48">
                  <Shape>
                     <Polygon POINTS="320,373 918,373 918,421 320,421"/>
                  </Shape>
                  <String CONTENT="anno dñi m cc nonagͦ v"
                          HPOS="320"
                          VPOS="373"
                          WIDTH="598"
                          HEIGHT="48"/>
               </TextLine>
               <TextLine ID="zone-line_IRHT_P_005433_2-2"
                         BASELINE=""
                         HPOS="306"
                         VPOS="439"
                         WIDTH="600"
                         HEIGHT="49">
                  <Shape>
                     <Polygon POINTS="306,439 906,439 906,488 306,488"/>
                  </Shape>
                  <String CONTENT="nõ fuit celebratũ capͫ gñale"
                          HPOS="306"
                          VPOS="439"
                          WIDTH="600"
                          HEIGHT="49"/>
               </TextLine>
               <TextLine ID="zone-line_IRHT_P_005433_2-3"
                         BASELINE=""
                         HPOS="303"
                         VPOS="497"
                         WIDTH="596"
                         HEIGHT="45">
                  <Shape>
                     <Polygon POINTS="303,497 899,497 899,542 303,542"/>
                  </Shape>
                  <String CONTENT="ꝓpt̃ mortẽ ueñabilis pr̃is ma"
                          HPOS="303"
                          VPOS="497"
                          WIDTH="596"
                          HEIGHT="45"/>
               </TextLine>
               <TextLine ID="zone-line_IRHT_P_005433_2-4"
                         BASELINE=""
                         HPOS="313"
                         VPOS="543"
                         WIDTH="588"
                         HEIGHT="41">
                  <Shape>
                     <Polygon POINTS="313,543 901,543 901,584 313,584"/>
                  </Shape>
                  <String CONTENT="gistri ordinis fr̃is steph̃i de"
                          HPOS="313"
                          VPOS="543"
                          WIDTH="588"
                          HEIGHT="41"/>
               </TextLine>
               <TextLine ID="zone-line_IRHT_P_005433_2-5"
                         BASELINE=""
                         HPOS="315"
                         VPOS="589"
                         WIDTH="578"
                         HEIGHT="46">
                  <Shape>
                     <Polygon POINTS="315,589 893,589 893,635 315,635"/>
                  </Shape>
                  <String CONTENT="bisũcio qui obiit ĩ ꝯuẽtu lu"
                          HPOS="315"
                          VPOS="589"
                          WIDTH="578"
                          HEIGHT="46"/>
               </TextLine>
               <TextLine ID="zone-line_IRHT_P_005433_2-6"
                         BASELINE=""
                         HPOS="312"
                         VPOS="641"
                         WIDTH="608"
                         HEIGHT="42">
                  <Shape>
                     <Polygon POINTS="312,641 920,641 920,683 312,683"/>
                  </Shape>
                  <String CONTENT="chano romane ꝓuĩcie ĩ festo"
                          HPOS="312"
                          VPOS="641"
                          WIDTH="608"
                          HEIGHT="42"/>
               </TextLine>
               <TextLine ID="zone-line_IRHT_P_005433_2-7"
                         BASELINE=""
                         HPOS="315"
                         VPOS="693"
                         WIDTH="610"
                         HEIGHT="40">
                  <Shape>
                     <Polygon POINTS="315,693 925,693 925,733 315,733"/>
                  </Shape>
                  <String CONTENT="sc̃e cecilie uirginis et martiris"
                          HPOS="315"
                          VPOS="693"
                          WIDTH="610"
                          HEIGHT="40"/>
               </TextLine>
               <TextLine ID="zone-line_IRHT_P_005433_2-8"
                         BASELINE=""
                         HPOS="313"
                         VPOS="738"
                         WIDTH="592"
                         HEIGHT="38">
                  <Shape>
                     <Polygon POINTS="313,738 905,738 905,776 313,776"/>
                  </Shape>
                  <String CONTENT="anno dñi m cc nonagͦ iiii"
                          HPOS="313"
                          VPOS="738"
                          WIDTH="592"
                          HEIGHT="38"/>
               </TextLine>
               <TextLine ID="zone-line_IRHT_P_005433_2-9"
                         BASELINE=""
                         HPOS="327"
                         VPOS="786"
                         WIDTH="607"
                         HEIGHT="44">
                  <Shape>
                     <Polygon POINTS="327,786 934,786 934,830 327,830"/>
                  </Shape>
                  <String CONTENT="anno dñi m cc nonagͦ vi"
                          HPOS="327"
                          VPOS="786"
                          WIDTH="607"
                          HEIGHT="44"/>
               </TextLine>
               <TextLine ID="zone-line_IRHT_P_005433_2-10"
                         BASELINE=""
                         HPOS="314"
                         VPOS="841"
                         WIDTH="629"
                         HEIGHT="37">
                  <Shape>
                     <Polygon POINTS="314,841 943,841 943,878 314,878"/>
                  </Shape>
                  <String CONTENT="celebratũ fuit lxxi capͫ gñale"
                          HPOS="314"
                          VPOS="841"
                          WIDTH="629"
                          HEIGHT="37"/>
               </TextLine>
               <TextLine ID="zone-line_IRHT_P_005433_2-11"
                         BASELINE=""
                         HPOS="313"
                         VPOS="885"
                         WIDTH="603"
                         HEIGHT="46">
                  <Shape>
                     <Polygon POINTS="313,885 916,885 916,931 313,931"/>
                  </Shape>
                  <String CONTENT="ĩ argẽtina ĩ ꝓuincia theutõie"
                          HPOS="313"
                          VPOS="885"
                          WIDTH="603"
                          HEIGHT="46"/>
               </TextLine>
               <TextLine ID="zone-line_IRHT_P_005433_2-12"
                         BASELINE=""
                         HPOS="307"
                         VPOS="938"
                         WIDTH="617"
                         HEIGHT="42">
                  <Shape>
                     <Polygon POINTS="307,938 924,938 924,980 307,980"/>
                  </Shape>
                  <String CONTENT="in qͦ cap fuit elc̃us in magistrũ"
                          HPOS="307"
                          VPOS="938"
                          WIDTH="617"
                          HEIGHT="42"/>
               </TextLine>
               <TextLine ID="zone-line_IRHT_P_005433_2-13"
                         BASELINE=""
                         HPOS="308"
                         VPOS="996"
                         WIDTH="588"
                         HEIGHT="39">
                  <Shape>
                     <Polygon POINTS="308,996 896,996 896,1035 308,1035"/>
                  </Shape>
                  <String CONTENT="ordinis ueñabilis pater dñs frater"
                          HPOS="308"
                          VPOS="996"
                          WIDTH="588"
                          HEIGHT="39"/>
               </TextLine>
               <TextLine ID="zone-line_IRHT_P_005433_2-14"
                         BASELINE=""
                         HPOS="310"
                         VPOS="1047"
                         WIDTH="580"
                         HEIGHT="49">
                  <Shape>
                     <Polygon POINTS="310,1047 890,1047 890,1096 310,1096"/>
                  </Shape>
                  <String CONTENT="nycholaus de triuisio qͥ tũc"
                          HPOS="310"
                          VPOS="1047"
                          WIDTH="580"
                          HEIGHT="49"/>
               </TextLine>
               <TextLine ID="zone-line_IRHT_P_005433_2-15"
                         BASELINE=""
                         HPOS="309"
                         VPOS="1105"
                         WIDTH="582"
                         HEIGHT="50">
                  <Shape>
                     <Polygon POINTS="309,1105 891,1105 891,1155 309,1155"/>
                  </Shape>
                  <String CONTENT="erat pͥor ꝓuĩcialis lõbardie"
                          HPOS="309"
                          VPOS="1105"
                          WIDTH="582"
                          HEIGHT="50"/>
               </TextLine>
               <TextLine ID="zone-line_IRHT_P_005433_2-16"
                         BASELINE=""
                         HPOS="307"
                         VPOS="1165"
                         WIDTH="622"
                         HEIGHT="46">
                  <Shape>
                     <Polygon POINTS="307,1165 929,1165 929,1211 307,1211"/>
                  </Shape>
                  <String CONTENT="anno dñi m cc nonagͦ vii"
                          HPOS="307"
                          VPOS="1165"
                          WIDTH="622"
                          HEIGHT="46"/>
               </TextLine>
               <TextLine ID="zone-line_IRHT_P_005433_2-17"
                         BASELINE=""
                         HPOS="304"
                         VPOS="1219"
                         WIDTH="643"
                         HEIGHT="40">
                  <Shape>
                     <Polygon POINTS="304,1219 947,1219 947,1259 304,1259"/>
                  </Shape>
                  <String CONTENT="celebratũ fuit lxxii capͫ gñale"
                          HPOS="304"
                          VPOS="1219"
                          WIDTH="643"
                          HEIGHT="40"/>
               </TextLine>
               <TextLine ID="zone-line_IRHT_P_005433_2-18"
                         BASELINE=""
                         HPOS="278"
                         VPOS="1276"
                         WIDTH="630"
                         HEIGHT="46">
                  <Shape>
                     <Polygon POINTS="278,1276 908,1276 908,1322 278,1322"/>
                  </Shape>
                  <String CONTENT="ueneciis in ꝓuĩcia lõbardie "
                          HPOS="278"
                          VPOS="1276"
                          WIDTH="630"
                          HEIGHT="46"/>
               </TextLine>
            </TextBlock>
            <TextBlock HPOS="1023"
                       VPOS="306"
                       WIDTH="710"
                       HEIGHT="1020"
                       ID="zone-col_IRHT_P_005433_3">
               <Shape>
                  <Polygon POINTS="1023,306 1733,306 1733,1326 1023,1326"/>
               </Shape>
               <TextLine ID="zone-line_IRHT_P_005433_3-1"
                         BASELINE=""
                         HPOS="1061"
                         VPOS="371"
                         WIDTH="654"
                         HEIGHT="50">
                  <Shape>
                     <Polygon POINTS="1061,371 1715,371 1715,421 1061,421"/>
                  </Shape>
                  <String CONTENT="anno dñi m ccci celebra"
                          HPOS="1061"
                          VPOS="371"
                          WIDTH="654"
                          HEIGHT="50"/>
               </TextLine>
               <TextLine ID="zone-line_IRHT_P_005433_3-2"
                         BASELINE=""
                         HPOS="1049"
                         VPOS="436"
                         WIDTH="659"
                         HEIGHT="44">
                  <Shape>
                     <Polygon POINTS="1049,436 1708,436 1708,480 1049,480"/>
                  </Shape>
                  <String CONTENT="tum fuit lxxv capͫ gñale colõie"
                          HPOS="1049"
                          VPOS="436"
                          WIDTH="659"
                          HEIGHT="44"/>
               </TextLine>
               <TextLine ID="zone-line_IRHT_P_005433_3-3"
                         BASELINE=""
                         HPOS="1061"
                         VPOS="487"
                         WIDTH="641"
                         HEIGHT="44">
                  <Shape>
                     <Polygon POINTS="1061,487 1702,487 1702,531 1061,531"/>
                  </Shape>
                  <String CONTENT="in ꝓuĩcia th̃otonie in quo cap fuit"
                          HPOS="1061"
                          VPOS="487"
                          WIDTH="641"
                          HEIGHT="44"/>
               </TextLine>
               <TextLine ID="zone-line_IRHT_P_005433_3-4"
                         BASELINE=""
                         HPOS="1059"
                         VPOS="539"
                         WIDTH="614"
                         HEIGHT="44">
                  <Shape>
                     <Polygon POINTS="1059,539 1673,539 1673,583 1059,583"/>
                  </Shape>
                  <String CONTENT="elc̃us in magistrũ ordinis frat̃"
                          HPOS="1059"
                          VPOS="539"
                          WIDTH="614"
                          HEIGHT="44"/>
               </TextLine>
               <TextLine ID="zone-line_IRHT_P_005433_3-5"
                         BASELINE=""
                         HPOS="1059"
                         VPOS="581"
                         WIDTH="662"
                         HEIGHT="47">
                  <Shape>
                     <Polygon POINTS="1059,581 1721,581 1721,628 1059,628"/>
                  </Shape>
                  <String CONTENT="b̃nard᷒ de iuzico dyoc̃ uasaceñ"
                          HPOS="1059"
                          VPOS="581"
                          WIDTH="662"
                          HEIGHT="47"/>
               </TextLine>
               <TextLine ID="zone-line_IRHT_P_005433_3-6"
                         BASELINE=""
                         HPOS="1057"
                         VPOS="634"
                         WIDTH="656"
                         HEIGHT="46">
                  <Shape>
                     <Polygon POINTS="1057,634 1713,634 1713,680 1057,680"/>
                  </Shape>
                  <String CONTENT="de ꝓuĩcia tholosana qui tũc erat"
                          HPOS="1057"
                          VPOS="634"
                          WIDTH="656"
                          HEIGHT="46"/>
               </TextLine>
               <TextLine ID="zone-line_IRHT_P_005433_3-7"
                         BASELINE=""
                         HPOS="1050"
                         VPOS="680"
                         WIDTH="639"
                         HEIGHT="46">
                  <Shape>
                     <Polygon POINTS="1050,680 1689,680 1689,726 1050,726"/>
                  </Shape>
                  <String CONTENT="pͥor ꝓuĩcialis ꝓuĩcie nõdũ diuise"
                          HPOS="1050"
                          VPOS="680"
                          WIDTH="639"
                          HEIGHT="46"/>
               </TextLine>
               <TextLine ID="zone-line_IRHT_P_005433_3-8"
                         BASELINE=""
                         HPOS="1080"
                         VPOS="730"
                         WIDTH="599"
                         HEIGHT="39">
                  <Shape>
                     <Polygon POINTS="1080,730 1679,730 1679,769 1080,769"/>
                  </Shape>
                  <String CONTENT="anno dñi m cccii celebratum"
                          HPOS="1080"
                          VPOS="730"
                          WIDTH="599"
                          HEIGHT="39"/>
               </TextLine>
               <TextLine ID="zone-line_IRHT_P_005433_3-9"
                         BASELINE=""
                         HPOS="1051"
                         VPOS="774"
                         WIDTH="626"
                         HEIGHT="50">
                  <Shape>
                     <Polygon POINTS="1051,774 1677,774 1677,824 1051,824"/>
                  </Shape>
                  <String CONTENT="fuit lxxvi capͫ gñale bononie"
                          HPOS="1051"
                          VPOS="774"
                          WIDTH="626"
                          HEIGHT="50"/>
               </TextLine>
               <TextLine ID="zone-line_IRHT_P_005433_3-10"
                         BASELINE=""
                         HPOS="1053"
                         VPOS="819"
                         WIDTH="680"
                         HEIGHT="51">
                  <Shape>
                     <Polygon POINTS="1053,819 1733,819 1733,870 1053,870"/>
                  </Shape>
                  <String CONTENT="ĩ ꝓuĩcia lõbardie a fato magr̃o ͛"
                          HPOS="1053"
                          VPOS="819"
                          WIDTH="680"
                          HEIGHT="51"/>
               </TextLine>
               <TextLine ID="zone-line_IRHT_P_005433_3-11"
                         BASELINE=""
                         HPOS="1047"
                         VPOS="1031"
                         WIDTH="655"
                         HEIGHT="52">
                  <Shape>
                     <Polygon POINTS="1047,1031 1702,1031 1702,1083 1047,1083"/>
                  </Shape>
                  <String CONTENT="qui obiit post dictũ capͫ ĩ ꝯuẽtu"
                          HPOS="1047"
                          VPOS="1031"
                          WIDTH="655"
                          HEIGHT="52"/>
               </TextLine>
               <TextLine ID="zone-line_IRHT_P_005433_3-12"
                         BASELINE=""
                         HPOS="1053"
                         VPOS="1095"
                         WIDTH="620"
                         HEIGHT="45">
                  <Shape>
                     <Polygon POINTS="1053,1095 1673,1095 1673,1140 1053,1140"/>
                  </Shape>
                  <String CONTENT="treũensi ĩ ꝓuĩcia theutonie xv"
                          HPOS="1053"
                          VPOS="1095"
                          WIDTH="620"
                          HEIGHT="45"/>
               </TextLine>
               <TextLine ID="zone-line_IRHT_P_005433_3-13"
                         BASELINE=""
                         HPOS="1036"
                         VPOS="1140"
                         WIDTH="633"
                         HEIGHT="58">
                  <Shape>
                     <Polygon POINTS="1036,1140 1669,1140 1669,1198 1036,1198"/>
                  </Shape>
                  <String CONTENT="kls̃ octobris in festo b̃ti lamb̃ti"
                          HPOS="1036"
                          VPOS="1140"
                          WIDTH="633"
                          HEIGHT="58"/>
               </TextLine>
               <TextLine ID="zone-line_IRHT_P_005433_3-14"
                         BASELINE=""
                         HPOS="1036"
                         VPOS="1196"
                         WIDTH="655"
                         HEIGHT="63">
                  <Shape>
                     <Polygon POINTS="1036,1196 1691,1196 1691,1259 1036,1259"/>
                  </Shape>
                  <String CONTENT="anno dñi m ccciiii celebratũ"
                          HPOS="1036"
                          VPOS="1196"
                          WIDTH="655"
                          HEIGHT="63"/>
               </TextLine>
               <TextLine ID="zone-line_IRHT_P_005433_3-15"
                         BASELINE=""
                         HPOS="1043"
                         VPOS="1260"
                         WIDTH="667"
                         HEIGHT="46">
                  <Shape>
                     <Polygon POINTS="1043,1260 1710,1260 1710,1306 1043,1306"/>
                  </Shape>
                  <String CONTENT="fuit lxxviii capͫ gñale tholose"
                          HPOS="1043"
                          VPOS="1260"
                          WIDTH="667"
                          HEIGHT="46"/>
               </TextLine>
            </TextBlock>
         </PrintSpace>
      </Page>
   </Layout>
</alto>
