<?xml version="1.0" encoding="UTF-8"?>
<alto xmlns="http://www.loc.gov/standards/alto/ns-v4#"
      xmlns:xsi="http://www.w3.org/2001/XMLSchema-instance"
      xmlns:tei="http://www.tei-c.org/ns/1.0"
      xsi:schemaLocation="http://www.loc.gov/standards/alto/ns-v4# ../schema/alto.xsd">
   <Description>
      <MeasurementUnit>pixel</MeasurementUnit>
      <sourceImageInformation>
         <fileName>IRHT_P_008816.tif</fileName>
      </sourceImageInformation>
   </Description>
   <Layout>
      <Page ID="zone-page_IRHT_P_008816"
            PHYSICAL_IMG_NR="0"
            WIDTH="1767"
            HEIGHT="1185">
         <PrintSpace HPOS="0" VPOS="0" WIDTH="1767" HEIGHT="1185">
            <TextBlock HPOS="14"
                       VPOS="19"
                       WIDTH="1563"
                       HEIGHT="1165"
                       ID="zone-col_IRHT_P_008816_1">
               <Shape>
                  <Polygon POINTS="14,19 1577,19 1577,1184 14,1184"/>
               </Shape>
               <TextLine ID="zone-line_IRHT_P_008816_1-1"
                         BASELINE=""
                         HPOS="154"
                         VPOS="82"
                         WIDTH="1087"
                         HEIGHT="65">
                  <Shape>
                     <Polygon POINTS="154,82 1241,82 1241,147 154,147"/>
                  </Shape>
                  <String CONTENT="ducentum paruulos ad uiam que ducit ad xp̃m"
                          HPOS="154"
                          VPOS="82"
                          WIDTH="1087"
                          HEIGHT="65"/>
               </TextLine>
               <TextLine ID="zone-line_IRHT_P_008816_1-2"
                         BASELINE=""
                         HPOS="177"
                         VPOS="163"
                         WIDTH="1031"
                         HEIGHT="50">
                  <Shape>
                     <Polygon POINTS="177,163 1208,163 1208,213 177,213"/>
                  </Shape>
                  <String CONTENT="qui conuerti fecerit peccatorem ab errore"
                          HPOS="177"
                          VPOS="163"
                          WIDTH="1031"
                          HEIGHT="50"/>
               </TextLine>
               <TextLine ID="zone-line_IRHT_P_008816_1-3"
                         BASELINE=""
                         HPOS="154"
                         VPOS="217"
                         WIDTH="1076"
                         HEIGHT="54">
                  <Shape>
                     <Polygon POINTS="154,217 1230,217 1230,271 154,271"/>
                  </Shape>
                  <String CONTENT="uie sue saluabit aĩam eius a morte et operit"
                          HPOS="154"
                          VPOS="217"
                          WIDTH="1076"
                          HEIGHT="54"/>
               </TextLine>
               <TextLine ID="zone-line_IRHT_P_008816_1-4"
                         BASELINE=""
                         HPOS="154"
                         VPOS="276"
                         WIDTH="1070"
                         HEIGHT="62">
                  <Shape>
                     <Polygon POINTS="154,276 1224,276 1224,338 154,338"/>
                  </Shape>
                  <String CONTENT="multitudinem peccatorum ex hoc uerbo trahere"
                          HPOS="154"
                          VPOS="276"
                          WIDTH="1070"
                          HEIGHT="62"/>
               </TextLine>
               <TextLine ID="zone-line_IRHT_P_008816_1-5"
                         BASELINE=""
                         HPOS="146"
                         VPOS="341"
                         WIDTH="1052"
                         HEIGHT="56">
                  <Shape>
                     <Polygon POINTS="146,341 1198,341 1198,397 146,397"/>
                  </Shape>
                  <String CONTENT="potuit gregorius nullum esse deo accepcius sa"
                          HPOS="146"
                          VPOS="341"
                          WIDTH="1052"
                          HEIGHT="56"/>
               </TextLine>
               <TextLine ID="zone-line_IRHT_P_008816_1-6"
                         BASELINE=""
                         HPOS="154"
                         VPOS="408"
                         WIDTH="1093"
                         HEIGHT="48">
                  <Shape>
                     <Polygon POINTS="154,408 1247,408 1247,456 154,456"/>
                  </Shape>
                  <String CONTENT="crificium ꝙͣ zelum animarum ꝙ si tanta sollicitu"
                          HPOS="154"
                          VPOS="408"
                          WIDTH="1093"
                          HEIGHT="48"/>
               </TextLine>
               <TextLine ID="zone-line_IRHT_P_008816_1-7"
                         BASELINE=""
                         HPOS="149"
                         VPOS="467"
                         WIDTH="1099"
                         HEIGHT="55">
                  <Shape>
                     <Polygon POINTS="149,467 1248,467 1248,522 149,522"/>
                  </Shape>
                  <String CONTENT="dinis inquietudine si tot uigiliis et curiis ĩmorta"
                          HPOS="149"
                          VPOS="467"
                          WIDTH="1099"
                          HEIGHT="55"/>
               </TextLine>
               <TextLine ID="zone-line_IRHT_P_008816_1-8"
                         BASELINE=""
                         HPOS="154"
                         VPOS="536"
                         WIDTH="1091"
                         HEIGHT="54">
                  <Shape>
                     <Polygon POINTS="154,536 1245,536 1245,590 154,590"/>
                  </Shape>
                  <String CONTENT="libus per media uite pericula querunt homines"
                          HPOS="154"
                          VPOS="536"
                          WIDTH="1091"
                          HEIGHT="54"/>
               </TextLine>
               <TextLine ID="zone-line_IRHT_P_008816_1-9"
                         BASELINE=""
                         HPOS="146"
                         VPOS="601"
                         WIDTH="1096"
                         HEIGHT="48">
                  <Shape>
                     <Polygon POINTS="146,601 1242,601 1242,649 146,649"/>
                  </Shape>
                  <String CONTENT="saluate res uanas iam iam perituras si collige"
                          HPOS="146"
                          VPOS="601"
                          WIDTH="1096"
                          HEIGHT="48"/>
               </TextLine>
               <TextLine ID="zone-line_IRHT_P_008816_1-10"
                         BASELINE=""
                         HPOS="144"
                         VPOS="668"
                         WIDTH="1091"
                         HEIGHT="53">
                  <Shape>
                     <Polygon POINTS="144,668 1235,668 1235,721 144,721"/>
                  </Shape>
                  <String CONTENT="re satagunt uiles terrenarũ opum sarcinulas"
                          HPOS="144"
                          VPOS="668"
                          WIDTH="1091"
                          HEIGHT="53"/>
               </TextLine>
               <TextLine ID="zone-line_IRHT_P_008816_1-11"
                         BASELINE=""
                         HPOS="142"
                         VPOS="733"
                         WIDTH="1071"
                         HEIGHT="47">
                  <Shape>
                     <Polygon POINTS="142,733 1213,733 1213,780 142,780"/>
                  </Shape>
                  <String CONTENT="quas apostolus arbitrabatur ut stercora et"
                          HPOS="142"
                          VPOS="733"
                          WIDTH="1071"
                          HEIGHT="47"/>
               </TextLine>
               <TextLine ID="zone-line_IRHT_P_008816_1-12"
                         BASELINE=""
                         HPOS="139"
                         VPOS="792"
                         WIDTH="1103"
                         HEIGHT="49">
                  <Shape>
                     <Polygon POINTS="139,792 1242,792 1242,841 139,841"/>
                  </Shape>
                  <String CONTENT="dum hec agunt laudantur ut industrii ut diligẽ"
                          HPOS="139"
                          VPOS="792"
                          WIDTH="1103"
                          HEIGHT="49"/>
               </TextLine>
               <TextLine ID="zone-line_IRHT_P_008816_1-13"
                         BASELINE=""
                         HPOS="141"
                         VPOS="846"
                         WIDTH="1102"
                         HEIGHT="54">
                  <Shape>
                     <Polygon POINTS="141,846 1243,846 1243,900 141,900"/>
                  </Shape>
                  <String CONTENT="tes ut officiosi et utiles rei publice uidete"
                          HPOS="141"
                          VPOS="846"
                          WIDTH="1102"
                          HEIGHT="54"/>
               </TextLine>
               <TextLine ID="zone-line_IRHT_P_008816_1-14"
                         BASELINE=""
                         HPOS="141"
                         VPOS="908"
                         WIDTH="1103"
                         HEIGHT="53">
                  <Shape>
                     <Polygon POINTS="141,908 1244,908 1244,961 141,961"/>
                  </Shape>
                  <String CONTENT="oro quanta est uel inhercia uel infidelitas de ani"
                          HPOS="141"
                          VPOS="908"
                          WIDTH="1103"
                          HEIGHT="53"/>
               </TextLine>
               <TextLine ID="zone-line_IRHT_P_008816_1-15"
                         BASELINE=""
                         HPOS="148"
                         VPOS="966"
                         WIDTH="1097"
                         HEIGHT="55">
                  <Shape>
                     <Polygon POINTS="148,966 1245,966 1245,1021 148,1021"/>
                  </Shape>
                  <String CONTENT="marum ĩmortalium salute non curare xp̃ianos"
                          HPOS="148"
                          VPOS="966"
                          WIDTH="1097"
                          HEIGHT="55"/>
               </TextLine>
               <TextLine ID="zone-line_IRHT_P_008816_1-16"
                         BASELINE=""
                         HPOS="133"
                         VPOS="1025"
                         WIDTH="1091"
                         HEIGHT="57">
                  <Shape>
                     <Polygon POINTS="133,1025 1224,1025 1224,1082 133,1082"/>
                  </Shape>
                  <String CONTENT="ymo qualis illa est impudentissima peruersi"
                          HPOS="133"
                          VPOS="1025"
                          WIDTH="1091"
                          HEIGHT="57"/>
               </TextLine>
               <TextLine ID="zone-line_IRHT_P_008816_1-17"
                         BASELINE=""
                         HPOS="140"
                         VPOS="1085"
                         WIDTH="1080"
                         HEIGHT="54">
                  <Shape>
                     <Polygon POINTS="140,1085 1220,1085 1220,1139 140,1139"/>
                  </Shape>
                  <String CONTENT="tas eos inculpare dñs q nunc apertis nunc"
                          HPOS="140"
                          VPOS="1085"
                          WIDTH="1080"
                          HEIGHT="54"/>
               </TextLine>
               <TextLine ID="zone-line_IRHT_P_008816_1-18"
                         BASELINE=""
                         HPOS="135"
                         VPOS="1136"
                         WIDTH="1109"
                         HEIGHT="46">
                  <Shape>
                     <Polygon POINTS="135,1136 1244,1136 1244,1182 135,1182"/>
                  </Shape>
                  <String CONTENT="occultis prepedire qui ducere paruulos satagũt"
                          HPOS="135"
                          VPOS="1136"
                          WIDTH="1109"
                          HEIGHT="46"/>
               </TextLine>
            </TextBlock>
         </PrintSpace>
      </Page>
   </Layout>
</alto>
