<?xml version="1.0" encoding="UTF-8"?>
<alto xmlns="http://www.loc.gov/standards/alto/ns-v4#"
      xmlns:xsi="http://www.w3.org/2001/XMLSchema-instance"
      xmlns:tei="http://www.tei-c.org/ns/1.0"
      xsi:schemaLocation="http://www.loc.gov/standards/alto/ns-v4# ../schema/alto.xsd">
   <Description>
      <MeasurementUnit>pixel</MeasurementUnit>
      <sourceImageInformation>
         <fileName>IRHT_P_001216.tif</fileName>
      </sourceImageInformation>
   </Description>
   <Layout>
      <Page ID="zone-page_IRHT_P_001216"
            PHYSICAL_IMG_NR="0"
            WIDTH="1800"
            HEIGHT="1339">
         <PrintSpace HPOS="0" VPOS="0" WIDTH="1800" HEIGHT="1339">
            <TextBlock HPOS="235"
                       VPOS="34"
                       WIDTH="1511"
                       HEIGHT="1241"
                       ID="zone-col_IRHT_P_001216_1">
               <Shape>
                  <Polygon POINTS="235,34 1746,34 1746,1275 235,1275"/>
               </Shape>
               <TextLine ID="zone-line_IRHT_P_001216_1-1"
                         BASELINE=""
                         HPOS="408"
                         VPOS="109"
                         WIDTH="1291"
                         HEIGHT="63">
                  <Shape>
                     <Polygon POINTS="408,109 1699,109 1699,172 408,172"/>
                  </Shape>
                  <String CONTENT="hoc ĩ nõe dñi admonem᷒ qͣntũ posum᷒ &amp; cipim᷒"
                          HPOS="408"
                          VPOS="109"
                          WIDTH="1291"
                          HEIGHT="63"/>
               </TextLine>
               <TextLine ID="zone-line_IRHT_P_001216_1-2"
                         BASELINE=""
                         HPOS="396"
                         VPOS="209"
                         WIDTH="1307"
                         HEIGHT="40">
                  <Shape>
                     <Polygon POINTS="396,209 1703,209 1703,249 396,249"/>
                  </Shape>
                  <String CONTENT="ut qnͦ auditis exponi sacͣm̃tũ scͥpt᷑ę narranti"
                          HPOS="396"
                          VPOS="209"
                          WIDTH="1307"
                          HEIGHT="40"/>
               </TextLine>
               <TextLine ID="zone-line_IRHT_P_001216_1-3"
                         BASELINE=""
                         HPOS="403"
                         VPOS="293"
                         WIDTH="1279"
                         HEIGHT="46">
                  <Shape>
                     <Polygon POINTS="403,293 1682,293 1682,339 403,339"/>
                  </Shape>
                  <String CONTENT="quę gesta s̃ prius illud q̃d lectũ ẽ credatis"
                          HPOS="403"
                          VPOS="293"
                          WIDTH="1279"
                          HEIGHT="46"/>
               </TextLine>
               <TextLine ID="zone-line_IRHT_P_001216_1-4"
                         BASELINE=""
                         HPOS="399"
                         VPOS="393"
                         WIDTH="1347"
                         HEIGHT="43">
                  <Shape>
                     <Polygon POINTS="399,393 1746,393 1746,436 399,436"/>
                  </Shape>
                  <String CONTENT="sic gestũ qͦmͦ lectũ ẽ ne subtracto fundam̃to"
                          HPOS="399"
                          VPOS="393"
                          WIDTH="1347"
                          HEIGHT="43"/>
               </TextLine>
               <TextLine ID="zone-line_IRHT_P_001216_1-5"
                         BASELINE=""
                         HPOS="401"
                         VPOS="492"
                         WIDTH="1226"
                         HEIGHT="63">
                  <Shape>
                     <Polygon POINTS="401,492 1627,492 1627,555 401,555"/>
                  </Shape>
                  <String CONTENT="rei gestę qͣsi in aere quaerati edificare"
                          HPOS="401"
                          VPOS="492"
                          WIDTH="1226"
                          HEIGHT="63"/>
               </TextLine>
               <TextLine ID="zone-line_IRHT_P_001216_1-6"
                         BASELINE=""
                         HPOS="302"
                         VPOS="583"
                         WIDTH="1430"
                         HEIGHT="67">
                  <Shape>
                     <Polygon POINTS="302,583 1732,583 1732,650 302,650"/>
                  </Shape>
                  <String CONTENT="abrahã pat̃ nr̃ homo erat illis tẽporib fid̃li"
                          HPOS="302"
                          VPOS="583"
                          WIDTH="1430"
                          HEIGHT="67"/>
               </TextLine>
               <TextLine ID="zone-line_IRHT_P_001216_1-7"
                         BASELINE=""
                         HPOS="379"
                         VPOS="668"
                         WIDTH="1318"
                         HEIGHT="61">
                  <Shape>
                     <Polygon POINTS="379,668 1697,668 1697,729 379,729"/>
                  </Shape>
                  <String CONTENT="credens d̃o iustificat᷒ ex fide sic̃ script᷑a dic̃"
                          HPOS="379"
                          VPOS="668"
                          WIDTH="1318"
                          HEIGHT="61"/>
               </TextLine>
               <TextLine ID="zone-line_IRHT_P_001216_1-8"
                         BASELINE=""
                         HPOS="369"
                         VPOS="762"
                         WIDTH="1338"
                         HEIGHT="61">
                  <Shape>
                     <Polygon POINTS="369,762 1707,762 1707,823 369,823"/>
                  </Shape>
                  <String CONTENT="&amp; uet᷒ &amp; noua suscep̃ filiũ de sara uxore"
                          HPOS="369"
                          VPOS="762"
                          WIDTH="1338"
                          HEIGHT="61"/>
               </TextLine>
               <TextLine ID="zone-line_IRHT_P_001216_1-9"
                         BASELINE=""
                         HPOS="377"
                         VPOS="850"
                         WIDTH="1303"
                         HEIGHT="68">
                  <Shape>
                     <Polygon POINTS="377,850 1680,850 1680,918 377,918"/>
                  </Shape>
                  <String CONTENT="iã in senectute utͥsq c̃stituti ex magna"
                          HPOS="377"
                          VPOS="850"
                          WIDTH="1303"
                          HEIGHT="68"/>
               </TextLine>
               <TextLine ID="zone-line_IRHT_P_001216_1-10"
                         BASELINE=""
                         HPOS="396"
                         VPOS="938"
                         WIDTH="1272"
                         HEIGHT="64">
                  <Shape>
                     <Polygon POINTS="396,938 1668,938 1668,1002 396,1002"/>
                  </Shape>
                  <String CONTENT="desꝑatiõe s scd̃m hominẽ qͥd aut̃ de deo ñ"
                          HPOS="396"
                          VPOS="938"
                          WIDTH="1272"
                          HEIGHT="64"/>
               </TextLine>
               <TextLine ID="zone-line_IRHT_P_001216_1-11"
                         BASELINE=""
                         HPOS="403"
                         VPOS="1027"
                         WIDTH="1324"
                         HEIGHT="71">
                  <Shape>
                     <Polygon POINTS="403,1027 1727,1027 1727,1098 403,1098"/>
                  </Shape>
                  <String CONTENT="sꝑandũ cui nichil difficile ẽ qͥ sic fac̃ magna"
                          HPOS="403"
                          VPOS="1027"
                          WIDTH="1324"
                          HEIGHT="71"/>
               </TextLine>
               <TextLine ID="zone-line_IRHT_P_001216_1-12"
                         BASELINE=""
                         HPOS="391"
                         VPOS="1111"
                         WIDTH="1320"
                         HEIGHT="71">
                  <Shape>
                     <Polygon POINTS="391,1111 1711,1111 1711,1182 391,1182"/>
                  </Shape>
                  <String CONTENT="quomͦ parua sic suscitat mortuo qͦmͦ creat"
                          HPOS="391"
                          VPOS="1111"
                          WIDTH="1320"
                          HEIGHT="71"/>
               </TextLine>
               <TextLine ID="zone-line_IRHT_P_001216_1-13"
                         BASELINE=""
                         HPOS="352"
                         VPOS="1194"
                         WIDTH="1335"
                         HEIGHT="81">
                  <Shape>
                     <Polygon POINTS="352,1194 1687,1194 1687,1275 352,1275"/>
                  </Shape>
                  <String CONTENT="uiuos si pictor eadẽ arte fac̃ murem"
                          HPOS="352"
                          VPOS="1194"
                          WIDTH="1335"
                          HEIGHT="81"/>
               </TextLine>
            </TextBlock>
         </PrintSpace>
      </Page>
   </Layout>
</alto>
