<?xml version="1.0" encoding="UTF-8"?>
<alto xmlns="http://www.loc.gov/standards/alto/ns-v4#"
      xmlns:xsi="http://www.w3.org/2001/XMLSchema-instance"
      xmlns:tei="http://www.tei-c.org/ns/1.0"
      xsi:schemaLocation="http://www.loc.gov/standards/alto/ns-v4# ../schema/alto.xsd">
   <Description>
      <MeasurementUnit>pixel</MeasurementUnit>
      <sourceImageInformation>
         <fileName>IRHT_P_001766.tif</fileName>
      </sourceImageInformation>
   </Description>
   <Layout>
      <Page ID="zone-page_IRHT_P_001766"
            PHYSICAL_IMG_NR="0"
            WIDTH="1851"
            HEIGHT="1339">
         <PrintSpace HPOS="0" VPOS="0" WIDTH="1851" HEIGHT="1339">
            <TextBlock HPOS="133"
                       VPOS="42"
                       WIDTH="1300"
                       HEIGHT="1279"
                       ID="zone-col_IRHT_P_001766_1">
               <Shape>
                  <Polygon POINTS="133,42 1433,42 1433,1321 133,1321"/>
               </Shape>
               <TextLine ID="zone-line_IRHT_P_001766_1-1"
                         BASELINE=""
                         HPOS="141"
                         VPOS="134"
                         WIDTH="1279"
                         HEIGHT="137">
                  <Shape>
                     <Polygon POINTS="141,134 1420,134 1420,271 141,271"/>
                  </Shape>
                  <String CONTENT="gelii secundu matheum ix"
                          HPOS="141"
                          VPOS="134"
                          WIDTH="1279"
                          HEIGHT="137"/>
               </TextLine>
               <TextLine ID="zone-line_IRHT_P_001766_1-2"
                         BASELINE=""
                         HPOS="194"
                         VPOS="266"
                         WIDTH="1124"
                         HEIGHT="122">
                  <Shape>
                     <Polygon POINTS="194,266 1318,266 1318,388 194,388"/>
                  </Shape>
                  <String CONTENT="in illo tp̃re angl̃s dñi"
                          HPOS="194"
                          VPOS="266"
                          WIDTH="1124"
                          HEIGHT="122"/>
               </TextLine>
               <TextLine ID="zone-line_IRHT_P_001766_1-3"
                         BASELINE=""
                         HPOS="146"
                         VPOS="421"
                         WIDTH="1286"
                         HEIGHT="127">
                  <Shape>
                     <Polygon POINTS="146,421 1432,421 1432,548 146,548"/>
                  </Shape>
                  <String CONTENT="apparuit in sõnis ioseph"
                          HPOS="146"
                          VPOS="421"
                          WIDTH="1286"
                          HEIGHT="127"/>
               </TextLine>
               <TextLine ID="zone-line_IRHT_P_001766_1-4"
                         BASELINE=""
                         HPOS="213"
                         VPOS="578"
                         WIDTH="1137"
                         HEIGHT="119">
                  <Shape>
                     <Polygon POINTS="213,578 1350,578 1350,697 213,697"/>
                  </Shape>
                  <String CONTENT="dicẽs surge  accipe"
                          HPOS="213"
                          VPOS="578"
                          WIDTH="1137"
                          HEIGHT="119"/>
               </TextLine>
               <TextLine ID="zone-line_IRHT_P_001766_1-5"
                         BASELINE=""
                         HPOS="191"
                         VPOS="729"
                         WIDTH="1162"
                         HEIGHT="123">
                  <Shape>
                     <Polygon POINTS="191,729 1353,729 1353,852 191,852"/>
                  </Shape>
                  <String CONTENT="puerũ et matrẽ eius "
                          HPOS="191"
                          VPOS="729"
                          WIDTH="1162"
                          HEIGHT="123"/>
               </TextLine>
               <TextLine ID="zone-line_IRHT_P_001766_1-6"
                         BASELINE=""
                         HPOS="133"
                         VPOS="895"
                         WIDTH="1219"
                         HEIGHT="112">
                  <Shape>
                     <Polygon POINTS="133,895 1352,895 1352,1007 133,1007"/>
                  </Shape>
                  <String CONTENT="fuge in egiptũ  esto ibi"
                          HPOS="133"
                          VPOS="895"
                          WIDTH="1219"
                          HEIGHT="112"/>
               </TextLine>
               <TextLine ID="zone-line_IRHT_P_001766_1-7"
                         BASELINE=""
                         HPOS="135"
                         VPOS="1056"
                         WIDTH="1263"
                         HEIGHT="105">
                  <Shape>
                     <Polygon POINTS="135,1056 1398,1056 1398,1161 135,1161"/>
                  </Shape>
                  <String CONTENT="usq dũ dicam tibi et rel̃"
                          HPOS="135"
                          VPOS="1056"
                          WIDTH="1263"
                          HEIGHT="105"/>
               </TextLine>
               <TextLine ID="zone-line_IRHT_P_001766_1-8"
                         BASELINE=""
                         HPOS="156"
                         VPOS="1242"
                         WIDTH="1160"
                         HEIGHT="63">
                  <Shape>
                     <Polygon POINTS="156,1242 1316,1242 1316,1305 156,1305"/>
                  </Shape>
                  <String CONTENT="homelia lectiõis eiusdem"
                          HPOS="156"
                          VPOS="1242"
                          WIDTH="1160"
                          HEIGHT="63"/>
               </TextLine>
            </TextBlock>
            <TextBlock HPOS="1446"
                       VPOS="103"
                       WIDTH="348"
                       HEIGHT="1228"
                       ID="zone-col_IRHT_P_001766_2">
               <Shape>
                  <Polygon POINTS="1446,103 1794,103 1794,1331 1446,1331"/>
               </Shape>
               <TextLine ID="zone-line_IRHT_P_001766_2-1"
                         BASELINE=""
                         HPOS="1512"
                         VPOS="103"
                         WIDTH="233"
                         HEIGHT="116">
                  <Shape>
                     <Polygon POINTS="1512,103 1745,103 1745,219 1512,219"/>
                  </Shape>
                  <String CONTENT="in xp"
                          HPOS="1512"
                          VPOS="103"
                          WIDTH="233"
                          HEIGHT="116"/>
               </TextLine>
               <TextLine ID="zone-line_IRHT_P_001766_2-2"
                         BASELINE=""
                         HPOS="1464"
                         VPOS="252"
                         WIDTH="291"
                         HEIGHT="133">
                  <Shape>
                     <Polygon POINTS="1464,252 1755,252 1755,385 1464,385"/>
                  </Shape>
                  <String CONTENT="ma"
                          HPOS="1464"
                          VPOS="252"
                          WIDTH="291"
                          HEIGHT="133"/>
               </TextLine>
               <TextLine ID="zone-line_IRHT_P_001766_2-3"
                         BASELINE=""
                         HPOS="1538"
                         VPOS="409"
                         WIDTH="242"
                         HEIGHT="123">
                  <Shape>
                     <Polygon POINTS="1538,409 1780,409 1780,532 1538,532"/>
                  </Shape>
                  <String CONTENT="mari"
                          HPOS="1538"
                          VPOS="409"
                          WIDTH="242"
                          HEIGHT="123"/>
               </TextLine>
               <TextLine ID="zone-line_IRHT_P_001766_2-4"
                         BASELINE=""
                         HPOS="1460"
                         VPOS="569"
                         WIDTH="334"
                         HEIGHT="130">
                  <Shape>
                     <Polygon POINTS="1460,569 1794,569 1794,699 1460,699"/>
                  </Shape>
                  <String CONTENT="ũ fid"
                          HPOS="1460"
                          VPOS="569"
                          WIDTH="334"
                          HEIGHT="130"/>
               </TextLine>
               <TextLine ID="zone-line_IRHT_P_001766_2-5"
                         BASELINE=""
                         HPOS="1538"
                         VPOS="721"
                         WIDTH="241"
                         HEIGHT="122">
                  <Shape>
                     <Polygon POINTS="1538,721 1779,721 1779,843 1538,843"/>
                  </Shape>
                  <String CONTENT="mẽ e"
                          HPOS="1538"
                          VPOS="721"
                          WIDTH="241"
                          HEIGHT="122"/>
               </TextLine>
               <TextLine ID="zone-line_IRHT_P_001766_2-6"
                         BASELINE=""
                         HPOS="1530"
                         VPOS="890"
                         WIDTH="264"
                         HEIGHT="124">
                  <Shape>
                     <Polygon POINTS="1530,890 1794,890 1794,1014 1530,1014"/>
                  </Shape>
                  <String CONTENT="ꝑ pro"
                          HPOS="1530"
                          VPOS="890"
                          WIDTH="264"
                          HEIGHT="124"/>
               </TextLine>
               <TextLine ID="zone-line_IRHT_P_001766_2-7"
                         BASELINE=""
                         HPOS="1543"
                         VPOS="1042"
                         WIDTH="244"
                         HEIGHT="114">
                  <Shape>
                     <Polygon POINTS="1543,1042 1787,1042 1787,1156 1543,1156"/>
                  </Shape>
                  <String CONTENT="redd"
                          HPOS="1543"
                          VPOS="1042"
                          WIDTH="244"
                          HEIGHT="114"/>
               </TextLine>
               <TextLine ID="zone-line_IRHT_P_001766_2-8"
                         BASELINE=""
                         HPOS="1572"
                         VPOS="1209"
                         WIDTH="216"
                         HEIGHT="122">
                  <Shape>
                     <Polygon POINTS="1572,1209 1788,1209 1788,1331 1572,1331"/>
                  </Shape>
                  <String CONTENT="ram"
                          HPOS="1572"
                          VPOS="1209"
                          WIDTH="216"
                          HEIGHT="122"/>
               </TextLine>
            </TextBlock>
         </PrintSpace>
      </Page>
   </Layout>
</alto>
