<?xml version="1.0" encoding="UTF-8"?>
<alto xmlns="http://www.loc.gov/standards/alto/ns-v4#"
      xmlns:xsi="http://www.w3.org/2001/XMLSchema-instance"
      xmlns:tei="http://www.tei-c.org/ns/1.0"
      xsi:schemaLocation="http://www.loc.gov/standards/alto/ns-v4# ../schema/alto.xsd">
   <Description>
      <MeasurementUnit>pixel</MeasurementUnit>
      <sourceImageInformation>
         <fileName>IRHT_P_009180.tif</fileName>
      </sourceImageInformation>
   </Description>
   <Layout>
      <Page ID="zone-page_IRHT_P_009180"
            PHYSICAL_IMG_NR="0"
            WIDTH="1208"
            HEIGHT="1721">
         <PrintSpace HPOS="0" VPOS="0" WIDTH="1208" HEIGHT="1721">
            <TextBlock HPOS="248"
                       VPOS="19"
                       WIDTH="897"
                       HEIGHT="1654"
                       ID="zone-col_IRHT_P_009180_1">
               <Shape>
                  <Polygon POINTS="248,19 1145,19 1145,1673 248,1673"/>
               </Shape>
               <TextLine ID="zone-line_IRHT_P_009180_1-1"
                         BASELINE=""
                         HPOS="310"
                         VPOS="19"
                         WIDTH="822"
                         HEIGHT="87">
                  <Shape>
                     <Polygon POINTS="310,19 1132,19 1132,106 310,106"/>
                  </Shape>
                  <String CONTENT="oratio sancti ambrosii que"
                          HPOS="310"
                          VPOS="19"
                          WIDTH="822"
                          HEIGHT="87"/>
               </TextLine>
               <TextLine ID="zone-line_IRHT_P_009180_1-2"
                         BASELINE=""
                         HPOS="270"
                         VPOS="131"
                         WIDTH="688"
                         HEIGHT="61">
                  <Shape>
                     <Polygon POINTS="270,131 958,131 958,192 270,192"/>
                  </Shape>
                  <String CONTENT="debet dici ante missam"
                          HPOS="270"
                          VPOS="131"
                          WIDTH="688"
                          HEIGHT="61"/>
               </TextLine>
               <TextLine ID="zone-line_IRHT_P_009180_1-3"
                         BASELINE=""
                         HPOS="639"
                         VPOS="260"
                         WIDTH="477"
                         HEIGHT="70">
                  <Shape>
                     <Polygon POINTS="639,260 1116,260 1116,330 639,330"/>
                  </Shape>
                  <String CONTENT="summe sacerdos"
                          HPOS="639"
                          VPOS="260"
                          WIDTH="477"
                          HEIGHT="70"/>
               </TextLine>
               <TextLine ID="zone-line_IRHT_P_009180_1-4"
                         BASELINE=""
                         HPOS="638"
                         VPOS="367"
                         WIDTH="472"
                         HEIGHT="75">
                  <Shape>
                     <Polygon POINTS="638,367 1110,367 1110,442 638,442"/>
                  </Shape>
                  <String CONTENT="et uere pontifex"
                          HPOS="638"
                          VPOS="367"
                          WIDTH="472"
                          HEIGHT="75"/>
               </TextLine>
               <TextLine ID="zone-line_IRHT_P_009180_1-5"
                         BASELINE=""
                         HPOS="590"
                         VPOS="475"
                         WIDTH="544"
                         HEIGHT="94">
                  <Shape>
                     <Polygon POINTS="590,475 1134,475 1134,569 590,569"/>
                  </Shape>
                  <String CONTENT="qui te obtulisti"
                          HPOS="590"
                          VPOS="475"
                          WIDTH="544"
                          HEIGHT="94"/>
               </TextLine>
               <TextLine ID="zone-line_IRHT_P_009180_1-6"
                         BASELINE=""
                         HPOS="262"
                         VPOS="588"
                         WIDTH="854"
                         HEIGHT="77">
                  <Shape>
                     <Polygon POINTS="262,588 1116,588 1116,665 262,665"/>
                  </Shape>
                  <String CONTENT="deo patri hostiam puram et"
                          HPOS="262"
                          VPOS="588"
                          WIDTH="854"
                          HEIGHT="77"/>
               </TextLine>
               <TextLine ID="zone-line_IRHT_P_009180_1-7"
                         BASELINE=""
                         HPOS="248"
                         VPOS="703"
                         WIDTH="878"
                         HEIGHT="73">
                  <Shape>
                     <Polygon POINTS="248,703 1126,703 1126,776 248,776"/>
                  </Shape>
                  <String CONTENT="immaculatam in ara crucis"
                          HPOS="248"
                          VPOS="703"
                          WIDTH="878"
                          HEIGHT="73"/>
               </TextLine>
               <TextLine ID="zone-line_IRHT_P_009180_1-8"
                         BASELINE=""
                         HPOS="274"
                         VPOS="815"
                         WIDTH="854"
                         HEIGHT="80">
                  <Shape>
                     <Polygon POINTS="274,815 1128,815 1128,895 274,895"/>
                  </Shape>
                  <String CONTENT="pro nobis miseris pcc̃oribus"
                          HPOS="274"
                          VPOS="815"
                          WIDTH="854"
                          HEIGHT="80"/>
               </TextLine>
               <TextLine ID="zone-line_IRHT_P_009180_1-9"
                         BASELINE=""
                         HPOS="260"
                         VPOS="924"
                         WIDTH="869"
                         HEIGHT="80">
                  <Shape>
                     <Polygon POINTS="260,924 1129,924 1129,1004 260,1004"/>
                  </Shape>
                  <String CONTENT="quiq dedisti nobis carnem"
                          HPOS="260"
                          VPOS="924"
                          WIDTH="869"
                          HEIGHT="80"/>
               </TextLine>
               <TextLine ID="zone-line_IRHT_P_009180_1-10"
                         BASELINE=""
                         HPOS="253"
                         VPOS="1036"
                         WIDTH="877"
                         HEIGHT="77">
                  <Shape>
                     <Polygon POINTS="253,1036 1130,1036 1130,1113 253,1113"/>
                  </Shape>
                  <String CONTENT="tuam ad manducandum"
                          HPOS="253"
                          VPOS="1036"
                          WIDTH="877"
                          HEIGHT="77"/>
               </TextLine>
               <TextLine ID="zone-line_IRHT_P_009180_1-11"
                         BASELINE=""
                         HPOS="255"
                         VPOS="1138"
                         WIDTH="861"
                         HEIGHT="84">
                  <Shape>
                     <Polygon POINTS="255,1138 1116,1138 1116,1222 255,1222"/>
                  </Shape>
                  <String CONTENT="et sanguinem tuũ ad biben"
                          HPOS="255"
                          VPOS="1138"
                          WIDTH="861"
                          HEIGHT="84"/>
               </TextLine>
               <TextLine ID="zone-line_IRHT_P_009180_1-12"
                         BASELINE=""
                         HPOS="253"
                         VPOS="1252"
                         WIDTH="850"
                         HEIGHT="80">
                  <Shape>
                     <Polygon POINTS="253,1252 1103,1252 1103,1332 253,1332"/>
                  </Shape>
                  <String CONTENT="dum et posuisti misterium"
                          HPOS="253"
                          VPOS="1252"
                          WIDTH="850"
                          HEIGHT="80"/>
               </TextLine>
               <TextLine ID="zone-line_IRHT_P_009180_1-13"
                         BASELINE=""
                         HPOS="247"
                         VPOS="1358"
                         WIDTH="898"
                         HEIGHT="88">
                  <Shape>
                     <Polygon POINTS="247,1358 1145,1358 1145,1446 247,1446"/>
                  </Shape>
                  <String CONTENT="istud in uirtute spiritus sãcti"
                          HPOS="247"
                          VPOS="1358"
                          WIDTH="898"
                          HEIGHT="88"/>
               </TextLine>
               <TextLine ID="zone-line_IRHT_P_009180_1-14"
                         BASELINE=""
                         HPOS="252"
                         VPOS="1467"
                         WIDTH="877"
                         HEIGHT="98">
                  <Shape>
                     <Polygon POINTS="252,1467 1129,1467 1129,1565 252,1565"/>
                  </Shape>
                  <String CONTENT="dicens hec quocienscũq fe"
                          HPOS="252"
                          VPOS="1467"
                          WIDTH="877"
                          HEIGHT="98"/>
               </TextLine>
               <TextLine ID="zone-line_IRHT_P_009180_1-15"
                         BASELINE=""
                         HPOS="255"
                         VPOS="1579"
                         WIDTH="879"
                         HEIGHT="92">
                  <Shape>
                     <Polygon POINTS="255,1579 1134,1579 1134,1671 255,1671"/>
                  </Shape>
                  <String CONTENT="ceritis in mei memoriam fa"
                          HPOS="255"
                          VPOS="1579"
                          WIDTH="879"
                          HEIGHT="92"/>
               </TextLine>
            </TextBlock>
         </PrintSpace>
      </Page>
   </Layout>
</alto>
