<?xml version="1.0" encoding="UTF-8"?>
<alto xmlns="http://www.loc.gov/standards/alto/ns-v4#"
      xmlns:xsi="http://www.w3.org/2001/XMLSchema-instance"
      xmlns:tei="http://www.tei-c.org/ns/1.0"
      xsi:schemaLocation="http://www.loc.gov/standards/alto/ns-v4# ../schema/alto.xsd">
   <Description>
      <MeasurementUnit>pixel</MeasurementUnit>
      <sourceImageInformation>
         <fileName>IRHT_P_004944.tif</fileName>
      </sourceImageInformation>
   </Description>
   <Layout>
      <Page ID="zone-page_IRHT_P_004944"
            PHYSICAL_IMG_NR="0"
            WIDTH="1857"
            HEIGHT="1392">
         <PrintSpace HPOS="0" VPOS="0" WIDTH="1857" HEIGHT="1392">
            <TextBlock HPOS="90"
                       VPOS="57"
                       WIDTH="949"
                       HEIGHT="1298"
                       ID="zone-col_IRHT_P_004944_1">
               <Shape>
                  <Polygon POINTS="90,57 1039,57 1039,1355 90,1355"/>
               </Shape>
               <TextLine ID="zone-line_IRHT_P_004944_1-1"
                         BASELINE=""
                         HPOS="162"
                         VPOS="156"
                         WIDTH="786"
                         HEIGHT="54">
                  <Shape>
                     <Polygon POINTS="162,156 948,156 948,210 162,210"/>
                  </Shape>
                  <String CONTENT="utrũ talia ob̃a ꝯ c̃ꝯstãciis talibb sͨ"
                          HPOS="162"
                          VPOS="156"
                          WIDTH="786"
                          HEIGHT="54"/>
               </TextLine>
               <TextLine ID="zone-line_IRHT_P_004944_1-2"
                         BASELINE=""
                         HPOS="153"
                         VPOS="226"
                         WIDTH="775"
                         HEIGHT="53">
                  <Shape>
                     <Polygon POINTS="153,226 928,226 928,279 153,279"/>
                  </Shape>
                  <String CONTENT="sint d̃isa s. ꝙ aliqͥs sic ẽ dispoĩt᷒"
                          HPOS="153"
                          VPOS="226"
                          WIDTH="775"
                          HEIGHT="53"/>
               </TextLine>
               <TextLine ID="zone-line_IRHT_P_004944_1-3"
                         BASELINE=""
                         HPOS="156"
                         VPOS="293"
                         WIDTH="790"
                         HEIGHT="56">
                  <Shape>
                     <Polygon POINTS="156,293 946,293 946,349 156,349"/>
                  </Shape>
                  <String CONTENT="ꝙ tale bonũ nõ fac̃et ꝯtemplacõne"
                          HPOS="156"
                          VPOS="293"
                          WIDTH="790"
                          HEIGHT="56"/>
               </TextLine>
               <TextLine ID="zone-line_IRHT_P_004944_1-4"
                         BASELINE=""
                         HPOS="156"
                         VPOS="364"
                         WIDTH="808"
                         HEIGHT="53">
                  <Shape>
                     <Polygon POINTS="156,364 964,364 964,417 156,417"/>
                  </Shape>
                  <String CONTENT="minoris boni ul̃ mali s solũ cõ"
                          HPOS="156"
                          VPOS="364"
                          WIDTH="808"
                          HEIGHT="53"/>
               </TextLine>
               <TextLine ID="zone-line_IRHT_P_004944_1-5"
                         BASELINE=""
                         HPOS="161"
                         VPOS="437"
                         WIDTH="794"
                         HEIGHT="57">
                  <Shape>
                     <Polygon POINTS="161,437 955,437 955,494 161,494"/>
                  </Shape>
                  <String CONTENT="tẽplatõne maioris puta ꝓ uitãdo"
                          HPOS="161"
                          VPOS="437"
                          WIDTH="794"
                          HEIGHT="57"/>
               </TextLine>
               <TextLine ID="zone-line_IRHT_P_004944_1-6"
                         BASELINE=""
                         HPOS="159"
                         VPOS="500"
                         WIDTH="783"
                         HEIGHT="56">
                  <Shape>
                     <Polygon POINTS="159,500 942,500 942,556 159,556"/>
                  </Shape>
                  <String CONTENT="dãpno xii d̃ nõ iret ad eccam s"
                          HPOS="159"
                          VPOS="500"
                          WIDTH="783"
                          HEIGHT="56"/>
               </TextLine>
               <TextLine ID="zone-line_IRHT_P_004944_1-7"
                         BASELINE=""
                         HPOS="155"
                         VPOS="564"
                         WIDTH="800"
                         HEIGHT="57">
                  <Shape>
                     <Polygon POINTS="155,564 955,564 955,621 155,621"/>
                  </Shape>
                  <String CONTENT="ꝓ uitãda una ũb̃atõne ĩ capitl̃o"
                          HPOS="155"
                          VPOS="564"
                          WIDTH="800"
                          HEIGHT="57"/>
               </TextLine>
               <TextLine ID="zone-line_IRHT_P_004944_1-8"
                         BASELINE=""
                         HPOS="161"
                         VPOS="636"
                         WIDTH="809"
                         HEIGHT="52">
                  <Shape>
                     <Polygon POINTS="161,636 970,636 970,688 161,688"/>
                  </Shape>
                  <String CONTENT="bñ iret ali᷒ aut̃ sic est dispoĩt᷒ ꝙ tl̃e"
                          HPOS="161"
                          VPOS="636"
                          WIDTH="809"
                          HEIGHT="52"/>
               </TextLine>
               <TextLine ID="zone-line_IRHT_P_004944_1-9"
                         BASELINE=""
                         HPOS="164"
                         VPOS="705"
                         WIDTH="796"
                         HEIGHT="50">
                  <Shape>
                     <Polygon POINTS="164,705 960,705 960,755 164,755"/>
                  </Shape>
                  <String CONTENT="bonũ opus nõ fac̃et ꝯtẽplatõne"
                          HPOS="164"
                          VPOS="705"
                          WIDTH="796"
                          HEIGHT="50"/>
               </TextLine>
               <TextLine ID="zone-line_IRHT_P_004944_1-10"
                         BASELINE=""
                         HPOS="173"
                         VPOS="769"
                         WIDTH="790"
                         HEIGHT="51">
                  <Shape>
                     <Polygon POINTS="173,769 963,769 963,820 173,820"/>
                  </Shape>
                  <String CONTENT="maioris boni ul̃ mali s solũ mi"
                          HPOS="173"
                          VPOS="769"
                          WIDTH="790"
                          HEIGHT="51"/>
               </TextLine>
               <TextLine ID="zone-line_IRHT_P_004944_1-11"
                         BASELINE=""
                         HPOS="168"
                         VPOS="831"
                         WIDTH="799"
                         HEIGHT="54">
                  <Shape>
                     <Polygon POINTS="168,831 967,831 967,885 168,885"/>
                  </Shape>
                  <String CONTENT="noris puta ꝓ uitãda una ũb̃atõe"
                          HPOS="168"
                          VPOS="831"
                          WIDTH="799"
                          HEIGHT="54"/>
               </TextLine>
               <TextLine ID="zone-line_IRHT_P_004944_1-12"
                         BASELINE=""
                         HPOS="167"
                         VPOS="898"
                         WIDTH="790"
                         HEIGHT="51">
                  <Shape>
                     <Polygon POINTS="167,898 957,898 957,949 167,949"/>
                  </Shape>
                  <String CONTENT="ĩ capl̃o nõ iret s ꝓ uitãdo dãpno"
                          HPOS="167"
                          VPOS="898"
                          WIDTH="790"
                          HEIGHT="51"/>
               </TextLine>
               <TextLine ID="zone-line_IRHT_P_004944_1-13"
                         BASELINE=""
                         HPOS="161"
                         VPOS="965"
                         WIDTH="819"
                         HEIGHT="50">
                  <Shape>
                     <Polygon POINTS="161,965 980,965 980,1015 161,1015"/>
                  </Shape>
                  <String CONTENT="amusionis xii d̃ bñ iret l ñ sine"
                          HPOS="161"
                          VPOS="965"
                          WIDTH="819"
                          HEIGHT="50"/>
               </TextLine>
               <TextLine ID="zone-line_IRHT_P_004944_1-14"
                         BASELINE=""
                         HPOS="160"
                         VPOS="1029"
                         WIDTH="798"
                         HEIGHT="48">
                  <Shape>
                     <Polygon POINTS="160,1029 958,1029 958,1077 160,1077"/>
                  </Shape>
                  <String CONTENT="alt̃o illoꝝ nã sic̃ ob̃a apud diũsos"
                          HPOS="160"
                          VPOS="1029"
                          WIDTH="798"
                          HEIGHT="48"/>
               </TextLine>
               <TextLine ID="zone-line_IRHT_P_004944_1-15"
                         BASELINE=""
                         HPOS="172"
                         VPOS="1097"
                         WIDTH="784"
                         HEIGHT="51">
                  <Shape>
                     <Polygon POINTS="172,1097 956,1097 956,1148 172,1148"/>
                  </Shape>
                  <String CONTENT="sic h̃nt diũsas c̃ꝯstãcias ita ꝙ iͤ"
                          HPOS="172"
                          VPOS="1097"
                          WIDTH="784"
                          HEIGHT="51"/>
               </TextLine>
               <TextLine ID="zone-line_IRHT_P_004944_1-16"
                         BASELINE=""
                         HPOS="164"
                         VPOS="1167"
                         WIDTH="824"
                         HEIGHT="53">
                  <Shape>
                     <Polygon POINTS="164,1167 988,1167 988,1220 164,1220"/>
                  </Shape>
                  <String CONTENT="h̃t ob̃m ꝯ tali c̃ꝯstancia ille uero"
                          HPOS="164"
                          VPOS="1167"
                          WIDTH="824"
                          HEIGHT="53"/>
               </TextLine>
               <TextLine ID="zone-line_IRHT_P_004944_1-17"
                         BASELINE=""
                         HPOS="157"
                         VPOS="1230"
                         WIDTH="798"
                         HEIGHT="51">
                  <Shape>
                     <Polygon POINTS="157,1230 955,1230 955,1281 157,1281"/>
                  </Shape>
                  <String CONTENT="alia tũc facilr̃ pot̃im᷒ ꝯꝑare act᷒"
                          HPOS="157"
                          VPOS="1230"
                          WIDTH="798"
                          HEIGHT="51"/>
               </TextLine>
               <TextLine ID="zone-line_IRHT_P_004944_1-18"
                         BASELINE=""
                         HPOS="157"
                         VPOS="1292"
                         WIDTH="831"
                         HEIGHT="63">
                  <Shape>
                     <Polygon POINTS="157,1292 988,1292 988,1355 157,1355"/>
                  </Shape>
                  <String CONTENT="ad ĩuicẽ si uõ c̃ꝯstãcie utͦbiq sĩt"
                          HPOS="157"
                          VPOS="1292"
                          WIDTH="831"
                          HEIGHT="63"/>
               </TextLine>
            </TextBlock>
            <TextBlock HPOS="1039"
                       VPOS="57"
                       WIDTH="778"
                       HEIGHT="1298"
                       ID="zone-col_IRHT_P_004944_2">
               <Shape>
                  <Polygon POINTS="1039,57 1817,57 1817,1355 1039,1355"/>
               </Shape>
               <TextLine ID="zone-line_IRHT_P_004944_2-1"
                         BASELINE=""
                         HPOS="1108"
                         VPOS="154"
                         WIDTH="703"
                         HEIGHT="59">
                  <Shape>
                     <Polygon POINTS="1108,154 1811,154 1811,213 1108,213"/>
                  </Shape>
                  <String CONTENT="tõis deb̃et amitt̃et xii d̃ si"
                          HPOS="1108"
                          VPOS="154"
                          WIDTH="703"
                          HEIGHT="59"/>
               </TextLine>
               <TextLine ID="zone-line_IRHT_P_004944_2-2"
                         BASELINE=""
                         HPOS="1096"
                         VPOS="230"
                         WIDTH="713"
                         HEIGHT="54">
                  <Shape>
                     <Polygon POINTS="1096,230 1809,230 1809,284 1096,284"/>
                  </Shape>
                  <String CONTENT="·h· gͣuit̃ pcc̃at cui᷒ uolũtas"
                          HPOS="1096"
                          VPOS="230"
                          WIDTH="713"
                          HEIGHT="54"/>
               </TextLine>
               <TextLine ID="zone-line_IRHT_P_004944_2-3"
                         BASELINE=""
                         HPOS="1120"
                         VPOS="299"
                         WIDTH="691"
                         HEIGHT="55">
                  <Shape>
                     <Polygon POINTS="1120,299 1811,299 1811,354 1120,354"/>
                  </Shape>
                  <String CONTENT="tẽtõne uilioris finis ĩclinat"
                          HPOS="1120"
                          VPOS="299"
                          WIDTH="691"
                          HEIGHT="55"/>
               </TextLine>
               <TextLine ID="zone-line_IRHT_P_004944_2-4"
                         BASELINE=""
                         HPOS="1106"
                         VPOS="370"
                         WIDTH="696"
                         HEIGHT="53">
                  <Shape>
                     <Polygon POINTS="1106,370 1802,370 1802,423 1106,423"/>
                  </Shape>
                  <String CONTENT="pcc̃andũ ita  m᷒ ũtuose a"
                          HPOS="1106"
                          VPOS="370"
                          WIDTH="696"
                          HEIGHT="53"/>
               </TextLine>
               <TextLine ID="zone-line_IRHT_P_004944_2-5"
                         BASELINE=""
                         HPOS="1115"
                         VPOS="435"
                         WIDTH="695"
                         HEIGHT="52">
                  <Shape>
                     <Polygon POINTS="1115,435 1810,435 1810,487 1115,487"/>
                  </Shape>
                  <String CONTENT="qͥ ex mi᷒ bono fine ĩclinat᷑ a"
                          HPOS="1115"
                          VPOS="435"
                          WIDTH="695"
                          HEIGHT="52"/>
               </TextLine>
               <TextLine ID="zone-line_IRHT_P_004944_2-6"
                         BASELINE=""
                         HPOS="1123"
                         VPOS="502"
                         WIDTH="688"
                         HEIGHT="52">
                  <Shape>
                     <Polygon POINTS="1123,502 1811,502 1811,554 1123,554"/>
                  </Shape>
                  <String CONTENT="faciẽdũ si ·h· ut̃q taliũ eq̃"
                          HPOS="1123"
                          VPOS="502"
                          WIDTH="688"
                          HEIGHT="52"/>
               </TextLine>
               <TextLine ID="zone-line_IRHT_P_004944_2-7"
                         BASELINE=""
                         HPOS="1124"
                         VPOS="570"
                         WIDTH="692"
                         HEIGHT="54">
                  <Shape>
                     <Polygon POINTS="1124,570 1816,570 1816,624 1124,624"/>
                  </Shape>
                  <String CONTENT="lũtarie ul̃ ĩuolũtarie fera"
                          HPOS="1124"
                          VPOS="570"
                          WIDTH="692"
                          HEIGHT="54"/>
               </TextLine>
               <TextLine ID="zone-line_IRHT_P_004944_2-8"
                         BASELINE=""
                         HPOS="1120"
                         VPOS="639"
                         WIDTH="688"
                         HEIGHT="53">
                  <Shape>
                     <Polygon POINTS="1120,639 1808,639 1808,692 1120,692"/>
                  </Shape>
                  <String CONTENT="ip̃m bonũ uolitũ ꝙͣntũ ad h̃"
                          HPOS="1120"
                          VPOS="639"
                          WIDTH="688"
                          HEIGHT="53"/>
               </TextLine>
               <TextLine ID="zone-line_IRHT_P_004944_2-9"
                         BASELINE=""
                         HPOS="1115"
                         VPOS="708"
                         WIDTH="697"
                         HEIGHT="48">
                  <Shape>
                     <Polygon POINTS="1115,708 1812,708 1812,756 1115,756"/>
                  </Shape>
                  <String CONTENT="nõ ur̃d magis ul̃ m᷒ bñ fa"
                          HPOS="1115"
                          VPOS="708"
                          WIDTH="697"
                          HEIGHT="48"/>
               </TextLine>
               <TextLine ID="zone-line_IRHT_P_004944_2-10"
                         BASELINE=""
                         HPOS="1126"
                         VPOS="768"
                         WIDTH="686"
                         HEIGHT="51">
                  <Shape>
                     <Polygon POINTS="1126,768 1812,768 1812,819 1126,819"/>
                  </Shape>
                  <String CONTENT="ꝙͣ ali᷒ ẜ rõm ipi᷒ uolũtarii s"
                          HPOS="1126"
                          VPOS="768"
                          WIDTH="686"
                          HEIGHT="51"/>
               </TextLine>
               <TextLine ID="zone-line_IRHT_P_004944_2-11"
                         BASELINE=""
                         HPOS="1123"
                         VPOS="836"
                         WIDTH="686"
                         HEIGHT="56">
                  <Shape>
                     <Polygon POINTS="1123,836 1809,836 1809,892 1123,892"/>
                  </Shape>
                  <String CONTENT="ꝯtĩgit ex rõne c̃ꝯstãcie add"
                          HPOS="1123"
                          VPOS="836"
                          WIDTH="686"
                          HEIGHT="56"/>
               </TextLine>
               <TextLine ID="zone-line_IRHT_P_004944_2-12"
                         BASELINE=""
                         HPOS="1136"
                         VPOS="904"
                         WIDTH="680"
                         HEIGHT="50">
                  <Shape>
                     <Polygon POINTS="1136,904 1816,904 1816,954 1136,954"/>
                  </Shape>
                  <String CONTENT="uñ sic̃ fortitudo ẽ ũtus nob"
                          HPOS="1136"
                          VPOS="904"
                          WIDTH="680"
                          HEIGHT="50"/>
               </TextLine>
               <TextLine ID="zone-line_IRHT_P_004944_2-13"
                         BASELINE=""
                         HPOS="1123"
                         VPOS="967"
                         WIDTH="692"
                         HEIGHT="51">
                  <Shape>
                     <Polygon POINTS="1123,967 1815,967 1815,1018 1123,1018"/>
                  </Shape>
                  <String CONTENT="ꝙͣ lib̃alitas  auaricia pei᷒ u"
                          HPOS="1123"
                          VPOS="967"
                          WIDTH="692"
                          HEIGHT="51"/>
               </TextLine>
               <TextLine ID="zone-line_IRHT_P_004944_2-14"
                         BASELINE=""
                         HPOS="1129"
                         VPOS="1030"
                         WIDTH="684"
                         HEIGHT="56">
                  <Shape>
                     <Polygon POINTS="1129,1030 1813,1030 1813,1086 1129,1086"/>
                  </Shape>
                  <String CONTENT="ꝙͣ timiditas  amare ẜ rõ"
                          HPOS="1129"
                          VPOS="1030"
                          WIDTH="684"
                          HEIGHT="56"/>
               </TextLine>
               <TextLine ID="zone-line_IRHT_P_004944_2-15"
                         BASELINE=""
                         HPOS="1123"
                         VPOS="1099"
                         WIDTH="694"
                         HEIGHT="53">
                  <Shape>
                     <Polygon POINTS="1123,1099 1817,1099 1817,1152 1123,1152"/>
                  </Shape>
                  <String CONTENT="nũ corꝑis ẽ meli᷒ ꝙͣ amare"
                          HPOS="1123"
                          VPOS="1099"
                          WIDTH="694"
                          HEIGHT="53"/>
               </TextLine>
               <TextLine ID="zone-line_IRHT_P_004944_2-16"
                         BASELINE=""
                         HPOS="1127"
                         VPOS="1165"
                         WIDTH="689"
                         HEIGHT="53">
                  <Shape>
                     <Polygon POINTS="1127,1165 1816,1165 1816,1218 1127,1218"/>
                  </Shape>
                  <String CONTENT="ext̃iora ẜ rõm  sb̃di ẜ appe"
                          HPOS="1127"
                          VPOS="1165"
                          WIDTH="689"
                          HEIGHT="53"/>
               </TextLine>
               <TextLine ID="zone-line_IRHT_P_004944_2-17"
                         BASELINE=""
                         HPOS="1123"
                         VPOS="1229"
                         WIDTH="688"
                         HEIGHT="52">
                  <Shape>
                     <Polygon POINTS="1123,1229 1811,1229 1811,1281 1123,1281"/>
                  </Shape>
                  <String CONTENT="ꝑ amorẽ ĩordinatũ bonis ex"
                          HPOS="1123"
                          VPOS="1229"
                          WIDTH="688"
                          HEIGHT="52"/>
               </TextLine>
               <TextLine ID="zone-line_IRHT_P_004944_2-18"
                         BASELINE=""
                         HPOS="1123"
                         VPOS="1296"
                         WIDTH="684"
                         HEIGHT="46">
                  <Shape>
                     <Polygon POINTS="1123,1296 1807,1296 1807,1342 1123,1342"/>
                  </Shape>
                  <String CONTENT="b ẽ pei᷒ ꝙͣ sb̃di ẜ appetitũ "
                          HPOS="1123"
                          VPOS="1296"
                          WIDTH="684"
                          HEIGHT="46"/>
               </TextLine>
            </TextBlock>
         </PrintSpace>
      </Page>
   </Layout>
</alto>
