<?xml version="1.0" encoding="UTF-8"?>
<alto xmlns="http://www.loc.gov/standards/alto/ns-v4#"
      xmlns:xsi="http://www.w3.org/2001/XMLSchema-instance"
      xmlns:tei="http://www.tei-c.org/ns/1.0"
      xsi:schemaLocation="http://www.loc.gov/standards/alto/ns-v4# ../schema/alto.xsd">
   <Description>
      <MeasurementUnit>pixel</MeasurementUnit>
      <sourceImageInformation>
         <fileName>IRHT_P_007305.tif</fileName>
      </sourceImageInformation>
   </Description>
   <Layout>
      <Page ID="zone-page_IRHT_P_007305"
            PHYSICAL_IMG_NR="0"
            WIDTH="1743"
            HEIGHT="1218">
         <PrintSpace HPOS="0" VPOS="0" WIDTH="1743" HEIGHT="1218">
            <TextBlock HPOS="8"
                       VPOS="0"
                       WIDTH="1644"
                       HEIGHT="1120"
                       ID="zone-col_IRHT_P_007305_1">
               <Shape>
                  <Polygon POINTS="8,0 1652,0 1652,1120 8,1120"/>
               </Shape>
               <TextLine ID="zone-line_IRHT_P_007305_1-1"
                         BASELINE=""
                         HPOS="235"
                         VPOS="159"
                         WIDTH="1102"
                         HEIGHT="51">
                  <Shape>
                     <Polygon POINTS="235,159 1337,159 1337,210 235,210"/>
                  </Shape>
                  <String CONTENT="expliciunt uocabula ugucionis incipientia a z"
                          HPOS="235"
                          VPOS="159"
                          WIDTH="1102"
                          HEIGHT="51"/>
               </TextLine>
               <TextLine ID="zone-line_IRHT_P_007305_1-2"
                         BASELINE=""
                         HPOS="343"
                         VPOS="638"
                         WIDTH="1273"
                         HEIGHT="44">
                  <Shape>
                     <Polygon POINTS="343,638 1616,638 1616,682 343,682"/>
                  </Shape>
                  <String CONTENT="xplicit expositio uocabulorum ex sententia ugutionis ꝯ"
                          HPOS="343"
                          VPOS="638"
                          WIDTH="1273"
                          HEIGHT="44"/>
               </TextLine>
               <TextLine ID="zone-line_IRHT_P_007305_1-3"
                         BASELINE=""
                         HPOS="397"
                         VPOS="691"
                         WIDTH="1239"
                         HEIGHT="36">
                  <Shape>
                     <Polygon POINTS="397,691 1636,691 1636,727 397,727"/>
                  </Shape>
                  <String CONTENT="pilacione iacobi ꝯdam mag̃ri isaac phisici de padua com"
                          HPOS="397"
                          VPOS="691"
                          WIDTH="1239"
                          HEIGHT="36"/>
               </TextLine>
               <TextLine ID="zone-line_IRHT_P_007305_1-4"
                         BASELINE=""
                         HPOS="401"
                         VPOS="735"
                         WIDTH="1210"
                         HEIGHT="35">
                  <Shape>
                     <Polygon POINTS="401,735 1611,735 1611,770 401,770"/>
                  </Shape>
                  <String CONTENT="pleta clugie anno xp̃i mcccxxiii de ms̃ nouembris"
                          HPOS="401"
                          VPOS="735"
                          WIDTH="1210"
                          HEIGHT="35"/>
               </TextLine>
               <TextLine ID="zone-line_IRHT_P_007305_1-5"
                         BASELINE=""
                         HPOS="187"
                         VPOS="781"
                         WIDTH="1435"
                         HEIGHT="39">
                  <Shape>
                     <Polygon POINTS="187,781 1622,781 1622,820 187,820"/>
                  </Shape>
                  <String CONTENT="et scripta ꝑ me iohannem ꝯdam d̃ siluestri de luxa ueneciaru"
                          HPOS="187"
                          VPOS="781"
                          WIDTH="1435"
                          HEIGHT="39"/>
               </TextLine>
               <TextLine ID="zone-line_IRHT_P_007305_1-6"
                         BASELINE=""
                         HPOS="185"
                         VPOS="830"
                         WIDTH="1448"
                         HEIGHT="35">
                  <Shape>
                     <Polygon POINTS="185,830 1633,830 1633,865 185,865"/>
                  </Shape>
                  <String CONTENT="originariu ⁊ teruisii ciuem publicum imperiali auct̃e notarium"
                          HPOS="185"
                          VPOS="830"
                          WIDTH="1448"
                          HEIGHT="35"/>
               </TextLine>
               <TextLine ID="zone-line_IRHT_P_007305_1-7"
                         BASELINE=""
                         HPOS="182"
                         VPOS="876"
                         WIDTH="1470"
                         HEIGHT="42">
                  <Shape>
                     <Polygon POINTS="182,876 1652,876 1652,918 182,918"/>
                  </Shape>
                  <String CONTENT="⁊ tũc cancelarium magnifici ⁊ potentis dñi dñi nicolai mudatio"
                          HPOS="182"
                          VPOS="876"
                          WIDTH="1470"
                          HEIGHT="42"/>
               </TextLine>
               <TextLine ID="zone-line_IRHT_P_007305_1-8"
                         BASELINE=""
                         HPOS="180"
                         VPOS="927"
                         WIDTH="1459"
                         HEIGHT="42">
                  <Shape>
                     <Polygon POINTS="180,927 1639,927 1639,969 180,969"/>
                  </Shape>
                  <String CONTENT="pro ẜenisimo ⁊ excellentissimo ducali dñio veneciaꝝ tocius insule"
                          HPOS="180"
                          VPOS="927"
                          WIDTH="1459"
                          HEIGHT="42"/>
               </TextLine>
               <TextLine ID="zone-line_IRHT_P_007305_1-9"
                         BASELINE=""
                         HPOS="178"
                         VPOS="977"
                         WIDTH="1444"
                         HEIGHT="42">
                  <Shape>
                     <Polygon POINTS="178,977 1622,977 1622,1019 178,1019"/>
                  </Shape>
                  <String CONTENT="crete honorabilis capitañ generalis ⁊ completa in ciuitate candide"
                          HPOS="178"
                          VPOS="977"
                          WIDTH="1444"
                          HEIGHT="42"/>
               </TextLine>
               <TextLine ID="zone-line_IRHT_P_007305_1-10"
                         BASELINE=""
                         HPOS="188"
                         VPOS="1028"
                         WIDTH="1423"
                         HEIGHT="41">
                  <Shape>
                     <Polygon POINTS="188,1028 1611,1028 1611,1069 188,1069"/>
                  </Shape>
                  <String CONTENT="anno natiuitatis dñi nr̃i ih̃u xp̃i mccccxii indic̃ quĩta die"
                          HPOS="188"
                          VPOS="1028"
                          WIDTH="1423"
                          HEIGHT="41"/>
               </TextLine>
               <TextLine ID="zone-line_IRHT_P_007305_1-11"
                         BASELINE=""
                         HPOS="191"
                         VPOS="1080"
                         WIDTH="775"
                         HEIGHT="40">
                  <Shape>
                     <Polygon POINTS="191,1080 966,1080 966,1120 191,1120"/>
                  </Shape>
                  <String CONTENT="sabati xvii mensis decembris"
                          HPOS="191"
                          VPOS="1080"
                          WIDTH="775"
                          HEIGHT="40"/>
               </TextLine>
            </TextBlock>
         </PrintSpace>
      </Page>
   </Layout>
</alto>
