<?xml version="1.0" encoding="UTF-8"?>
<alto xmlns="http://www.loc.gov/standards/alto/ns-v4#"
      xmlns:xsi="http://www.w3.org/2001/XMLSchema-instance"
      xmlns:tei="http://www.tei-c.org/ns/1.0"
      xsi:schemaLocation="http://www.loc.gov/standards/alto/ns-v4# ../schema/alto.xsd">
   <Description>
      <MeasurementUnit>pixel</MeasurementUnit>
      <sourceImageInformation>
         <fileName>IRHT_P_008305.tif</fileName>
      </sourceImageInformation>
   </Description>
   <Layout>
      <Page ID="zone-page_IRHT_P_008305"
            PHYSICAL_IMG_NR="0"
            WIDTH="1733"
            HEIGHT="1260">
         <PrintSpace HPOS="0" VPOS="0" WIDTH="1733" HEIGHT="1260">
            <TextBlock HPOS="34"
                       VPOS="35"
                       WIDTH="1696"
                       HEIGHT="1219"
                       ID="zone-col_IRHT_P_008305_1">
               <Shape>
                  <Polygon POINTS="34,35 1730,35 1730,1254 34,1254"/>
               </Shape>
               <TextLine ID="zone-line_IRHT_P_008305_1-1"
                         BASELINE=""
                         HPOS="586"
                         VPOS="235"
                         WIDTH="1143"
                         HEIGHT="57">
                  <Shape>
                     <Polygon POINTS="586,235 1729,235 1729,292 586,292"/>
                  </Shape>
                  <String CONTENT="reuerende discretõnis dño magr̃o hugoni cantuariensis"
                          HPOS="586"
                          VPOS="235"
                          WIDTH="1143"
                          HEIGHT="57"/>
               </TextLine>
               <TextLine ID="zone-line_IRHT_P_008305_1-2"
                         BASELINE=""
                         HPOS="577"
                         VPOS="288"
                         WIDTH="1147"
                         HEIGHT="65">
                  <Shape>
                     <Polygon POINTS="577,288 1724,288 1724,353 577,353"/>
                  </Shape>
                  <String CONTENT="dñi ppͤ nuncio in anglia frater nicolaus treueth or"
                          HPOS="577"
                          VPOS="288"
                          WIDTH="1147"
                          HEIGHT="65"/>
               </TextLine>
               <TextLine ID="zone-line_IRHT_P_008305_1-3"
                         BASELINE=""
                         HPOS="566"
                         VPOS="345"
                         WIDTH="1158"
                         HEIGHT="62">
                  <Shape>
                     <Polygon POINTS="566,345 1724,345 1724,407 566,407"/>
                  </Shape>
                  <String CONTENT="recõmendatõne hũili reũenciã ⁊ honorem antiquitat"
                          HPOS="566"
                          VPOS="345"
                          WIDTH="1158"
                          HEIGHT="62"/>
               </TextLine>
               <TextLine ID="zone-line_IRHT_P_008305_1-4"
                         BASELINE=""
                         HPOS="553"
                         VPOS="408"
                         WIDTH="1175"
                         HEIGHT="63">
                  <Shape>
                     <Polygon POINTS="553,408 1728,408 1728,471 553,471"/>
                  </Shape>
                  <String CONTENT="aliq̃d exordium siue ꝑ creationẽ ut catholici seu ꝑ iuno"
                          HPOS="553"
                          VPOS="408"
                          WIDTH="1175"
                          HEIGHT="63"/>
               </TextLine>
               <TextLine ID="zone-line_IRHT_P_008305_1-5"
                         BASELINE=""
                         HPOS="563"
                         VPOS="467"
                         WIDTH="1164"
                         HEIGHT="66">
                  <Shape>
                     <Polygon POINTS="563,467 1727,467 1727,533 563,533"/>
                  </Shape>
                  <String CONTENT="flagrationes seu diluuia sicut platonici non eodẽ eã"
                          HPOS="563"
                          VPOS="467"
                          WIDTH="1164"
                          HEIGHT="66"/>
               </TextLine>
               <TextLine ID="zone-line_IRHT_P_008305_1-6"
                         BASELINE=""
                         HPOS="565"
                         VPOS="540"
                         WIDTH="1165"
                         HEIGHT="50">
                  <Shape>
                     <Polygon POINTS="565,540 1730,540 1730,590 565,590"/>
                  </Shape>
                  <String CONTENT="uallo inter cet̃os aut̃ maioris uetustatis assertores ĩuẽ"
                          HPOS="565"
                          VPOS="540"
                          WIDTH="1165"
                          HEIGHT="50"/>
               </TextLine>
               <TextLine ID="zone-line_IRHT_P_008305_1-7"
                         BASELINE=""
                         HPOS="528"
                         VPOS="602"
                         WIDTH="1198"
                         HEIGHT="49">
                  <Shape>
                     <Polygon POINTS="528,602 1726,602 1726,651 528,651"/>
                  </Shape>
                  <String CONTENT="sac̃dotib insignẽ int̃ septẽ sapientes solonẽ instruc"
                          HPOS="528"
                          VPOS="602"
                          WIDTH="1198"
                          HEIGHT="49"/>
               </TextLine>
               <TextLine ID="zone-line_IRHT_P_008305_1-8"
                         BASELINE=""
                         HPOS="505"
                         VPOS="659"
                         WIDTH="1224"
                         HEIGHT="54">
                  <Shape>
                     <Polygon POINTS="505,659 1729,659 1729,713 505,713"/>
                  </Shape>
                  <String CONTENT="meo saim urbem egipciacã octo milib annoꝝ tũc ste"
                          HPOS="505"
                          VPOS="659"
                          WIDTH="1224"
                          HEIGHT="54"/>
               </TextLine>
               <TextLine ID="zone-line_IRHT_P_008305_1-9"
                         BASELINE=""
                         HPOS="114"
                         VPOS="733"
                         WIDTH="1607"
                         HEIGHT="46">
                  <Shape>
                     <Polygon POINTS="114,733 1721,733 1721,779 114,779"/>
                  </Shape>
                  <String CONTENT="athenaꝝ ꝓcessit condicio mille ãnis s ml̃to antiquior hiis fingit᷑ gens eg"
                          HPOS="114"
                          VPOS="733"
                          WIDTH="1607"
                          HEIGHT="46"/>
               </TextLine>
               <TextLine ID="zone-line_IRHT_P_008305_1-10"
                         BASELINE=""
                         HPOS="113"
                         VPOS="789"
                         WIDTH="1617"
                         HEIGHT="54">
                  <Shape>
                     <Polygon POINTS="113,789 1730,789 1730,843 113,843"/>
                  </Shape>
                  <String CONTENT="cian᷒ in ꝓlogo astronomie sue qui ipo libro rari᷒ inuenit᷑ ex ꝑsona sap̃ie ꝑ"
                          HPOS="113"
                          VPOS="789"
                          WIDTH="1617"
                          HEIGHT="54"/>
               </TextLine>
               <TextLine ID="zone-line_IRHT_P_008305_1-11"
                         BASELINE=""
                         HPOS="114"
                         VPOS="851"
                         WIDTH="1616"
                         HEIGHT="54">
                  <Shape>
                     <Polygon POINTS="114,851 1730,851 1730,905 114,905"/>
                  </Shape>
                  <String CONTENT="assent uiguisse sed hũc antiquitatis positionẽ uelut fabulosis fit"
                          HPOS="114"
                          VPOS="851"
                          WIDTH="1616"
                          HEIGHT="54"/>
               </TextLine>
               <TextLine ID="zone-line_IRHT_P_008305_1-12"
                         BASELINE=""
                         HPOS="113"
                         VPOS="914"
                         WIDTH="1616"
                         HEIGHT="51">
                  <Shape>
                     <Polygon POINTS="113,914 1729,914 1729,965 113,965"/>
                  </Shape>
                  <String CONTENT="augustin᷒ de ciuitate dei libro 12mo non solũ quia ueritati sacre scͥpture disso"
                          HPOS="113"
                          VPOS="914"
                          WIDTH="1616"
                          HEIGHT="51"/>
               </TextLine>
               <TextLine ID="zone-line_IRHT_P_008305_1-13"
                         BASELINE=""
                         HPOS="118"
                         VPOS="974"
                         WIDTH="1610"
                         HEIGHT="60">
                  <Shape>
                     <Polygon POINTS="118,974 1728,974 1728,1034 118,1034"/>
                  </Shape>
                  <String CONTENT="hystoriis grecoꝝ qui int̃ mũdi sapientes ante romanos habiti s̃t clariores"
                          HPOS="118"
                          VPOS="974"
                          WIDTH="1610"
                          HEIGHT="60"/>
               </TextLine>
               <TextLine ID="zone-line_IRHT_P_008305_1-14"
                         BASELINE=""
                         HPOS="112"
                         VPOS="1035"
                         WIDTH="1618"
                         HEIGHT="56">
                  <Shape>
                     <Polygon POINTS="112,1035 1730,1035 1730,1091 112,1091"/>
                  </Shape>
                  <String CONTENT="nimẽta declarãt discrepare ꝙͣ pl̃imũ ĩuenitur quã dissonãciã declarãs sanc"
                          HPOS="112"
                          VPOS="1035"
                          WIDTH="1618"
                          HEIGHT="56"/>
               </TextLine>
               <TextLine ID="zone-line_IRHT_P_008305_1-15"
                         BASELINE=""
                         HPOS="108"
                         VPOS="1095"
                         WIDTH="1621"
                         HEIGHT="56">
                  <Shape>
                     <Polygon POINTS="108,1095 1729,1095 1729,1151 108,1151"/>
                  </Shape>
                  <String CONTENT="docet quomͦ ut liquet ex quadã epl̃a quã matri sue olimpiadi alexander n"
                          HPOS="108"
                          VPOS="1095"
                          WIDTH="1621"
                          HEIGHT="56"/>
               </TextLine>
               <TextLine ID="zone-line_IRHT_P_008305_1-16"
                         BASELINE=""
                         HPOS="110"
                         VPOS="1153"
                         WIDTH="1620"
                         HEIGHT="61">
                  <Shape>
                     <Polygon POINTS="110,1153 1730,1153 1730,1214 110,1214"/>
                  </Shape>
                  <String CONTENT="rioꝝ regno ascribũt egipcii annoꝝ 5000 ampli᷒ cui greci nõ ultra 1300 ait"
                          HPOS="110"
                          VPOS="1153"
                          WIDTH="1620"
                          HEIGHT="61"/>
               </TextLine>
               <TextLine ID="zone-line_IRHT_P_008305_1-17"
                         BASELINE=""
                         HPOS="110"
                         VPOS="1189"
                         WIDTH="1589"
                         HEIGHT="67">
                  <Shape>
                     <Polygon POINTS="110,1189 1699,1189 1699,1256 110,1256"/>
                  </Shape>
                  <String CONTENT="tuq ab eod̃ t̃mino sue sumant cõputatõnis pͥncipiũ uidel ab exordio regni"
                          HPOS="110"
                          VPOS="1189"
                          WIDTH="1589"
                          HEIGHT="67"/>
               </TextLine>
            </TextBlock>
         </PrintSpace>
      </Page>
   </Layout>
</alto>
